date,close,high,low,open,volume
2020-01-02,2853.532470703125,2853.532470703125,2821.179426280976,2847.061827063922,45886302
2020-01-03,2860.002685546875,2872.943971671328,2840.5909301340444,2860.002685546875,91189705
2020-01-06,2827.64990234375,2840.591015081356,2795.296859838955,2821.17925908802,48648450
2020-01-07,2847.061767578125,2853.532411082132,2834.120654343972,2853.532411082132,114344885
2020-01-08,2834.120849609375,2847.061963735145,2808.2384475839613,2834.120849609375,188929583
2020-01-09,2847.061767578125,2860.002880812277,2827.650010839965,2847.061767578125,79280569
2020-01-10,2853.532470703125,2866.473584207666,2840.591183424719,2866.473584207666,137292491
2020-01-13,2918.238525390625,2918.238525390625,2860.003077399373,2866.4737213481512,122488655
2020-01-14,2957.06201171875,2976.473943369347,2924.709139848831,2937.650427615896,174258629
2020-01-15,2963.5322265625,2963.5322265625,2931.1793593764064,2957.0615836157426,112825318
2020-01-16,2957.06201171875,2970.0032994858148,2918.2384959652986,2957.06201171875,147387255
2020-01-17,2995.885498046875,3002.356141866853,2976.47391413468,2989.4148542268968,133295352
2020-01-20,3015.297119140625,3034.7087010547752,2995.8851896787705,3034.7087010547752,90022804
2020-01-21,3021.76806640625,3028.2387102114094,3002.356134990773,3021.76806640625,81224962
2020-01-22,3047.649658203125,3047.649658203125,3021.7674359304165,3028.23807838551,90609115
2020-01-23,3067.06201171875,3080.002950879339,3034.7087949479915,3054.1207250104467,153849977
2020-01-24,3067.06201171875,3073.532655072902,3028.2384991415547,3060.5913683645986,105620964
2020-01-27,3008.826171875,3041.179036827046,3002.355529375057,3041.179036827046,103076840
2020-01-28,2989.41455078125,3002.355837107579,2957.0616825131315,2963.5323256762963,104935872
2020-01-29,2989.41455078125,3015.2971234339084,2976.473612002625,2989.41455078125,214362682
2020-01-30,2963.5322265625,3041.179246828202,2963.5322265625,3041.179246828202,96500596
2020-01-31,2885.885498046875,2963.532704611741,2885.885498046875,2957.0620606212,150763654
2020-02-03,2885.885498046875,2905.297256244623,2879.4150278302086,2885.885498046875,144745560
2020-02-04,2950.5908203125,3034.708480093746,2924.708597128916,3034.708480093746,123617275
2020-02-05,2950.5908203125,2963.5321056781318,2918.2379544461005,2957.061462995316,100395764
2020-02-06,2944.120361328125,2970.002933674331,2931.179422702722,2970.002933674331,104342852
2020-02-07,2944.120361328125,2963.53229058778,2937.650065789274,2963.53229058778,146349277
2020-02-10,2911.767578125,2931.1795079492053,2847.0616666992155,2911.767578125,187982906
2020-02-11,2918.238525390625,2937.650457236957,2898.8267673181654,2937.650457236957,93666727
2020-02-12,2931.17919921875,2950.5907794506934,2924.7085566255446,2924.7085566255446,143167912
2020-02-13,2957.06201171875,2970.0032994858148,2937.650427615896,2963.5326556022824,87683284
2020-02-14,2944.120361328125,2970.002933674331,2931.179422702722,2931.179422702722,139707803
2020-02-17,2892.355712890625,2937.650040330092,2892.355712890625,2898.826355921098,131738165
2020-02-18,2847.061767578125,2911.7676812966106,2847.061767578125,2892.355924558451,97565635
2020-02-19,2898.826416015625,2898.826416015625,2879.4146602956343,2885.8851296863963,110893685
2020-02-20,2950.5908203125,2963.5321056781318,2918.2379544461005,2924.708597128916,108000305
2020-02-21,2918.238525390625,2950.5913975867657,2918.238525390625,2950.5913975867657,117658802
2020-02-24,2905.296630859375,2937.6498438478257,2892.355519437832,2937.6498438478257,113200755
2020-02-25,2911.767578125,2944.120446950965,2885.885178799915,2885.885178799915,125324724
2020-02-26,2898.826416015625,2918.238171735615,2892.3557728510104,2911.767528571001,164120194
2020-02-27,2776.603759765625,2944.679040892252,2769.880697965793,2944.679040892252,227877075
2020-02-28,2816.941650390625,2816.941650390625,2628.697372374086,2682.4813228411463,211162617
2020-03-02,2675.75830078125,2823.66456300998,2675.75830078125,2816.9415018488407,206428685
2020-03-03,2756.434326171875,2810.2184546222343,2689.2042558852872,2722.8193813049425,218258509
2020-03-04,2837.110595703125,2850.556537903596,2776.6035849719124,2783.3264657957843,127937929
2020-03-05,2790.0498046875,2890.8950131562524,2776.6038611496147,2884.171951110937,146949558
2020-03-06,2695.927490234375,2722.819556186784,2689.204428608089,2716.096494560498,175334118
2020-03-09,2521.12939453125,2655.589737237901,2521.12939453125,2621.9746064230503,163934401
2020-03-10,2628.69775390625,2709.373781592616,2541.2984831756767,2541.2984831756767,182576203
2020-03-11,2628.69775390625,2709.373781592616,2608.528746984659,2655.589823319292,195275262
2020-03-12,2427.0068359375,2581.636158855338,2420.283774796884,2568.1900365741067,167137546
2020-03-13,2500.9599609375,2534.57508600871,2258.931565972405,2427.0068302230143,295725807
2020-03-16,2353.053955078125,2521.1292375837056,2326.1618882109037,2521.1292375837056,196265939
2020-03-17,2191.701904296875,2400.115212980132,2191.701904296875,2353.0541374531786,229429422
2020-03-18,2111.025634765625,2312.716055637347,2077.4106849888376,2198.4249014013208,272919333
2020-03-19,1969.8424072265625,2111.0256292465583,1969.8424072265625,2104.302747640427,151744210
2020-03-20,1889.166015625,1996.7342772882823,1835.38206534609,1969.8422118724616,658210668
2020-03-23,1761.4290771484375,1815.2132124551251,1761.4290771484375,1781.598082750259,180848183
2020-03-24,1640.414794921875,1848.8280848970276,1640.414794921875,1734.5369375269593,544651637
2020-03-26,1976.5655517578125,2016.903565286664,1680.7529710722197,1680.7529710722197,698059077
2020-03-27,2171.532470703125,2467.344809894573,2016.903149777024,2016.903149777024,529032687
2020-03-30,2023.62646484375,2117.7486092036693,2023.62646484375,2117.7486092036693,239264252
2020-03-31,2030.349365234375,2151.363567006972,1996.7342389714815,2084.1333144811856,346502244
2020-04-01,1969.8424072265625,2070.687617398773,1949.67340130267,2023.6265433921085,298923123
2020-04-02,1929.5042724609373,1949.6732770999763,1882.443201452268,1916.0581489997533,329876337
2020-04-03,1942.9501953125,1983.288384726908,1902.6121864508275,1969.8422614045269,322467159
2020-04-06,2030.349365234375,2037.072246044772,1956.396231898192,1983.288296797961,313615306
2020-04-07,2037.072509765625,2178.255733352547,1983.2885535559053,2084.1335842945987,445935822
2020-04-08,1895.8892822265625,2043.795567738658,1895.8892822265625,2016.9034994134813,322246825
2020-04-09,1875.7203369140625,1956.396544504355,1848.8282677172983,1922.7814128702107,292370749
2020-04-13,1862.2740478515625,1909.3351150958588,1815.212980607266,1875.71998968448,136106890
2020-04-14,1949.673095703125,1949.673095703125,1862.274023547954,1875.7199652053955,241711574
2020-04-15,1855.55126953125,2010.1804366697495,1835.3822634308156,1949.6734183684453,351010672
2020-04-16,1754.705810546875,1862.2740686207749,1734.5368072962,1862.2740686207749,404530667
2020-04-17,1902.6121826171875,1909.3352442648315,1788.3210373709146,1795.0439184658237,442565694
2020-04-20,1868.9969482421875,1949.673141750404,1855.5510062671808,1936.227019222672,244213568
2020-04-21,1828.658935546875,1875.720003128476,1808.489932376578,1848.827938717172,146163154
2020-04-22,1875.7203369140625,1902.612406110827,1781.598185001766,1815.2133166359104,197501041
2020-04-23,1882.443115234375,1936.227064957537,1875.720053811706,1902.612118949652,237791877
2020-04-24,1768.15185546875,1882.4431814643096,1768.15185546875,1882.4431814643096,323088010
2020-04-27,1788.3209228515625,1815.212987167307,1754.7057973187011,1801.766864733073,200872709
2020-04-28,1741.260009765625,1808.490086237247,1727.813886139657,1801.767024424263,295130807
2020-04-29,1734.5367431640625,1761.42880668824,1721.0906211256145,1747.982684649792,230054013
2020-04-30,1835.3822021484373,1842.105083588942,1754.7059998876812,1761.4290618809302,475289499
2020-05-04,1768.15185546875,1801.7669832120444,1747.9828510438674,1795.0439215528384,220673601
2020-05-05,1768.15185546875,1801.7669832120444,1754.7059127030734,1768.15185546875,203241160
2020-05-06,1761.4290771484375,1781.598082750259,1747.9829530453924,1768.151958647214,190361478
2020-05-08,1741.260009765625,1788.3210813510343,1734.536947952641,1774.8749577250662,226345299
2020-05-11,1761.4290771484375,1774.8750206987363,1747.9829530453924,1768.151958647214,170062057
2020-05-12,1674.0294189453125,1768.1515433484897,1660.58347855316,1761.4286634287653,405546974
2020-05-13,1660.583740234375,1694.1988673410133,1640.414736191485,1653.860678702501,372457853
2020-05-14,1579.90771484375,1667.306982577962,1566.461770874584,1640.4149140868776,517300545
2020-05-15,1505.9544677734375,1613.522637594657,1485.7853738669585,1600.0765148060948,654135428
2020-05-18,1458.8934326171875,1526.1235967218772,1452.1703710685354,1512.677473624573,501017513
2020-05-19,1593.3536376953125,1626.9685836399692,1512.6774424332248,1512.6774424332248,584451204
2020-05-20,1667.306884765625,1680.7528279459868,1559.7386171117662,1586.630684025231,433842983
2020-05-26,1694.19873046875,1714.3677328822107,1660.583606077837,1714.3677328822107,444514707
2020-05-27,1768.15185546875,1768.15185546875,1694.198899428426,1707.6448421941025,476102523
2020-05-28,1835.3822021484373,1868.9971510091943,1774.875005314684,1774.875005314684,498739044
2020-05-29,1983.28857421875,1983.2885742187495,1815.213280499504,1815.213280499504,959884609
2020-06-02,2137.91748046875,2211.8706150567205,1983.2883303686167,1983.2883303686167,514215761
2020-06-03,2084.13330078125,2205.1475017583666,2023.6262905690548,2151.3635528651016,481917223
2020-06-04,2057.241455078125,2151.363781905507,2037.0724495268091,2097.5796467335017,275162272
2020-06-05,2090.856201171875,2104.3023227748195,1990.0110113606415,2063.9641385186987,294137820
2020-06-08,2218.593505859375,2265.654571472018,2131.1942550410977,2137.917316000823,422772612
2020-06-09,2158.08642578125,2258.931622987476,2158.08642578125,2252.208561693001,279951975
2020-06-10,2037.072509765625,2137.917721057069,2016.903503617886,2137.917721057069,487562851
2020-06-11,1996.734130859375,2104.3023846342253,1949.6730649710576,2104.3023846342253,409589324
2020-06-12,2037.072509765625,2043.7955719991212,1882.4433422644609,1949.6734229411736,519350210
2020-06-15,1949.673095703125,2050.5182900684576,1942.950034598044,2043.7952289633768,253847754
2020-06-16,2104.302490234375,2117.7484323546296,1990.0111697249397,1996.73423106143,372556634
2020-06-17,2084.13330078125,2151.3635528651016,2070.687358696116,2151.3635528651016,240003025
2020-06-18,2050.518310546875,2097.5793776469973,2043.7952493746511,2050.518310546875,144039347
2020-06-19,2084.13330078125,2090.8563621001804,2057.2412360582543,2070.687358696116,183669732
2020-06-22,2057.241455078125,2090.856584698815,2037.0724495268091,2084.133522664128,104916512
2020-06-23,2023.62646484375,2057.2414132278686,2003.4574597027304,2030.3495267416704,188566907
2020-06-24,2097.57958984375,2111.025532995703,2023.6264511261577,2050.518517982804,339338591
2020-06-25,2057.241455078125,2090.856584698815,2043.7955115614964,2084.133522664128,174033235
2020-06-26,2037.072509765625,2097.579708761592,2030.3496280848792,2084.1335842945987,162039618
2020-06-29,2043.7952880859373,2057.2412301323407,2003.4572813940013,2043.7952880859373,130693147
2020-06-30,2037.072509765625,2090.856646528096,2037.072509765625,2063.9645781468603,147418716
2020-07-01,2057.241455078125,2063.964517112812,2037.0724495268091,2043.7955115614964,111421694
2020-07-02,2057.241455078125,2077.4106411821863,2043.7955115614964,2077.4106411821863,186436280
2020-07-03,2050.518310546875,2077.4103746830483,2043.7952493746511,2057.2411911663767,54421019
2020-07-06,2043.7952880859373,2084.1332947778733,2037.0722267863728,2063.964291431905,148148028
2020-07-07,2037.072509765625,2070.6876403803567,2037.072509765625,2063.9645781468603,228112810
2020-07-08,2144.640869140625,2151.363931643246,2037.0725913097212,2043.7956538123424,373640813
2020-07-09,2111.025634765625,2171.5328332482413,2111.025634765625,2144.640765095162,211404181
2020-07-10,2090.856201171875,2117.748263825052,2084.133140370403,2104.3023227748195,117829855
2020-07-13,2124.471435546875,2137.9173772991303,2050.5183045276663,2104.3024326421314,105451891
2020-07-14,2131.1943359375,2184.978464551419,2104.302452183264,2124.4714552753026,232365483
2020-07-15,2104.302490234375,2178.255442724866,2104.302490234375,2151.363558484357,182296468
2020-07-16,2111.025634765625,2124.4717591185395,2104.302753141917,2104.302753141917,128809144
2020-07-17,2084.13330078125,2117.748426823176,2084.13330078125,2111.025365504245,131548742
2020-07-20,2050.518310546875,2104.302438819221,2037.0721882024272,2084.133255302549,150206164
2020-07-21,2117.74853515625,2137.917539592057,2050.518460185981,2050.518460185981,224576578
2020-07-22,2084.13330078125,2131.1943689083105,2077.410420015046,2124.4714881421064,190916547
2020-07-23,2111.025634765625,2124.4717591185395,2084.1335666125456,2097.57969096546,162646279
2020-07-24,2077.410400390625,2111.0253455622783,2077.410400390625,2104.3024648595824,104287961
2020-07-27,2117.74853515625,2117.74853515625,2077.410526284636,2077.410526284636,103970385
2020-07-28,2111.025634765625,2131.1946407422474,2084.1335666125456,2124.4717591185395,113763744
2020-07-29,2097.57958984375,2117.74859484805,2084.1334661390565,2111.025532995703,73895646
2020-07-30,2124.471435546875,2131.194316146642,2090.856310337154,2104.3024326421314,86328061
2020-08-03,2010.1802978515625,2137.917568403423,1996.7343548974009,2131.194506649973,373214336
2020-08-04,2070.68701171875,2070.68701171875,2016.9028912851647,2016.9028912851647,171919769
2020-08-05,2070.68701171875,2090.8560117431703,2043.7949515019577,2084.132951550798,177648668
2020-08-06,2090.856201171875,2104.3023227748195,2077.410260121643,2084.133140370403,126064817
2020-08-07,2090.856201171875,2104.3023227748195,2057.2410777172267,2090.856201171875,98910738
2020-08-10,2104.302490234375,2117.7484323546296,2084.1333062249028,2090.8563675613937,100613457
2020-08-11,2144.640869140625,2164.8098760957296,2104.302855230415,2104.302855230415,189708286
2020-08-12,2252.20849609375,2265.65461829106,2144.64042127887,2144.64042127887,505369848
2020-08-13,2238.7626953125,2319.4388919143607,2218.593691300218,2252.208637803111,235648930
2020-08-14,2245.48583984375,2252.2087210612167,2205.147649775259,2238.762778073545,109069303
2020-08-18,2366.499755859375,2373.222636244232,2245.4855617466487,2245.4855617466487,288206078
2020-08-19,2393.391845703125,2447.175976754432,2366.4999607302034,2366.4999607302034,239290433
2020-08-24,2447.17626953125,2453.8993318551843,2366.5002438550514,2373.223125626233,214473234
2020-08-25,2554.744140625,2554.744140625,2447.1758826584746,2467.344885889017,197233406
2020-08-26,2514.406005859375,2568.190135960247,2487.514121361668,2554.744193711393,178162157
2020-08-27,2487.514404296875,2541.29835996252,2460.622336187678,2514.4062918533227,206786961
2020-08-28,2480.791259765625,2514.406208371496,2453.8991925492824,2494.2372030974248,85678499
2020-08-31,2359.77685546875,2514.40600368407,2353.0537940737754,2487.514119209628,292651694
2020-09-01,2427.0068359375,2440.452958218732,2339.607763320378,2386.668830199247,216658972
2020-09-02,2460.6220703125,2460.6220703125,2413.561001344636,2433.7300051090447,117619091
2020-09-03,2406.837890625,2480.7910232821114,2386.6688872735563,2460.622019930668,197577052
2020-09-04,2386.6689453125,2427.006952996326,2339.6078761637928,2427.006952996326,148013826
2020-09-07,2359.77685546875,2400.1148627331418,2353.0537940737754,2386.6689204959207,104297421
2020-09-08,2366.499755859375,2400.114699441806,2359.7766949218026,2359.7766949218026,89521636
2020-09-09,2292.546875,2346.330826655808,2272.37787055998,2339.607945544292,196282440
2020-09-10,2137.91748046875,2218.593676533644,2137.91748046875,2218.593676533644,305637969
2020-09-11,2184.978759765625,2225.316771399804,2023.626532676164,2030.349594799443,641858446
2020-09-14,2312.7158203125,2319.4388818048683,2218.5936816302687,2218.5936816302687,303482811
2020-09-15,2238.7626953125,2326.1617728833003,2225.3165722691574,2312.715830392689,215087925
2020-09-16,2191.701904296875,2279.100992974716,2178.255779544743,2265.655048775338,152384862
2020-09-17,2151.36376953125,2225.316729276461,2131.1945835431984,2198.424842397881,184375724
2020-09-18,2164.8095703125,2198.4246975246497,2144.640566206303,2151.36362775928,223172404
2020-09-21,2144.640869140625,2184.9788830508346,2117.748799682899,2151.363931643246,125587849
2020-09-22,2104.302490234375,2144.640497147866,2084.1333062249028,2090.8563675613937,148046607
2020-09-23,2070.68701171875,2137.917071984383,2050.5180116943297,2131.1940117920108,132670981
2020-09-24,2037.072509765625,2070.6876403803567,2023.6265658513828,2037.072509765625,180569548
2020-09-25,2124.471435546875,2137.9173772991303,2043.7952433751773,2057.241185127433,186363128
2020-09-28,2077.410400390625,2171.532535755614,2070.6873391352046,2137.917410031236,149014953
2020-09-29,2043.7952880859373,2124.471482022535,2030.349346039534,2097.5794173770023,200970281
2020-09-30,2043.7952880859373,2070.6873527314697,2016.9032234404049,2057.2412301323407,184622458
2020-10-01,2124.471435546875,2131.194316146642,2057.241185127433,2077.4103685848986,143036570
2020-10-02,2084.13330078125,2158.0864336313057,2057.2412360582543,2137.917430227241,172772944
2020-10-05,2124.471435546875,2131.194316146642,2090.856310337154,2124.471435546875,101996951
2020-10-06,2144.640869140625,2178.2558205482137,2137.917806638004,2164.8098760957296,132900775
2020-10-07,2097.57958984375,2131.1945380000025,2070.687522987104,2124.4716567003966,317619596
2020-10-08,2117.74853515625,2131.1944779292094,2090.8564690575954,2117.74853515625,136318754
2020-10-09,2117.74853515625,2131.1944779292094,2097.579530720443,2117.74853515625,89241681
2020-10-12,2144.640869140625,2158.0868135931087,2117.748799682899,2124.47186218552,172174643
2020-10-13,2205.147705078125,2218.59382895575,2117.748622084536,2144.6406892870423,224885904
2020-10-14,2258.931640625,2272.377763318937,2211.870572301676,2218.5936336486443,213271353
2020-10-15,2225.31689453125,2272.378151445453,2225.31689453125,2258.932026454893,201627762
2020-10-16,2184.978759765625,2258.9319014634507,2158.086691825257,2245.4859577696407,154490628
2020-10-19,2205.147705078125,2211.8707670169374,2171.532756489549,2191.7017617532438,105821057
2020-10-20,2184.978759765625,2211.870827705993,2158.086691825257,2205.1477655827143,147444676
2020-10-21,2178.25537109375,2225.316437796146,2171.532490531066,2205.147435002651,128682202
2020-10-22,2218.593505859375,2218.593505859375,2151.3634379202736,2164.809379287007,176153302
2020-10-23,2211.87060546875,2252.208613049975,2198.424663125918,2252.208613049975,128973377
2020-10-26,2245.48583984375,2258.931782831421,2211.870711545464,2218.5937733156693,111346673
2020-10-27,2258.931640625,2285.823705460146,2238.7626371368224,2245.4856984837907,201640192
2020-11-02,2272.3779296875,2279.100810973946,2218.593796079487,2258.9318060091264,172465378
2020-11-03,2272.3779296875,2285.8238728131328,2258.9318060091264,2279.100810973946,133604017
2020-11-04,2211.87060546875,2299.269682078981,2211.87060546875,2299.269682078981,152055736
2020-11-05,2346.330810546875,2346.330810546875,2258.931731722589,2265.654793340683,258276321
2020-11-06,2393.391845703125,2420.283911228779,2332.8848336849533,2359.776899210606,295649686
2020-11-09,2480.791259765625,2480.791259765625,2406.8381200588683,2474.0681978233533,283205831
2020-11-10,2689.204345703125,2695.927407122147,2534.575196934724,2554.7442006390606,622129055
2020-11-11,2769.88037109375,2816.9414370334457,2655.5892367477345,2669.0351782079115,392814584
2020-11-12,2655.589599609375,2756.434625722032,2635.420413834101,2756.434625722032,366633582
2020-11-13,2689.204345703125,2742.9884759498427,2662.312280579766,2669.035341998788,261115910
2020-11-16,2662.3125,2736.265640046062,2642.143494633391,2722.8196966525707,212327977
2020-11-17,2662.3125,2702.650691285962,2642.143494633391,2689.2045673397265,198939646
2020-11-18,2716.096435546875,2722.8194970270865,2669.035366290856,2675.758427771067,200926500
2020-11-19,2716.096435546875,2776.603627763317,2675.758427771067,2695.927431658971,219674674
2020-11-20,2702.650634765625,2742.988644655257,2682.481449268069,2716.0965778779223,137266310
2020-11-23,2742.988525390625,2756.434467918295,2695.927455714681,2695.927455714681,135864336
2020-11-24,2823.664794921875,2843.833799509081,2742.9885960203114,2769.880662320833,226784757
2020-11-25,2904.3408203125,2951.401891314331,2857.279749310669,2904.3408203125,311676963
2020-11-26,2884.171875,2904.340880050958,2837.110803030185,2837.110803030185,150181303
2020-11-27,2870.725830078125,2937.955904716257,2870.725830078125,2911.0638387504573,126437063
2020-11-30,2749.711669921875,2877.4487597246307,2682.481413596202,2857.279755048024,493687757
2020-12-01,2850.556884765625,2864.0030091549784,2736.265730219873,2776.6039228351824,251258199
2020-12-02,2890.894775390625,2917.786840807367,2857.279648481515,2904.3407178226307,149985830
2020-12-03,2958.125,2958.125,2890.894923294879,2924.509871371069,218887830
2020-12-04,2890.894775390625,2958.1248486561144,2870.7257714662514,2958.1248486561144,165420527
2020-12-07,2958.125,2971.5709431199284,2924.509871371069,2924.509871371069,154937236
2020-12-08,2958.125,2958.125,2917.7869900874757,2958.125,89400744
2020-12-10,2911.063720703125,2991.739915329002,2911.063720703125,2991.739915329002,212997338
2020-12-11,2877.44873046875,2958.1249289076563,2864.002787671967,2958.1249289076563,191894904
2020-12-14,2877.44873046875,2897.6179154930287,2870.7258493467266,2890.894853818269,140126140
2020-12-15,2877.44873046875,2884.1717921435097,2850.556664322448,2877.44873046875,147085740
2020-12-16,2904.3408203125,2924.509824948608,2890.8948774060077,2917.7869437717304,143051750
2020-12-17,2911.063720703125,2931.2327242214124,2897.6177785418427,2931.2327242214124,155902502
2020-12-18,2877.44873046875,2890.894853818269,2870.7258493467266,2870.7258493467266,228155710
2020-12-21,2830.3876953125,2917.786956521181,2830.3876953125,2911.0638947621887,240869950
2020-12-22,2776.603759765625,2877.448783999409,2769.880697965793,2850.5567173528207,188635658
2020-12-23,2796.772705078125,2810.218647838829,2655.589493603422,2790.049643421405,187175822
2020-12-28,2857.27978515625,2864.0028469702083,2796.7727704888443,2857.27978515625,94730336
2020-12-29,2810.218505859375,2877.448577371731,2803.4954445423214,2857.279573973297,82725388
2020-12-30,2803.495361328125,2830.3874252453943,2776.603477963577,2816.94148356312,99024700
2021-01-04,2897.61767578125,2904.3405563471083,2790.049420094861,2790.049420094861,106226854
2021-01-05,2870.725830078125,2890.8948344142914,2850.556645189224,2890.8948344142914,106964857
2021-01-06,2823.664794921875,2890.894870396809,2796.772728621354,2877.4487469701803,128299616
2021-01-07,2877.44873046875,2884.1717921435097,2830.387659850905,2864.002787671967,141798389
2021-01-08,2951.402099609375,2951.402099609375,2890.895081430772,2911.064087490306,205011531
2021-01-11,3126.199951171875,3132.923012296661,2964.847748046052,2971.570628618117,422093240
2021-01-12,3173.261474609375,3206.8764239654483,3139.646525253301,3146.369587345615,260390447
2021-01-13,3220.322509765625,3253.9374587210277,3193.430622822402,3206.876385741268,231181533
2021-01-14,3206.876220703125,3247.214229594757,3173.261273477677,3240.491529034045,146980798
2021-01-15,3079.13916015625,3206.8762496503628,3058.9699749756387,3206.8762496503628,225189839
2021-01-18,3106.031005859375,3126.200190779602,3052.24723494971,3079.1391204045426,182568723
2021-01-19,3106.031005859375,3159.81513787451,3099.3083053247697,3159.81513787451,152430182
2021-01-20,3287.552490234375,3307.7213134565573,3126.200098929619,3139.646221814713,277723446
2021-01-21,3220.322509765625,3327.8907797495,3206.876385741268,3307.7215937129645,177275431
2021-01-22,3173.261474609375,3267.383621690776,3146.369587345615,3267.383621690776,183332136
2021-01-25,3213.599365234375,3220.3224270739183,3099.3083972785853,3220.3224270739183,165278734
2021-01-26,3126.199951171875,3220.3220847079983,3106.030767797516,3213.5990235832123,163850580
2021-01-27,3106.031005859375,3173.261261154661,3025.354988389408,3126.200190779602,198692361
2021-01-28,3005.185791015625,3126.199990001245,2971.5706655268937,3079.138922648656,176270344
2021-01-29,2810.218505859375,3099.308156412685,2810.218505859375,3072.4159111444715,308226863
2021-02-01,2958.125,2985.017066792597,2662.312445834178,2810.218722917089,355113743
2021-02-02,2931.23291015625,3018.6319911303294,2864.002833979825,3018.6319911303294,167527833
2021-02-03,2944.67919921875,3011.9092791736107,2931.233074896128,3011.9092791736107,124241205
2021-02-04,3018.6318359375,3079.1390277724254,2937.9558208945714,2991.739951291677,162519997
2021-02-05,3005.185791015625,3052.2470389209384,2971.5706655268937,3052.2470389209384,99005120
2021-02-08,2998.463134765625,3045.524389026809,2991.7402532020965,3045.524389026809,120218986
2021-02-09,3106.031005859375,3206.876208249569,3025.354988389408,3025.354988389408,464366860
2021-02-10,3126.199951171875,3166.53795681515,3092.585006653386,3112.7538289223025,202155881
2021-02-11,3146.369384765625,3166.5382086384952,3112.754076468389,3159.815146979048,99681961
2021-02-15,3166.537841796875,3213.598906855536,3159.8147809162906,3166.537841796875,93158189
2021-02-16,3139.646484375,3186.707557302964,3132.923422370221,3186.707557302964,71623667
2021-02-17,3112.75439453125,3179.9846568898733,3106.031332184837,3166.538532197047,101529553
2021-02-18,3139.646484375,3206.876382211812,3126.200360365442,3159.815309283848,152089286
2021-02-19,3220.322509765625,3220.322509765625,3092.585414850705,3092.585414850705,109884637
2021-02-22,3220.322509765625,3274.106644757562,3200.15332372909,3260.660520733205,157619632
2021-02-23,3220.322509765625,3247.2143967088487,3186.707560810223,3233.768633789982,107810772
2021-02-24,3179.984619140625,3240.4918184345606,3166.5384946074164,3220.322631634748,105582023
2021-02-25,3179.984619140625,3206.8765071015387,3139.6466066465023,3206.8765071015387,131635423
2021-02-26,3166.537841796875,3193.430085319212,3159.8147809162906,3179.983963558044,161796404
2021-03-01,3247.21435546875,3247.214355468749,3173.2613964849807,3227.0455307938514,127020403
2021-03-02,3227.044921875,3280.8290460352155,3227.044921875,3274.105985377012,75195758
2021-03-03,3260.660888671875,3260.660888671875,3186.7079204039105,3227.0459359233027,85026738
2021-03-04,3200.15380859375,3260.661014765489,3179.9849806068664,3260.661014765489,117897176
2021-03-05,3206.876220703125,3206.876220703125,3159.8151501453094,3186.707396810045,71188389
2021-03-08,3179.984619140625,3240.4918184345606,3179.984619140625,3227.045693901352,69917647
2021-03-09,3079.13916015625,3193.430487302097,3065.6930367025093,3193.430487302097,165527119
2021-03-10,3112.75439453125,3132.9235815704897,3085.862506251105,3126.2005192240763,77405916
2021-03-12,3079.13916015625,3153.0921169408743,3052.247274354243,3153.0921169408743,152360111
2021-03-15,3072.416259765625,3112.75427113957,3065.6931976857186,3079.1393218455314,95483079
2021-03-16,3173.261474609375,3206.8764239654483,3099.308513804914,3132.923463160988,151028868
2021-03-17,3139.646484375,3159.815309283848,3092.585411447036,3146.3695463797794,116245827
2021-03-18,3200.15380859375,3206.876871624559,3153.0927284836293,3166.538854545248,95635541
2021-03-19,3139.646484375,3193.430619307743,3139.6464843750005,3193.430619307743,166398004
2021-03-22,3112.75439453125,3159.815469850634,3106.031332184837,3159.815469850634,67100278
2021-03-23,3139.646484375,3173.261433293406,3126.200360365442,3173.261433293406,115036356
2021-03-24,3139.646484375,3179.984495298185,3126.200360365442,3179.984495298185,120514341
2021-03-25,3106.031005859375,3159.81513787451,3079.1391204045426,3159.81513787451,95145043
2021-03-26,3173.261474609375,3173.261474609375,3106.0312147917334,3112.754276884047,106978057
2021-03-29,3173.261474609375,3213.599486057762,3173.261474609375,3213.599486057762,106807554
2021-03-30,3025.35498046875,3159.8151296018227,3011.9090377765365,3159.8151296018227,214898061
2021-03-31,2958.125,3011.909133585193,2864.002856502282,2991.740128628931,323139711
2021-04-01,2884.171875,2937.9560088377148,2830.387741162285,2924.509885101916,340183845
2021-04-05,2823.664794921875,2911.063874984016,2796.772728621354,2904.3408132707013,345533898
2021-04-06,2891.762939453125,2912.41835864305,2857.33711753184,2871.1073353560846,167319270
2021-04-07,2891.762939453125,2919.303375101614,2864.22231889752,2912.41835864305,116953800
2021-04-08,2995.039794921875,3001.924995734721,2912.418124796122,2926.1883415147136,158572578
2021-04-09,2995.039794921875,3029.465614079006,2995.039794921875,3015.695397360414,125277643
2021-04-12,2898.64794921875,3022.580648979256,2891.7629327760837,3022.580648979256,115119078
2021-04-13,2864.22216796875,2933.073623276111,2836.681548864384,2898.647803168877,120186645
2021-04-14,2995.039794921875,2995.039794921875,2905.5329239832754,2946.843759046152,113531640
2021-04-15,3036.350830078125,3036.350830078125,2946.843773784756,3022.58042838356,86272180
2021-04-16,2988.15478515625,3070.776455451776,2967.4993675823684,3063.891439531883,74495706
2021-04-19,3015.695556640625,3015.695556640625,2967.4995182193284,3001.9251542876195,62185614
2021-04-20,2967.499267578125,2981.2694838609577,2905.532832037638,2953.7288663881964,98216076
2021-04-21,2912.418212890625,2953.729049203067,2912.418212890625,2919.303229004628,51954007
2021-04-22,2891.762939453125,2933.0737778329744,2891.762939453125,2912.41835864305,118813822
2021-04-23,2926.188232421875,2946.843649183247,2884.87739889913,2891.762599455286,120513461
2021-04-26,2850.45166015625,2926.188313655188,2843.5666443160558,2919.3031129078936,157367288
2021-04-27,2871.107177734375,2891.762780697438,2857.3369606661054,2891.762780697438,146082083
2021-04-28,2843.566650390625,2905.532902527349,2843.566650390625,2871.107083624436,126586116
2021-04-29,2864.22216796875,2891.762787073116,2850.451765963014,2884.877586070248,124711354
2021-04-30,2788.485595703125,2864.222254296048,2788.485595703125,2857.3370530856605,257497837
2021-05-03,2760.94482421875,2802.255659399272,2754.059623386296,2795.3706434739192,124235705
2021-05-04,2795.37060546875,2802.2556213004955,2760.9447866816254,2767.8299874204704,84287635
2021-05-05,2816.02587890625,2843.566495547468,2809.140678519173,2829.7960947733145,117321536
2021-05-06,2829.796142578125,2843.566543584908,2802.255525471653,2843.566543584908,86226199
2021-05-07,2788.485595703125,2850.4518518752734,2781.6003944927384,2850.4518518752734,83358229
2021-05-10,2788.485595703125,2816.0262156375616,2788.485595703125,2788.485595703125,81377755
2021-05-11,2747.17431640625,2781.600134331246,2740.289300746926,2774.714933764828,167031505
2021-05-17,2685.2080078125,2754.0594572626483,2685.2080078125,2726.518840501171,214824800
2021-05-18,2685.2080078125,2726.518840501171,2678.3228073953583,2726.518840501171,127276708
2021-05-19,2664.552734375,2712.74877006569,2650.7823328021736,2650.7823328021736,135307947
2021-05-20,2671.438232421875,2705.8638703704028,2630.1272080136723,2643.89761111878,164832677
2021-05-21,2678.3232421875,2719.634266489587,2657.6678224900165,2698.978661884983,121124632
2021-05-24,2781.60009765625,2795.3704986075254,2692.0932311013275,2733.40406414097,147190132
2021-05-25,2795.37060546875,2850.45165665821,2781.6002039910604,2802.2556213004955,168676803
2021-05-27,2719.634033203125,2884.87756151575,2719.634033203125,2850.4517417015304,622692705
2021-05-28,2802.255615234375,2871.10706775248,2767.829981428872,2781.600197969653,274099434
2021-05-31,2933.07373046875,2946.8439480706284,2829.7964512797653,2843.566853788757,326538660
2021-06-02,2933.07373046875,3015.69559080136,2912.4183116123754,2995.039987037873,312257333
2021-06-03,3001.925048828125,3001.925048828125,2905.532975371845,2939.958795137847,173444725
2021-06-04,2988.15478515625,3022.5804194770185,2953.72896592838,3015.6954035571257,138144236
2021-06-07,2926.188232421875,2995.0396832621477,2898.647615104347,2988.154667613086,152755788
2021-06-08,2891.762939453125,2946.843995657219,2884.877738087445,2946.843995657219,108888570
2021-06-09,2905.53271484375,2939.958531522919,2822.910865757996,2822.910865757996,107433795
2021-06-10,2960.6142578125,2974.3844749829063,2933.0736385645805,2946.843855734987,106984877
2021-06-11,2946.84375,2995.039785727772,2946.84375,2995.039785727772,57809408
2021-06-14,2995.039794921875,2995.039794921875,2946.843759046152,2981.269578203284,133363443
2021-06-15,2912.418212890625,2995.039885515509,2898.6478108484066,2995.039885515509,200713646
2021-06-16,2760.94482421875,2871.107113002509,2760.94482421875,2857.336896244702,481002668
2021-06-17,2774.71484375,2802.25546021513,2705.86339504072,2740.289211848904,336253477
2021-06-18,2692.09375,2795.371037412803,2692.09375,2795.371037412803,325605954
2021-06-21,2712.7490234375,2733.4044428188627,2657.6677818157877,2671.438184674774,159544775
2021-06-22,2781.60009765625,2802.2555141760718,2698.978246669873,2712.748647621149,132832794
2021-06-23,2712.7490234375,2802.255902392445,2712.7490234375,2788.485684440576,178751767
2021-06-24,2747.17431640625,2760.944717539086,2726.51889961409,2754.059516972668,55421157
2021-06-25,2747.17431640625,2781.600134331246,2747.17431640625,2774.714933764828,83150216
2021-06-28,2705.86376953125,2747.174607492805,2705.86376953125,2740.289591103955,155357663
2021-06-29,2685.2080078125,2692.093208229642,2657.6673910510226,2657.6673910510226,133952393
2021-06-30,2712.7490234375,2733.4044428188627,2678.32320119715,2685.2084026266434,124133954
2021-07-01,2712.7490234375,2733.4044428188627,2692.093604056137,2712.7490234375,105240907
2021-07-02,2747.17431640625,2774.714933764828,2733.404100180508,2754.059516972668,93832940
2021-07-05,2685.2080078125,2726.518840501171,2671.4377918853065,2705.863424156836,93466744
2021-07-06,2678.3232421875,2719.634266489587,2678.3232421875,2719.634266489587,60849751
2021-07-07,2630.127197265625,2712.7490608372746,2623.241995741208,2698.9786577884392,163599005
2021-07-08,2664.552734375,2685.2081518271384,2630.1269153500352,2678.322951040725,162349164
2021-07-09,2616.356689453125,2664.552724973767,2602.5862879288843,2657.667524211647,140611578
2021-07-12,2588.81640625,2630.1272463532737,2581.93120459708,2616.357027954557,131702194
2021-07-13,2602.58642578125,2616.3568280348736,2588.816208434736,2616.3568280348736,175683484
2021-07-14,2554.39013671875,2616.356570957145,2547.505121175555,2602.586170056572,115704508
2021-07-15,2623.24169921875,2643.897301457162,2568.160647970948,2581.930864556124,139855425
2021-07-16,2643.8974609375,2657.6676783532976,2623.2418574531384,2650.782477191844,108336691
2021-07-19,2602.58642578125,2650.7824638547136,2602.58642578125,2650.7824638547136,69326497
2021-07-21,2630.127197265625,2671.4382215050096,2623.241995741208,2650.7826169317573,111008747
2021-07-22,2685.2080078125,2692.093208229642,2643.897175123829,2664.552591468165,93842180
2021-07-23,2664.552734375,2719.633970852103,2637.012116136448,2712.74877006569,95960267
2021-07-26,2637.01220703125,2685.208244383203,2630.127006007512,2685.208244383203,90198037
2021-07-27,2616.356689453125,2657.667524211647,2595.701272073864,2657.667524211647,99741692
2021-07-28,2568.1611328125,2623.242194459021,2561.2759307665096,2616.357177320165,77777283
2021-07-29,2595.700927734375,2643.896956861447,2581.9305280368826,2588.815727885629,102817895
2021-07-30,2554.39013671875,2637.011987400913,2554.39013671875,2637.011987400913,113633172
2021-08-02,2575.04541015625,2595.7010103599914,2547.504979698757,2595.7010103599914,105807637
2021-08-03,2581.930908203125,2602.586325883614,2561.2754905226366,2575.0457073405946,87862477
2021-08-04,2650.782470703125,2650.782470703125,2595.701416267655,2609.471633649745,91847406
2021-08-05,2788.485595703125,2816.0262156375616,2685.2083171757668,2685.2083171757668,294149590
2021-08-06,2705.86376953125,2795.370831657438,2685.2083505504725,2788.4856303614743,152456913
2021-08-09,2650.782470703125,2719.634112334905,2630.127052176435,2712.748911190305,102404178
2021-08-10,2630.127197265625,2678.323238122307,2623.241995741208,2678.323238122307,94349949
2021-08-12,2623.24169921875,2650.7823172962003,2616.356683379712,2650.7823172962003,94464021
2021-08-13,2664.552734375,2671.437935161413,2630.1269153500352,2630.1269153500352,104829940
2021-08-16,2705.86376953125,2705.86376953125,2643.8975125889174,2664.552931569695,70083530
2021-08-18,2802.255615234375,2816.026016682255,2705.8635447276083,2747.1743792570514,247351372
2021-08-19,2671.438232421875,2767.8303145291466,2657.667829316767,2754.0599114240385,218214729
2021-08-20,2705.86376953125,2712.7489708272137,2637.0123112929537,2671.438132865658,88330535
2021-08-23,2726.51904296875,2747.1744608469285,2705.8636250905715,2740.2894448256047,68133856
2021-08-24,2678.3232421875,2726.5192831173345,2637.012402792533,2719.634266489587,150882016
2021-08-25,2678.3232421875,2685.2084437223675,2650.782620955149,2650.782620955149,86571495
2021-08-26,2664.552734375,2685.2081518271384,2643.897316922861,2678.322951040725,69144334
2021-08-27,2643.8974609375,2678.323096930549,2637.012259776046,2678.323096930549,79498923
2021-08-30,2712.7490234375,2712.7490234375,2643.8975638639176,2650.782580386294,128539860
2021-08-31,2705.86376953125,2719.634172123177,2664.552931569695,2712.7489708272137,134879489
2021-09-01,2678.3232421875,2705.863863419851,2671.4382255597525,2705.863863419851,97691477
2021-09-02,2664.552734375,2678.322951040725,2643.897316922861,2657.667533588587,81242343
2021-09-03,2705.86376953125,2705.86376953125,2623.2419087010257,2650.782528977767,165056860
2021-09-06,2650.782470703125,2740.2895308615957,2650.782470703125,2719.634112334905,188929693
2021-09-07,2692.09375,2698.9787668956264,2664.5531276961106,2678.323346394492,140380354
2021-09-08,2825.02587890625,2938.63281773626,2817.452082984249,2893.190042204256,228087900
2021-09-09,2825.02587890625,2855.3210625942525,2764.4355115302446,2802.304491140248,306319600
2021-09-10,2862.894775390625,2870.4685710927165,2779.583022667617,2809.878205475984,177033000
2021-09-13,2802.3037109375,2840.172680004223,2772.008535684122,2809.8775047508448,169825000
2021-09-14,2802.3037109375,2825.025092377534,2772.008535684122,2817.451298564189,216363400
2021-09-15,2772.009033203125,2779.582828375811,2741.7138525123805,2779.582828375811,263544000
2021-09-16,2756.861572265625,2772.009163322029,2734.140185681018,2764.435367793827,194782800
2021-09-17,2734.14013671875,2756.861522896468,2703.844955148459,2749.2877275038954,346529100
2021-09-20,2718.992431640625,2718.992431640625,2658.4020710469617,2718.992431640625,357971300
2021-09-21,2703.844970703125,2711.418766139268,2650.8284026501224,2658.402198086266,410533900
2021-09-22,2734.14013671875,2764.435318289041,2665.9759781855955,2665.9759781855955,416087300
2021-09-23,2855.321044921875,2855.321044921875,2718.992719169637,2726.566515044761,432390800
2021-09-24,2893.18994140625,2923.485124038776,2855.3209631155923,2870.4685544318554,634549600
2021-09-27,2840.173095703125,2878.0420703125,2825.025505859375,2855.320685546875,380151200
2021-09-28,2817.45166015625,2855.320634083081,2794.730275800151,2855.320634083081,306827400
2021-09-29,2832.599365234375,2840.173160328585,2794.730389763328,2817.451775045956,143081800
2021-09-30,2915.910888671875,2931.0584777039367,2840.1729435115667,2847.746738027597,416099000
2021-10-01,2953.7802734375,2968.9278645833333,2900.763704427083,2915.9112955729165,359864700
2021-10-04,3006.79638671875,3037.091564418687,2946.206031318876,2953.7798257438603,335762600
2021-10-05,2976.5009765625,3014.3699457299617,2961.3533888955158,2991.6485642294847,236562700
2021-10-06,3120.403564453125,3143.1249496311816,2968.92766326608,2968.92766326608,446708800
2021-10-07,3120.403564453125,3158.272539749886,3082.534589156364,3143.1249496311816,264905400
2021-10-08,3150.698486328125,3211.288841834435,3127.977103013259,3173.419869642991,196631600
2021-10-11,3165.84619140625,3180.993780838816,3127.9772178248354,3150.698601973684,146720100
2021-10-12,3196.1416015625,3211.289192091232,3165.8464205050354,3165.8464205050354,241196000
2021-10-13,3241.58447265625,3256.7320636499708,3196.141699675088,3203.715495171948,264629400
2021-10-14,3218.862548828125,3294.600491153493,3203.7149603630514,3241.583931525736,196989500
2021-10-15,3271.879638671875,3279.4534341317635,3196.141684072989,3218.8630704526545,318189600
2021-10-18,3340.043701171875,3340.043701171875,3287.027134486608,3294.60092972736,286829000
2021-10-19,3332.4697265625,3370.338700727983,3302.1745472301136,3370.338700727983,161256300
2021-10-21,3302.174560546875,3377.912509183271,3271.879381092316,3370.3387143196314,319230200
2021-10-22,3332.4697265625,3332.4697265625,3271.879367897727,3287.0269575639204,160459300
2021-10-25,3256.731689453125,3309.748251839571,3256.731689453125,3279.4530733330303,128240100
2021-10-26,3294.600830078125,3309.7484201014727,3234.0104699847343,3241.584264996408,108782400
2021-10-27,3249.158203125,3287.0271798513986,3226.4368170891607,3279.4533845061187,258038300
2021-10-28,3211.2890625,3256.7318322523583,3180.9938826650946,3188.567677623821,159645200
2021-10-29,3218.862548828125,3256.731519990809,3196.141166130514,3256.731519990809,155011100
2021-11-01,3203.715576171875,3279.453533055371,3196.141780483525,3279.453533055371,102079300
2021-11-02,3188.567626953125,3234.010395983336,3188.567626953125,3234.010395983336,124799700
2021-11-03,3249.158203125,3256.73199847028,3188.567840362762,3218.8630217438813,100486300
2021-11-04,3218.862548828125,3287.026696920956,3218.862548828125,3279.4529026884197,119591100
2021-11-05,3211.2890625,3234.0104473761794,3188.567677623821,3234.0104473761794,74347000
2021-11-08,3203.715576171875,3226.4369632369235,3196.141780483525,3218.863167548574,79465600
2021-11-09,3218.862548828125,3218.862548828125,3196.141166130514,3203.7149603630514,92453200
2021-11-10,3218.862548828125,3226.436343060662,3188.567371897978,3203.7149603630514,69475400
2021-11-11,3218.862548828125,3256.731519990809,3203.7149603630514,3249.157725758272,149637700
2021-11-12,3196.1416015625,3249.1581684130624,3188.5678062981337,3234.0105778843304,80234400
2021-11-15,3150.698486328125,3196.141252957858,3135.550897451548,3196.141252957858,220142300
2021-11-16,3127.977294921875,3158.272474533709,3120.4035000189165,3120.4035000189165,163555000
2021-11-17,3180.993896484375,3180.993896484375,3150.698716517857,3158.272511509487,126523700
2021-11-18,3165.84619140625,3173.419986122533,3135.5510125411183,3143.124807257401,114881200
2021-11-19,3241.58447265625,3249.1582681531104,3196.141699675088,3196.141699675088,182167700
2021-11-22,3241.58447265625,3264.305859146831,3218.863086165669,3264.305859146831,151514000
2021-11-23,3188.567626953125,3241.5841908217044,3180.9938321147565,3241.5841908217044,104294200
2021-11-24,3188.567626953125,3203.715216629862,3173.420037276388,3180.9938321147565,111072800
2021-11-25,3196.1416015625,3218.8629873555983,3165.8464205050354,3165.8464205050354,123609400
2021-11-26,3150.698486328125,3196.141252957858,3143.1246918898364,3173.419869642991,148652500
2021-11-29,3158.272216796875,3173.419805366644,3090.1080682329134,3143.1246282271054,164312800
2021-11-30,3097.68212890625,3196.1414630768645,3097.68212890625,3143.1248985234565,316653200
2021-12-01,3090.108154296875,3165.846099255132,3082.534359801049,3097.681948792701,163457900
2021-12-02,3180.993896484375,3196.141486467634,3074.9607666015627,3074.9607666015627,139281800
2021-12-03,3158.272216796875,3196.141188221298,3158.272216796875,3188.5673939364133,93227100
2021-12-06,3112.830078125,3196.1418320407543,3112.830078125,3180.994240419708,106610000
2021-12-07,3203.715576171875,3203.715576171875,3150.699006353428,3173.4203934184766,182048000
2021-12-08,3188.567626953125,3218.862806306599,3158.2724475996515,3218.862806306599,143230200
2021-12-09,3173.420166015625,3196.141551452491,3150.698780578759,3196.141551452491,90471500
2021-12-10,3127.977294921875,3150.6986796307506,3127.977294921875,3127.977294921875,122999200
2021-12-13,3150.698486328125,3180.9936640812803,3150.698486328125,3158.272280766414,86848900
2021-12-14,3127.977294921875,3150.6986796307506,3127.977294921875,3143.124884727792,100110000
2021-12-15,3180.993896484375,3203.715281459264,3135.551126534598,3143.124921526228,124522800
2021-12-16,3135.551025390625,3196.141383369188,3120.4034358959843,3196.141383369188,136646600
2021-12-17,3112.830078125,3135.5514655565694,3097.682486503953,3097.682486503953,153165400
2021-12-20,3120.403564453125,3127.977359512477,3074.960794097012,3082.534589156364,89198900
2021-12-21,3090.108154296875,3120.403332280178,3090.108154296875,3105.2557432885264,109561800
2021-12-22,3067.38720703125,3112.82998046875,3067.38720703125,3105.256184895833,104738000
2021-12-23,3105.256103515625,3112.8298988900533,3074.960922017912,3097.6823081411967,72736800
2021-12-24,3082.53466796875,3120.4036442337224,3067.387077462761,3105.2560537277336,59795000
2021-12-27,3074.9609375,3112.8299145628075,3074.9609375,3082.5347329125616,65491200
2021-12-28,3097.68212890625,3112.829718778652,3082.534539033848,3097.68212890625,52952500
2021-12-29,3090.108154296875,3105.2557432885264,3082.534359801049,3097.681948792701,27676500
2021-12-30,3112.830078125,3135.5514655565694,3074.9610990723845,3090.1086906934306,146989400
2022-01-03,3165.84619140625,3173.419986122533,3097.682038959704,3120.4034231085525,90842500
2022-01-04,3150.698486328125,3188.567458519569,3150.698486328125,3180.9936640812803,93950000
2022-01-05,3188.567626953125,3203.715216629862,3127.9772682461776,3165.8462424380195,174376400
2022-01-06,3150.698486328125,3211.288841834435,3135.550897451548,3211.288841834435,137280000
2022-01-07,3173.420166015625,3180.9939611612467,3143.1249854331368,3158.2725757243807,101275000
2022-01-10,3165.84619140625,3188.5675755550988,3165.84619140625,3173.419986122533,70722600
2022-01-11,3143.124755859375,3165.846139636672,3127.9771666745105,3165.846139636672,99404900
2022-01-12,3150.698486328125,3165.846075204702,3127.977103013259,3158.272280766414,65907000
2022-01-13,3173.420166015625,3173.420166015625,3158.2725757243807,3165.846370870003,103522400
2022-01-14,3165.84619140625,3188.5675755550988,3150.698601973684,3173.419986122533,110213800
2022-01-17,3188.567626953125,3188.567626953125,3165.8462424380195,3180.9938321147565,102957100
2022-01-18,3173.420166015625,3211.289141743735,3135.551190287515,3211.289141743735,120275000
2022-01-19,3127.977294921875,3188.567654145543,3127.977294921875,3188.567654145543,109954700
2022-01-20,3127.977294921875,3150.6986796307506,3112.829705115958,3127.977294921875,86394600
2022-01-21,3158.272216796875,3158.272216796875,3112.829451087567,3127.9770396573363,84972500
2022-01-24,3120.403564453125,3150.698744690534,3105.2559743344204,3135.5511545718296,76709900
2022-01-25,3082.53466796875,3112.829848980728,3029.518101197789,3105.2560537277336,185007800
2022-01-26,3097.68212890625,3105.255923842451,3052.2393592890435,3052.2393592890435,97589500
2022-01-27,3135.551025390625,3135.551025390625,3074.9606674120623,3082.5344621593827,80682900
2022-01-28,3135.551025390625,3158.272409632586,3097.682051654024,3158.272409632586,84812100
2022-01-31,3082.53466796875,3158.272620498695,3082.53466796875,3158.272620498695,78498500
2022-02-02,3082.53466796875,3120.4036442337224,3074.960872715756,3120.4036442337224,81546300
2022-02-03,3127.977294921875,3165.846269436668,3127.977294921875,3165.846269436668,157898800
2022-02-04,3188.567626953125,3188.567626953125,3143.1248579229145,3158.2724475996515,236602900
2022-02-07,3332.4697265625,3340.0435213955966,3196.141419566761,3211.2890092329544,468016600
2022-02-08,3362.76513671875,3446.076885601421,3332.469955306869,3370.33893207172,310878100
2022-02-09,3370.3388671875,3408.2078432233143,3317.3223007373595,3332.4698911516853,149000100
2022-02-10,3385.486572265625,3408.207958656669,3370.338981338262,3408.207958656669,112521600
2022-02-11,3370.3388671875,3370.3388671875,3317.3223007373595,3347.617481566011,103418200
2022-02-14,3340.043701171875,3370.3388821348854,3317.322315449617,3370.3388821348854,105260000
2022-02-15,3355.19140625,3370.3389972488712,3324.896224252257,3362.765201749436,96658500
2022-02-16,3347.617431640625,3385.4864071116726,3340.043636546416,3385.4864071116726,89636300
2022-02-17,3332.4697265625,3340.0435213955966,3287.0269575639204,3324.8959317294034,118305100
2022-02-18,3355.19140625,3362.765201749436,3309.748633253386,3332.470019751693,127058000
2022-02-21,3400.63427734375,3400.63427734375,3362.765298754176,3377.912890190006,133717300
2022-02-22,3355.19140625,3385.4865882477425,3347.6176107505644,3362.765201749436,109060900
2022-02-23,3393.060302734375,3423.355484008789,3377.912712097168,3423.355484008789,160827800
2022-02-24,3324.89599609375,3385.486355931449,3309.7484061343253,3385.486355931449,217523600
2022-02-25,3446.076904296875,3446.076904296875,3340.043768780048,3370.3389503562844,301346400
2022-03-01,3506.6669921875,3680.864272576944,3506.6669921875,3673.290477777403,494657800
2022-03-02,3453.650390625,3552.109721936677,3446.076595908717,3544.5359272203946,186635200
2022-03-04,3536.962158203125,3582.4049268310023,3491.519389575248,3574.831132059689,292022600
2022-03-07,3423.355224609375,3506.666966801196,3423.355224609375,3468.797993077641,224515800
2022-03-08,3355.19140625,3453.6507477426635,3355.19140625,3408.20797474605,214870200
2022-03-09,3461.224365234375,3476.371955454219,3408.2077994649208,3430.9291847946865,191967100
2022-03-10,3461.224365234375,3514.240931003829,3415.7815945748425,3514.240931003829,225575800
2022-03-11,3464.572265625,3496.0683771306817,3440.9501819957386,3464.572265625,275965300
2022-03-14,3559.060302734375,3574.8083571712527,3472.446003331547,3496.068084986864,212052100
2022-03-15,3629.9267578125,3653.548840835141,3566.9345364187907,3582.682591767218,357755700
2022-03-16,3661.423095703125,3669.297123865927,3629.926983051915,3661.423095703125,226817000
2022-03-17,3661.423095703125,3700.793236517137,3629.926983051915,3692.9192083543344,224068000
2022-03-18,3606.304931640625,3700.793270460904,3606.304931640625,3700.793270460904,257863400
2022-03-21,3614.178466796875,3645.674575439985,3590.5563853145427,3622.0524939576526,118791900
2022-03-22,3653.548828125,3708.667021652748,3653.548828125001,3692.918966359106,177758500
2022-03-23,3661.423095703125,3692.9192083543344,3637.8010112147176,3685.045180191532,146545100
2022-03-24,3724.415283203125,3724.415283203125,3637.800974291424,3653.549030457188,206271600
2022-03-25,3708.666748046875,3748.03688337646,3661.4225856513735,3748.03688337646,137104800
2022-03-28,3724.415283203125,3732.289311286007,3677.1711147058336,3724.415283203125,106801800
2022-03-29,3692.9189453125,3740.163110924174,3677.170890108609,3740.163110924174,93155100
2022-03-30,3708.666748046875,3732.288829244626,3692.918693915041,3732.288829244626,83364400
2022-03-31,3669.296630859375,3740.162874803011,3669.296630859375,3700.7927392787687,158650000
2022-04-01,3724.415283203125,3724.415283203125,3645.675002374306,3692.9191708715975,145105000
2022-04-04,3700.793212890625,3724.415297228225,3669.297100440492,3724.415297228225,103902000
2022-04-05,3700.793212890625,3732.289325340758,3677.171128553025,3724.415297228225,76154300
2022-04-06,3622.052490234375,3692.918734608526,3622.052490234375,3692.918734608526,111009800
2022-04-07,3645.675048828125,3677.171161560981,3637.801020644911,3677.171161560981,91942500
2022-04-08,3629.9267578125,3661.422868509355,3622.0527301382863,3645.674813160928,125657900
2022-04-11,3598.430419921875,3637.8005558072346,3598.430419921875,3622.052501453091,109861100
2022-04-12,3629.9267578125,3629.9267578125,3582.682591767218,3582.682591767218,96961200
2022-04-13,3629.9267578125,3653.548840835141,3614.178702464073,3653.548840835141,112327600
2022-04-14,3574.808349609375,3629.926540021854,3566.934322407592,3622.052512820072,150659600
2022-04-18,3582.682373046875,3606.304454627404,3574.808345853365,3582.682373046875,82795100
2022-04-19,3598.430419921875,3622.052501453091,3574.808338390659,3582.682365567731,148475600
2022-04-20,3818.903564453125,3834.651620389014,3622.0528652545104,3629.926893222455,404383100
2022-04-21,3779.53369140625,3818.903834025065,3748.0375773111978,3818.903834025065,208253300
2022-04-22,3740.162841796875,3818.9031121504936,3716.5407606907897,3740.162841796875,174349500
2022-04-25,3811.029541015625,3818.90356899293,3677.17106540144,3700.793149333355,235752400
2022-04-26,3889.76904296875,3921.265148579833,3803.154752538272,3811.028778941042,262734300
2022-04-27,3818.903564453125,3881.8957881966817,3818.903564453125,3858.273704292848,191955100
2022-04-28,3834.6513671875,3881.8955318756416,3826.777339739476,3834.6513671875,193821200
2022-05-09,3566.9345703125,3748.037208540287,3566.9345703125,3740.1631807912527,561600400
2022-05-10,3566.9345703125,3566.9345703125,3354.335821088576,3354.335821088576,435782800
2022-05-11,3535.438232421875,3606.3044776151855,3527.564205178174,3582.682395884083,205233800
2022-05-12,3401.579833984375,3535.438299673575,3385.83177919741,3535.438299673575,207373600
2022-05-13,3346.461669921875,3433.075971966912,3346.461669921875,3346.461669921875,336711300
2022-05-17,3503.942138671875,3559.060329617276,3362.2096476694173,3362.2096476694173,272650400
2022-05-18,3503.942138671875,3566.93435689519,3488.1940841160463,3543.3122750614466,129716500
2022-05-19,3496.068115234375,3511.816169807503,3385.83173322248,3425.2018696553,132614900
2022-05-20,3488.194091796875,3535.43825556839,3472.44603720637,3496.0681190921277,122101000
2022-05-23,3409.4541015625,3496.0684089924944,3401.5800736143187,3472.4463251479506,175709000
2022-05-24,3511.816162109375,3543.312271186589,3401.5797803391256,3401.5797803391256,165758600
2022-05-25,3425.201904296875,3503.9421779588724,3425.201904296875,3488.1941232264726,138961700
2022-05-27,3574.808349609375,3574.808349609375,3496.068077591547,3543.312240802244,209962100
2022-05-30,3488.194091796875,3574.808392044653,3456.697982615865,3574.808392044653,193724500
2022-05-31,3645.675048828125,3645.675048828125,3503.9425415302712,3519.6905978966997,379626500
2022-06-02,3527.564208984375,3622.052536010742,3527.564208984375,3574.8083724975586,225697500
2022-06-03,3559.060302734375,3598.4304388265696,3551.186275515936,3566.9343299528136,117643300
2022-06-06,3488.194091796875,3551.186310158895,3464.572009911117,3519.690200977885,157277700
2022-06-07,3464.572265625,3511.8164328835223,3464.572265625,3511.8164328835223,133318000
2022-06-08,3519.690185546875,3519.690185546875,3448.8239402002937,3464.5719947217563,150604000
2022-06-09,3535.438232421875,3559.0603141529787,3527.564205178174,3543.312259665576,161768800
2022-06-10,3464.572265625,3519.690460759943,3433.076154119318,3519.690460759943,222410400
2022-06-13,3417.327880859375,3425.201908234627,3354.335661857359,3354.335661857359,164017200
2022-06-14,3433.075927734375,3472.4460645203194,3385.8317635912413,3385.8317635912413,150381800
2022-06-15,3503.942138671875,3503.942138671875,3433.0758931706464,3433.0758931706464,160729900
2022-06-16,3488.194091796875,3566.9343647494,3472.44603720637,3480.3200645016223,240023000
2022-06-17,3440.94970703125,3464.5717873998856,3425.2016534521595,3440.94970703125,185763100
2022-06-20,3464.572265625,3472.4462935014203,3417.328098366477,3464.572265625,95058800
2022-06-21,3448.82373046875,3488.1938643782105,3448.82373046875,3488.1938643782105,103964600
2022-06-22,3401.579833984375,3472.446080525716,3393.7058065908923,3472.446080525716,106208500
2022-06-23,3393.70556640625,3433.075700587297,3385.8315395700406,3385.8315395700406,127600700
2022-06-24,3417.327880859375,3425.201908234627,3393.705798733619,3401.579826108871,66083900
2022-06-27,3370.083740234375,3409.4538773866457,3362.209712803921,3393.7058225257374,152306100
2022-06-28,3385.83154296875,3409.45362350109,3370.0834892805237,3401.5795966569767,178535800
2022-06-29,3291.34375,3393.706115430622,3291.34375,3370.0840311004786,228536100
2022-06-30,3267.721435546875,3322.839628435617,3244.099352880271,3244.099352880271,239939100
2022-07-01,3259.84716796875,3307.091329823369,3236.2250870414405,3267.72119494452,154659500
2022-07-04,3181.10693359375,3244.0991501005574,3118.114717086943,3220.4770689105044,246853600
2022-07-05,3220.47705078125,3275.5952399144257,3181.106915686125,3181.106915686125,180648400
2022-07-06,3212.60302734375,3228.3510813993566,3165.35886517693,3188.98094626034,125309100
2022-07-07,3188.981201171875,3236.225367115162,3181.1071735146606,3181.1071735146606,172127500
2022-07-08,3307.091796875,3307.091796875,3188.981375558036,3220.477487909226,112914000
2022-07-11,3244.099609375,3283.469750265473,3228.3515530188106,3267.721693909284,80867700
2022-07-12,3236.22509765625,3259.84717866104,3228.351070654653,3244.0991246578465,56085200
2022-07-13,3196.85498046875,3251.9731697871766,3173.2328993322817,3236.225115696198,165745200
2022-07-14,3204.729248046875,3220.477303319833,3157.4850822280023,3157.4850822280023,188729700
2022-07-15,3236.22509765625,3244.0991246578465,3188.9809356466694,3196.8549626482663,91362800
2022-07-18,3259.84716796875,3259.84716796875,3212.6030061141305,3236.2250870414405,135284500
2022-07-19,3236.22509765625,3267.7212056626367,3236.22509765625,3267.7212056626367,122905900
2022-07-20,3385.83154296875,3385.83154296875,3275.595167151163,3291.3432208393897,220223600
2022-07-21,3393.70556640625,3393.70556640625,3330.713351716575,3385.8315395700406,130405400
2022-07-22,3362.209716796875,3409.453881435707,3362.209716796875,3409.453881435707,86561100
2022-07-25,3346.461669921875,3385.8318072150737,3346.461669921875,3346.461669921875,60952800
2022-07-26,3409.4541015625,3425.2021574588625,3354.335905925231,3362.2099338734124,97709800
2022-07-27,3401.579833984375,3448.823998345269,3385.83177919741,3448.823998345269,88570800
2022-07-28,3433.075927734375,3464.5720371631305,3417.327873019997,3417.327873019997,136421400
2022-07-29,3433.075927734375,3488.194119234697,3417.327873019997,3456.6980098059416,228669400
2022-08-01,3433.075927734375,3472.4460645203194,3409.453845662808,3456.6980098059416,200791700
2022-08-02,3464.572265625,3464.572265625,3385.831986860795,3433.076154119318,173931000
2022-08-03,3448.82373046875,3480.3198375963184,3425.2016501230733,3472.4458108144263,103412300
2022-08-04,3433.075927734375,3456.6980098059416,3425.2019003771857,3448.8239824487528,120175700
2022-08-05,3433.075927734375,3464.5720371631305,3401.579818305619,3433.075927734375,168879400
2022-08-08,3440.94970703125,3464.5717873998856,3417.3276266626144,3433.0756802417045,107242600
2022-08-09,3472.44580078125,3519.689961336097,3456.697747262968,3464.571774022109,181747100
2022-08-10,3393.70556640625,3440.9497274235064,3385.8315395700406,3425.201673751088,205341100
2022-08-11,3425.201904296875,3472.446068494073,3417.3278769306758,3448.823986395474,193329000
2022-08-12,3401.579833984375,3425.201916164822,3401.579833984375,3417.3278887713395,103916700
2022-08-15,3385.83154296875,3425.201677189317,3385.83154296875,3409.45362350109,135099400
2022-08-16,3370.083740234375,3425.201932247554,3362.209712803921,3425.201932247554,205432400
2022-08-18,3409.4541015625,3417.3281295106813,3393.706045666137,3409.4541015625,138795300
2022-08-19,3385.83154296875,3417.3276503452034,3385.83154296875,3417.3276503452034,84552100
2022-08-22,3362.209716796875,3409.453881435707,3362.209716796875,3401.579853995901,121124400
2022-08-23,3385.83154296875,3393.705569812864,3354.335435592297,3354.335435592297,107799500
2022-08-24,3377.9580078125,3409.454119773456,3370.083979822261,3385.832035802739,75055900
2022-08-25,3362.209716796875,3385.8317991162908,3362.209716796875,3370.08374423668,117653800
2022-08-26,3362.209716796875,3377.9577716764857,3362.209716796875,3370.08374423668,87375200
2022-08-29,3346.461669921875,3362.2097248391547,3322.839587545956,3346.461669921875,88409800
2022-08-30,3354.33544921875,3385.831556723151,3346.4614223426497,3346.4614223426497,157219500
2022-08-31,3417.327880859375,3425.201908234627,3338.587607106855,3346.461634482107,191475700
2022-09-01,3456.697998046875,3456.697998046875,3393.705779403652,3401.5798067340547,139929300
2022-09-02,3503.942138671875,3503.942138671875,3448.8239477264747,3472.446029560218,220616600
2022-09-05,3614.178466796875,3622.0524939576526,3480.3200050636574,3488.194032224435,261126600
2022-09-06,3590.556396484375,3692.918749892921,3582.682369299102,3677.170695522375,188042700
2022-09-07,3511.816162109375,3582.682407533107,3511.816162109375,3551.186298455893,231936700
2022-09-08,3622.052490234375,3637.8005445397416,3527.564164402174,3527.564164402174,250373200
2022-09-09,3629.9267578125,3653.548840835141,3598.4306471156456,3653.548840835141,119286700
2022-09-12,3590.556396484375,3645.674586781284,3590.556396484375,3629.926532410738,97988000
2022-09-13,3606.304931640625,3653.549101050764,3590.556875170578,3590.556875170578,141828800
2022-09-14,3606.304931640625,3629.9270163456954,3551.1867339954624,3559.0607622304856,149960600
2022-09-15,3629.9267578125,3700.793006880423,3614.178702464073,3622.0527301382863,295664100
2022-09-16,3543.3125,3637.800833333333,3543.3125,3629.926805555556,282492200
2022-09-19,3598.430419921875,3622.052501453091,3543.3122296823717,3559.060284036515,134432000
2022-09-20,3535.438232421875,3622.052532102589,3535.438232421875,3598.430450371485,138695500
2022-09-21,3582.682373046875,3582.682373046875,3519.690155498798,3535.4382098858173,159976900
2022-09-22,3590.556396484375,3606.30445085492,3543.3122333727383,3543.3122333727383,100425300
2022-09-23,3527.564208984375,3590.556427001953,3527.564208984375,3574.8083724975586,139074000
2022-09-26,3574.808349609375,3574.808349609375,3472.445995986199,3527.5641863986784,280747500
2022-09-27,3566.9345703125,3582.6826258105684,3527.564431567329,3543.3124870653974,213704600
2022-09-28,3559.060302734375,3590.5564116081305,3527.5641938606195,3551.186275515936,161815300
2022-09-29,3527.564208984375,3574.8083724975586,3511.8161544799805,3559.060317993164,169368600
2022-09-30,3535.438232421875,3551.186286909277,3472.446014472265,3503.9421234470697,224229200
2022-10-03,3566.9345703125,3582.6826258105684,3527.564431567329,3543.3124870653974,159559600
2022-10-04,3653.548828125,3661.4228557718216,3590.556606950431,3590.556606950431,256367100
2022-10-05,3574.808349609375,3669.296676030768,3574.808349609375,3669.296676030768,182246200
2022-10-06,3551.186279296875,3598.4304426578087,3551.186279296875,3574.8083609773416,123346200
2022-10-07,3496.068115234375,3535.4382516671944,3488.1940879478107,3527.5642243806305,133678600
2022-10-10,3440.94970703125,3488.193867768521,3417.3276266626144,3480.319840978976,193923600
2022-10-11,3488.194091796875,3488.194091796875,3440.9499280253594,3456.697982615865,133742200
2022-10-12,3464.572265625,3519.690460759943,3464.572265625,3519.690460759943,128741800
2022-10-13,3425.201904296875,3480.320095860273,3425.201904296875,3456.698013761674,104269900
2022-10-14,3362.209716796875,3456.698046074539,3362.209716796875,3448.8240186347334,180841100
2022-10-17,3385.83154296875,3401.5795966569767,3354.335435592297,3362.20946243641,145506000
2022-10-18,3377.9580078125,3417.3281477636947,3370.083979822261,3370.083979822261,161444100
2022-10-19,3385.83154296875,3417.3276503452034,3370.0834892805237,3370.0834892805237,81682300
2022-10-20,3456.697998046875,3464.572025377278,3370.083697412443,3370.083697412443,149521700
2022-10-21,3488.194091796875,3511.8161736826323,3433.075900730107,3433.075900730107,165052200
2022-10-24,3543.3125,3574.808611111111,3488.194305555556,3488.194305555556,186997700
2022-10-25,3614.178466796875,3629.92652111843,3582.682358153765,3590.5563853145427,233948800
2022-10-26,3566.9345703125,3629.9267923047737,3543.3124870653974,3622.05276455574,178298500
2022-10-27,3622.052490234375,3622.052490234375,3566.934300165591,3582.6823544709578,131385300
2022-10-28,3645.675048828125,3645.675048828125,3590.556851545626,3622.0529642784822,227256400
2022-10-31,3661.423095703125,3685.045180191532,3645.67503937752,3645.67503937752,275184000
2022-11-01,3669.296630859375,3700.7927392787687,3645.67454954483,3692.918712173921,230590200
2022-11-02,3629.9267578125,3685.044951531996,3598.4306471156456,3685.044951531996,163816900
2022-11-03,3661.423095703125,3669.297123865927,3614.1789267263102,3645.67503937752,174423000
2022-11-04,3661.423095703125,3669.297123865927,3629.926983051915,3661.423095703125,85292300
2022-11-07,3692.9189453125,3692.9189453125,3629.926724496935,3661.4228349047175,112070500
2022-11-08,3637.800537109375,3692.9187270655775,3629.9265099727754,3692.9187270655775,80916300
2022-11-09,3661.423095703125,3661.423095703125,3622.0529548891127,3622.0529548891127,126493900
2022-11-10,3566.9345703125,3606.304709057671,3559.060542563466,3590.556653559602,196277400
2022-11-11,3661.423095703125,3661.423095703125,3614.1789267263102,3637.8010112147176,153238500
2022-11-14,3606.304931640625,3653.549101050764,3582.682846935555,3637.8010445807176,140187600
2022-11-15,3606.304931640625,3629.9270163456954,3590.556875170578,3606.304931640625,87986300
2022-11-16,3559.060302734375,3629.926547700325,3535.438221079058,3614.1784932634473,245789200
2022-11-17,3677.170654296875,3677.170654296875,3543.3121936479524,3559.0602478419432,214514600
2022-11-18,3629.9267578125,3685.044951531996,3629.9267578125,3677.170923857782,105313200
2022-11-21,3614.178466796875,3645.674575439985,3590.5563853145427,3637.800548279208,82279300
2022-11-22,3614.178466796875,3677.1706840830952,3598.4304124753203,3598.4304124753203,154866000
2022-11-23,3677.170654296875,3677.170654296875,3645.674545908893,3653.548573005889,147280600
2022-11-24,3716.540771484375,3732.288825600834,3677.170636193227,3700.792717367916,156735700
2022-11-25,3740.162841796875,3740.162841796875,3692.918679584704,3700.792706620066,177861100
2022-11-28,3795.281005859375,3803.155032842486,3724.4147630113785,3724.4147630113785,214611600
2022-11-29,3818.903564453125,3826.7775924210696,3771.6593966454575,3795.2814805492912,184916300
2022-11-30,3921.265380859375,3921.265380859375,3779.532897213856,3787.406924083051,560639800
2022-12-01,3889.76904296875,3956.698267392301,3858.2729373576663,3937.013201385374,267382600
2022-12-02,3850.3994140625,3881.895523788983,3826.7773317676383,3858.273441494121,199981400
2022-12-05,3850.3994140625,3881.895523788983,3826.7773317676383,3866.1474689257416,88463000
2022-12-06,3826.777099609375,3850.399180471161,3779.5329378858023,3826.777099609375,151325300
2022-12-07,3748.037109375,3811.029329700631,3732.289054293593,3811.029329700631,253330100
2022-12-08,3811.029541015625,3811.029541015625,3708.66717731066,3748.037317197185,154313900
2022-12-09,3779.53369140625,3811.029805501302,3748.0375773111978,3803.1557769775386,203573100
2022-12-12,3818.903564453125,3818.903564453125,3748.037312741624,3779.533424613402,139582400
2022-12-13,3913.39208984375,3921.266118193536,3811.029721296529,3834.651806345888,194233200
2022-12-14,3921.265380859375,3937.013434597766,3834.651085298224,3937.013434597766,201275800
2022-12-15,3866.147216796875,3889.769297551235,3842.525136042515,3858.273189878755,170702300
2022-12-16,3921.265380859375,3921.265380859375,3795.2809509522463,3795.2809509522463,594601900
2022-12-19,3913.39208984375,3921.266118193536,3874.021948094819,3913.39208984375,82959800
2022-12-20,3866.147216796875,3913.3913783055946,3850.3991629606353,3881.8952706331143,78671600
2022-12-21,3850.3994140625,3889.769551220604,3834.651359199259,3866.1474689257416,71277800
2022-12-22,3905.517333984375,3913.391360867408,3858.273172686177,3866.14719956921,87321400
2022-12-23,3842.525146484375,3889.769308121478,3842.525146484375,3874.0212542424433,53350600
2022-12-26,3881.8955078125,3881.895507812501,3850.399398215645,3858.2734256148574,43581100
2022-12-27,3834.6513671875,3897.6435867716887,3826.777339739476,3881.8955318756416,74123800
2022-12-28,3795.281005859375,3842.52516775804,3787.406978876265,3834.651140774929,117912500
2022-12-29,3834.6513671875,3834.6513671875,3779.533175051335,3795.2812299473817,106690700
2022-12-30,3889.76904296875,3897.6430693715206,3834.6508581493545,3834.6508581493545,182091500
2023-01-02,3834.6513671875,3874.021504427618,3795.2812299473817,3866.1474769795946,100200100
2023-01-03,3818.903564453125,3858.273704292848,3803.155508517236,3803.155508517236,95136500
2023-01-04,3755.910888671875,3818.903104834087,3755.910888671875,3818.903104834087,188071000
2023-01-05,3653.548828125,3748.0371598868537,3598.4306345972523,3740.1631322400326,292142000
2023-01-06,3637.800537109375,3653.548591382576,3582.6823471531725,3582.6823471531725,175932000
2023-01-09,3614.178466796875,3653.548602600763,3582.682358153765,3606.304439636098,166164900
2023-01-10,3532.05615234375,3643.678694404275,3516.110074906532,3627.732616967057,282510000
2023-01-11,3492.191162109375,3532.0563580238654,3476.2450837435786,3516.110279658069,211610100
2023-01-12,3587.86767578125,3603.813754340278,3516.110322265625,3571.9215972222223,210887800
2023-01-13,3571.921142578125,3611.786333901541,3524.082912990025,3595.8402573721746,134592100
2023-01-16,3603.813720703125,3611.78675990822,3524.0833286521706,3532.056367857266,172170900
2023-01-17,3635.705810546875,3651.651888663309,3595.840615255791,3603.813654314008,150577400
2023-01-18,3667.597900390625,3683.5439782184094,3635.7057447350544,3635.7057447350544,178026000
2023-01-19,3675.5712890625,3691.5173684076735,3651.65217004474,3659.6252097173274,117204100
2023-01-20,3707.46337890625,3723.409457955309,3683.5442603326615,3691.517299857191,116038300
2023-01-24,3683.5439453125,3731.382178368506,3659.624828784497,3715.436100683171,81964700
2023-01-25,3635.705810546875,3683.544044896176,3627.732771488658,3683.544044896176,84009300
2023-01-26,3659.625,3683.544117647059,3627.7328431372553,3635.705882352941,113840400
2023-01-27,3699.490234375,3731.382391567888,3667.598077182112,3667.598077182112,178282600
2023-01-30,3675.5712890625,3731.382566770608,3643.679130372153,3707.463447752847,185972400
2023-01-31,3651.652099609375,3683.544257684566,3643.6790600905774,3675.571218165768,280039200
2023-02-01,3731.382568359375,3739.355608035357,3683.544330303485,3691.517369979467,181849300
2023-02-02,3667.597900390625,3731.382211701766,3667.597900390625,3707.463094960088,145413400
2023-02-03,3787.193359375,3811.1124753289473,3691.5168955592094,3707.462972861842,198479900
2023-02-06,3779.220703125,3835.031979331488,3731.382466376583,3811.112860957279,141366300
2023-02-07,3787.193359375,3819.085513980263,3763.2742434210527,3779.220320723684,140923100
2023-02-08,3819.08544921875,3819.08544921875,3755.3011410898353,3755.3011410898353,168599500
2023-02-09,3835.0322265625,3858.95134647869,3803.140066674246,3819.086146618373,177400700
2023-02-10,3874.896728515625,3890.842805587706,3803.139381691262,3858.950651443544,181146600
2023-02-13,3827.05908203125,3906.789479573568,3827.05908203125,3906.789479573568,144569400
2023-02-14,3882.8701171875,3882.8701171875,3835.031881657469,3843.004920912474,120995200
2023-02-15,3882.8701171875,3898.81619569751,3835.031881657469,3898.81619569751,84568100
2023-02-16,3882.8701171875,3898.81619569751,3866.9240386774895,3898.81619569751,69966200
2023-02-17,3890.843017578125,3898.816056548572,3850.97782272589,3898.816056548572,104019300
2023-02-20,3890.843017578125,3906.7890955190182,3858.950861696337,3906.7890955190182,88432500
2023-02-21,3843.0048828125,3890.843117868257,3843.0048828125,3890.843117868257,59319100
2023-02-22,3795.1669921875,3835.032191685268,3771.247872488839,3819.086111886161,107327900
2023-02-23,3827.05908203125,3835.0321217854816,3771.247803751628,3835.0321217854816,139144500
2023-02-24,3795.1669921875,3858.951311383928,3795.1669921875,3827.059151785714,46409300
2023-02-27,3835.0322265625,3835.0322265625,3795.167026702183,3811.1131066463095,89918800
2023-02-28,3723.4091796875,3819.085646831504,3723.4091796875,3795.166530045503,273125500
2023-03-01,3763.2744140625,3787.193531101033,3747.3283360368114,3771.247453075344,115578600
2023-03-02,3811.11279296875,3811.11279296875,3763.2745570737447,3787.193675021248,59377900
2023-03-03,3795.1669921875,3827.059151785714,3771.247872488839,3827.059151785714,84777000
2023-03-06,3819.08544921875,3827.058487734864,3811.1124107026353,3819.08544921875,78292000
2023-03-07,3858.951416015625,3866.92445613136,3803.140135205481,3803.140135205481,111953700
2023-03-08,3858.951416015625,3866.92445613136,3843.0053357841552,3866.92445613136,125766100
2023-03-09,3835.0322265625,3882.87046639488,3835.0322265625,3874.897426422817,79549800
2023-03-10,3843.0048828125,3850.97792198846,3827.0588044605806,3843.0048828125,125140500
2023-03-13,3850.9775390625,3882.869692595109,3803.1393087635865,3835.031462296196,106769300
2023-03-14,3755.30126953125,3819.08557984176,3739.355191953623,3803.139502264132,192444400
2023-03-15,3747.328857421875,3803.140138277094,3747.328857421875,3795.16709815492,107761200
2023-03-16,3771.24755859375,3787.193637065605,3699.490205470402,3747.328440885968,155984500
2023-03-17,3906.788818359375,3906.788818359376,3787.1932422871496,3803.13931909678,267753300
2023-03-20,3890.843017578125,3890.843017578125,3843.004783755443,3858.950861696337,113829400
2023-03-21,3906.788818359375,3922.7348951690055,3858.9505879304847,3882.86970314493,214639300
2023-03-24,3991.490478515625,4033.3300013512185,3949.650955680031,3974.754669381387,266103900
2023-03-27,3966.386474609375,4008.2259943837353,3949.650666699631,3974.754378564247,144925200
2023-03-28,3991.490478515625,3999.8583830827433,3966.3867648142686,3966.3867648142686,105217100
2023-03-29,4024.961669921875,4033.329573601546,3991.49005520319,4016.593766242204,141800500
2023-03-30,3974.75390625,4024.961324013158,3966.3860032894736,4024.961324013158,98847200
2023-03-31,3958.0185546875,3974.7543625297294,3941.282746845269,3958.0185546875,161561800
2023-04-03,4016.59423828125,4016.59423828125,3983.122619628906,3991.490524291992,133511700
2023-04-04,4033.329833984375,4033.329833984375,3983.1224086650673,4016.5940255446058,88097800
2023-04-05,4041.697265625,4083.5367818322975,4016.593555900621,4024.961459142081,119316500
2023-04-06,4050.065673828125,4066.801482397663,4033.3298652585872,4066.801482397663,88012300
2023-04-10,4066.80126953125,4066.80126953125,4033.3296541441614,4066.80126953125,58886800
2023-04-11,4083.537109375,4091.9050132876537,4041.697589811731,4066.801301549692,67275600
2023-04-12,4125.376953125,4142.112762265467,4091.905334844067,4142.112762265467,194839900
2023-04-13,4167.2158203125,4183.951626819779,4125.376304044302,4142.112110551581,141279800
2023-04-14,4246.7109375,4267.630695812808,4183.951662561576,4225.791179187192,190097200
2023-04-17,4175.583984375,4246.711166473572,4150.480273046092,4246.711166473572,121231300
2023-04-18,4142.1123046875,4204.87158203125,4142.1123046875,4175.583919270834,95747700
2023-04-26,4204.87158203125,4309.470377604167,4125.376497395833,4309.470377604167,273336000
2023-04-27,4309.470703125,4309.470703125,4175.584234678398,4175.584234678398,125947200
2023-04-28,4267.630859375,4414.069173177083,4267.630859375,4330.39013671875,251912000
2023-05-02,4309.470703125,4330.390463819782,4225.791660345873,4330.390463819782,84246100
2023-05-03,4267.630859375,4372.229654947917,4225.791341145833,4372.229654947917,183524700
2023-05-04,4309.470703125,4330.390463819782,4246.711421040655,4309.470703125,140482000
2023-05-05,4372.22998046875,4393.149741140849,4288.550937780353,4372.22998046875,182599600
2023-05-08,4267.630859375,4393.1494140625,4225.791341145833,4393.1494140625,107804200
2023-05-09,4288.55029296875,4288.55029296875,4204.871262862042,4225.79102038872,102987300
2023-05-10,4309.470703125,4309.470703125,4225.791660345873,4246.711421040655,108369600
2023-05-11,4309.470703125,4330.390463819782,4267.631181735437,4330.390463819782,85618800
2023-05-12,4309.470703125,4330.390463819782,4267.631181735437,4267.631181735437,92625800
2023-05-15,4309.470703125,4330.390463819782,4204.8718996510925,4309.470703125,163732600
2023-05-16,4351.310546875,4351.310546875,4267.631497896635,4330.390784630409,73611200
2023-05-17,4351.310546875,4393.150071364183,4330.390784630409,4393.150071364183,115834500
2023-05-19,4518.66845703125,4560.50797978154,4351.310366030093,4372.230127405238,185672200
2023-05-22,4539.58837890625,4602.347665250576,4434.989568332373,4434.989568332373,162655900
2023-05-23,4602.34765625,4686.026704545455,4581.427894176137,4581.427894176137,255251600
2023-05-24,4686.0263671875,4686.0263671875,4560.5078037806925,4623.267085484096,187436100
2023-05-25,4581.42724609375,4665.106282552083,4560.507486979167,4602.347005208333,224391900
2023-05-26,4686.0263671875,4686.0263671875,4539.588043212891,4539.588043212891,154003100
2023-05-29,4644.18701171875,4706.946295660895,4581.427727776605,4686.026534346847,125049100
2023-05-30,4602.34765625,4686.026704545455,4602.34765625,4602.34765625,67363200
2023-05-31,4665.10693359375,4665.10693359375,4497.748837321328,4665.10693359375,898453700
2023-06-05,4539.58837890625,4686.026713709677,4539.58837890625,4686.026713709677,255472600
2023-06-06,4560.5078125,4602.3473337155965,4476.828770068808,4518.668291284404,92019300
2023-06-07,4518.66845703125,4581.4277411566845,4476.828934280961,4581.4277411566845,150377000
2023-06-08,4581.42724609375,4581.42724609375,4476.828450520833,4497.748209635417,92794100
2023-06-09,4539.58837890625,4560.508141021025,4497.748854676699,4539.58837890625,77251000
2023-06-12,4518.66845703125,4518.66845703125,4497.748695656105,4518.66845703125,92314200
2023-06-13,4644.18701171875,4644.18701171875,4518.668443834459,4518.668443834459,108831400
2023-06-14,4644.18701171875,4665.106773032799,4581.427727776605,4665.106773032799,79137600
2023-06-15,4623.26708984375,4623.26708984375,4560.507808081165,4581.427568668693,74388400
2023-06-16,4644.18701171875,4644.18701171875,4518.668443834459,4581.427727776605,189062600
2023-06-19,4623.26708984375,4623.26708984375,4560.507808081165,4602.347329256221,55144200
2023-06-20,4644.18701171875,4644.18701171875,4581.427727776605,4581.427727776605,102926800
2023-06-21,4665.10693359375,4665.10693359375,4602.347647491592,4602.347647491592,84605400
2023-06-22,4581.42724609375,4686.026041666667,4581.42724609375,4644.1865234375,94143200
2023-06-23,4518.66845703125,4581.4277411566845,4518.66845703125,4539.588218406395,123350300
2023-06-26,4560.5078125,4581.427573107799,4497.748530676606,4539.588051892202,85472100
2023-06-27,4539.58837890625,4602.347665250576,4539.58837890625,4560.508141021025,110716500
2023-07-03,4581.42724609375,4644.1865234375,4560.507486979167,4602.347005208333,168559800
2023-07-04,4560.5078125,4602.3473337155965,4539.588051892202,4602.3473337155965,94462600
2023-07-05,4560.5078125,4560.5078125,4518.668291284404,4518.668291284404,109632800
2023-07-06,4539.58837890625,4581.4279031358,4518.668616791474,4560.508141021025,109446200
2023-07-07,4497.74853515625,4539.588056413518,4497.74853515625,4518.668295784883,114043800
2023-07-10,4518.66845703125,4602.347502531829,4518.66845703125,4539.588218406395,78972100
2023-07-11,4539.58837890625,4560.508141021025,4497.748854676699,4497.748854676699,122094700
2023-07-12,4560.5078125,4581.427573107799,4539.588051892202,4560.5078125,104993700
2023-07-13,4560.5078125,4581.427573107799,4539.588051892202,4539.588051892202,134905700
2023-07-14,4623.26708984375,4623.26708984375,4539.588047493637,4560.507808081165,127814200
2023-07-17,4665.10693359375,4706.946457661856,4623.267409525644,4644.187171559697,166951300
2023-07-18,4706.94580078125,4769.705078125,4686.026041666667,4706.94580078125,120810300
2023-07-20,4706.94580078125,4727.865559895833,4644.1865234375,4665.106282552083,111117300
2023-07-21,4706.94580078125,4706.94580078125,4665.106282552083,4686.026041666667,63094600
2023-07-24,4686.0263671875,4727.865888323103,4686.0263671875,4686.0263671875,62962500
2023-07-25,4727.86572265625,4769.705242325775,4706.945962821488,4706.945962821488,111248100
2023-07-26,4748.78515625,4769.704914647577,4727.865397852423,4769.704914647577,76200300
2023-07-27,4727.86572265625,4811.544761995299,4727.86572265625,4748.785482491013,109859200
2023-07-28,4769.70556640625,4769.70556640625,4706.946282637747,4706.946282637747,74036700
2023-07-31,4727.86572265625,4769.705242325775,4727.86572265625,4769.705242325775,186727400
2023-08-01,4769.70556640625,4811.545088918585,4727.866043893914,4727.866043893914,100137500
2023-08-02,4769.70556640625,4790.6253276624175,4727.866043893914,4727.866043893914,90611300
2023-08-03,4769.70556640625,4811.545088918585,4727.866043893914,4748.7858051500825,82775000
2023-08-04,4665.10693359375,4790.625505798066,4665.10693359375,4769.705743764013,150738500
2023-08-07,4769.70556640625,4790.6253276624175,4665.106760125411,4686.026521381579,88104900
2023-08-08,4706.94580078125,4811.544596354167,4686.026041666667,4769.705078125,89189600
2023-08-09,4769.70556640625,4790.6253276624175,4706.946282637747,4727.866043893914,91930000
2023-08-10,4769.70556640625,4790.6253276624175,4748.7858051500825,4748.7858051500825,85474200
2023-08-11,4727.86572265625,4769.705242325775,4727.86572265625,4748.785482491013,74321000
2023-08-14,4727.86572265625,4748.785482491013,4665.106443151964,4727.86572265625,127358400
2023-08-15,4665.10693359375,4748.785981729961,4665.10693359375,4727.8662196959085,89597300
2023-08-16,4623.26708984375,4665.106611018807,4560.507808081165,4644.186850431278,188191900
2023-08-18,4665.10693359375,4686.026695627803,4602.347647491592,4602.347647491592,121561200
2023-08-21,4602.34765625,4665.106942471592,4602.34765625,4644.187180397727,91640000
2023-08-22,4665.10693359375,4706.946457661856,4602.347647491592,4602.347647491592,101221500
2023-08-23,4686.0263671875,4706.946127755302,4665.106606619699,4686.0263671875,78686900
2023-08-24,4644.18701171875,4706.946295660895,4644.18701171875,4706.946295660895,74407500
2023-08-25,4686.0263671875,4686.0263671875,4623.267085484096,4644.186846051897,65096500
2023-08-28,4644.18701171875,4706.946295660895,4644.18701171875,4686.026534346847,37126600
2023-08-29,4686.0263671875,4686.0263671875,4623.267085484096,4623.267085484096,57547200
2023-08-30,4623.26708984375,4686.026371606335,4602.347329256221,4686.026371606335,171282700
2023-08-31,4644.18701171875,4644.18701171875,4581.427727776605,4623.267250404701,175088200
2023-09-01,4665.10693359375,4686.026695627803,4623.267409525644,4686.026695627803,87366100
2023-09-04,4706.94580078125,4706.94580078125,4665.106282552083,4686.026041666667,43898200
2023-09-05,4706.94580078125,4727.865559895833,4686.026041666667,4706.94580078125,72464300
2023-09-06,4665.10693359375,4727.8662196959085,4665.10693359375,4706.946457661856,106367800
2023-09-07,4560.5078125,4644.186854931193,4560.5078125,4623.267094323394,157998600
2023-09-08,4476.8291015625,4560.508150189837,4434.989577248832,4539.588388033002,243324500
2023-09-11,4539.58837890625,4539.58837890625,4434.989568332373,4476.829092561924,80474100
2023-09-12,4497.74853515625,4581.427577670785,4497.74853515625,4560.507817042151,121654400
2023-09-13,4518.66845703125,4539.588218406395,4476.828934280961,4476.828934280961,59408000
2023-09-14,4539.58837890625,4539.58837890625,4455.909330447148,4455.909330447148,76831700
2023-09-15,4497.74853515625,4560.507817042151,4497.74853515625,4518.668295784883,141455400
2023-09-18,4455.9091796875,4518.668463908451,4434.9894182805165,4476.828941094484,61329000
2023-09-19,4497.74853515625,4497.74853515625,4434.989253270349,4455.909013898982,50612700
2023-09-20,4497.74853515625,4560.507817042151,4476.828774527617,4476.828774527617,98710100
2023-09-21,4476.8291015625,4539.588388033002,4476.8291015625,4539.588388033002,68584900
2023-09-22,4476.8291015625,4539.588388033002,4476.8291015625,4476.8291015625,83184100
2023-09-25,4434.9892578125,4476.828779112619,4351.310215212265,4455.909018462559,120196700
2023-09-26,4351.310546875,4414.069833608774,4351.310546875,4393.150071364183,180280600
2023-09-27,4372.22998046875,4434.989262485048,4330.390459124552,4330.390459124552,119774700
2023-09-29,4372.22998046875,4455.909023157147,4372.22998046875,4434.989262485048,140331100
2023-10-02,4393.14990234375,4434.989425223214,4393.14990234375,4393.14990234375,81674600
2023-10-03,4414.06982421875,4434.989586418838,4393.150062018661,4393.150062018661,54462700
2023-10-04,4393.14990234375,4414.069663783483,4351.310379464286,4393.14990234375,121445000
2023-10-05,4330.39013671875,4414.069173177083,4330.39013671875,4393.1494140625,116814800
2023-10-06,4330.39013671875,4393.1494140625,4330.39013671875,4351.309895833333,70202300
2023-10-09,4288.55029296875,4372.229323075458,4288.55029296875,4351.3095655487805,144477000
2023-10-10,4330.39013671875,4393.1494140625,4288.550618489583,4288.550618489583,98457000
2023-10-11,4393.14990234375,4414.069663783483,4309.470856584821,4309.470856584821,100394800
2023-10-12,4434.9892578125,4497.748539762677,4414.069497162442,4434.9892578125,174022400
2023-10-13,4414.06982421875,4455.909348618928,4393.150062018661,4414.06982421875,84648800
2023-10-16,4393.14990234375,4455.909186662946,4393.14990234375,4455.909186662946,45782300
2023-10-17,4309.470703125,4414.069506598908,4309.470703125,4393.149745904126,127287200
2023-10-18,4309.470703125,4372.229985209345,4288.550942430218,4288.550942430218,77217600
2023-10-19,4183.9521484375,4309.470712890625,4183.9521484375,4267.63119140625,195831400
2023-10-20,4225.791015625,4267.630530631189,4150.4798886138615,4167.215694616337,173353600
2023-10-23,4183.9521484375,4246.711430664062,4175.584244140625,4183.9521484375,82756100
2023-10-24,4267.630859375,4267.630859375,4142.1123046875,4183.951822916667,104021500
2023-10-25,4330.39013671875,4351.309895833333,4267.630859375,4267.630859375,142215000
2023-10-26,4117.0087890625,4330.390342154154,4117.0087890625,4330.390342154154,330618800
2023-10-27,4183.9521484375,4225.791669921875,4133.74472265625,4142.112626953125,129599800
2023-10-30,4183.9521484375,4204.871909179688,4158.8484355468745,4167.21633984375,108523700
2023-10-31,4150.48046875,4183.952085433468,4150.48046875,4167.216277091734,106760300
2023-11-01,4041.697265625,4150.480007763976,4041.697265625,4117.008394798137,191567200
2023-11-02,4183.9521484375,4246.711430664062,4108.641009765624,4133.74472265625,208075400
2023-11-03,4267.630859375,4330.39013671875,4204.87158203125,4204.87158203125,125504000
2023-11-06,4351.310546875,4351.310546875,4267.631497896635,4267.631497896635,122333800
2023-11-07,4393.14990234375,4414.069663783483,4330.390618024554,4372.230140904018,137039400
2023-11-08,4372.22998046875,4393.149741140849,4330.390459124552,4351.310219796651,86713700
2023-11-09,4351.310546875,4414.069833608774,4351.310546875,4372.230309119592,66236400
2023-11-10,4246.7109375,4309.470212438424,4225.791179187192,4309.470212438424,113811900
2023-11-13,4204.87158203125,4288.550618489583,4204.87158203125,4246.711100260417,63126900
2023-11-14,4246.7109375,4288.550454125616,4225.791179187192,4246.7109375,85419500
2023-11-15,4393.14990234375,4434.989425223214,4330.390618024554,4351.310379464286,193790400
2023-11-16,4393.14990234375,4414.069663783483,4330.390618024554,4414.069663783483,99488800
2023-11-17,4372.22998046875,4393.149741140849,4330.390459124552,4330.390459124552,70727500
2023-11-20,4393.14990234375,4414.069663783483,4330.390618024554,4330.390618024554,54123600
2023-11-21,4351.310546875,4393.150071364183,4330.390784630409,4372.230309119592,104110500
2023-11-22,4414.06982421875,4434.989586418838,4330.390775418395,4330.390775418395,103585500
2023-11-23,4476.8291015625,4518.668625876168,4434.989577248832,4455.909339405666,174572400
2023-11-24,4518.66845703125,4560.50797978154,4497.748695656105,4518.66845703125,92571400
2023-11-27,4476.8291015625,4560.508150189837,4476.8291015625,4539.588388033002,76019100
2023-11-28,4476.8291015625,4539.588388033002,4455.909339405666,4455.909339405666,147993400
2023-11-29,4434.9892578125,4497.748539762677,4434.9892578125,4476.828779112619,106197800
2023-11-30,4414.06982421875,4497.748873019105,4414.06982421875,4497.748873019105,224426400
2023-12-01,4476.8291015625,4497.748863719335,4414.069815091998,4414.069815091998,99499500
2023-12-04,4602.34765625,4665.106942471592,4560.508132102273,4560.508132102273,235595700
2023-12-05,4560.5078125,4602.3473337155965,4539.588051892202,4539.588051892202,114689900
2023-12-06,4539.58837890625,4560.508141021025,4518.668616791474,4539.58837890625,119716700
2023-12-07,4581.42724609375,4581.42724609375,4518.66796875,4518.66796875,102126600
2023-12-08,4497.74853515625,4560.507817042151,4497.74853515625,4539.588056413518,130542600
2023-12-11,4434.9892578125,4497.748539762677,4434.9892578125,4455.909018462559,124468600
2023-12-12,4455.9091796875,4518.668463908451,4455.9091796875,4497.748702501467,134501600
2023-12-13,4434.9892578125,4476.828779112619,4414.069497162442,4434.9892578125,98881600
2023-12-14,4644.18701171875,4644.18701171875,4539.588205148508,4560.507966462556,239261700
2023-12-15,4644.18701171875,4686.026534346847,4644.18701171875,4665.106773032799,252448800
2023-12-18,4602.34765625,4665.106942471592,4602.34765625,4665.106942471592,102780900
2023-12-19,4644.18701171875,4644.18701171875,4560.507966462556,4560.507966462556,135207300
2023-12-20,4644.18701171875,4769.705579603041,4644.18701171875,4769.705579603041,138470900
2023-12-21,4665.10693359375,4686.026695627803,4623.267409525644,4644.187171559697,99049600
2023-12-22,4748.78515625,4769.704914647577,4686.025881057269,4727.865397852423,109411300
2023-12-27,4706.94580078125,4790.624837239583,4706.94580078125,4769.705078125,122236700
2023-12-28,4790.62548828125,4811.54525023881,4748.7859643661295,4769.70572632369,121434600
2023-12-29,4790.62548828125,4811.54525023881,4748.7859643661295,4811.54525023881,93126000
2024-01-02,4819.49951171875,4819.49951171875,4777.036960954708,4798.268236336729,91143100
2024-01-03,4755.80615234375,4798.268707275391,4755.80615234375,4777.03742980957,83659700
2024-01-04,4840.7314453125,4840.7314453125,4734.575053967928,4755.8063322368425,92683500
2024-01-05,4883.19384765625,4968.118958050271,4840.731292459239,4861.962570057744,134929600
2024-01-08,4777.037109375,4925.656041666666,4777.037109375,4883.193489583333,152015000
2024-01-09,4840.7314453125,4840.7314453125,4777.037610505757,4777.037610505757,105666200
2024-01-10,4840.7314453125,4840.7314453125,4777.037610505757,4777.037610505757,82626400
2024-01-11,4883.19384765625,4925.656402853261,4840.731292459239,4883.19384765625,116804400
2024-01-12,4968.11865234375,4968.11865234375,4904.424823467548,4925.656099759615,109715700
2024-01-15,4946.88720703125,5010.581033731223,4904.424655897935,4968.118482597908,115126700
2024-01-16,4946.88720703125,4989.349758164565,4904.424655897935,4946.88720703125,97074300
2024-01-17,4904.4248046875,4946.887357109037,4883.193528476731,4946.887357109037,107941600
2024-01-18,4883.19384765625,4925.656402853261,4840.731292459239,4925.656402853261,87259100
2024-01-19,4925.65625,4925.65625,4840.73114224138,4883.193696120689,75370700
2024-01-22,4904.4248046875,4925.656080898269,4840.730976055195,4904.4248046875,97545600
2024-01-23,4840.7314453125,4883.194001850329,4798.268888774672,4840.7314453125,122999700
2024-01-24,4798.2685546875,4840.731108268806,4734.574724315542,4819.499831478153,104225000
2024-01-25,4692.1123046875,4798.26869167138,4692.1123046875,4734.574859481052,120478800
2024-01-26,4607.1875,4649.650057603687,4585.9562211981565,4628.418778801844,185244400
2024-01-29,4734.5751953125,4734.5751953125,4585.956242993274,4585.956242993274,145629600
2024-01-30,4777.037109375,4798.268385416666,4649.649453125,4692.112005208333,150513700
2024-01-31,4840.7314453125,4904.425280119243,4819.500167043586,4861.962723581415,245117200
2024-02-01,4883.19384765625,4925.656402853261,4861.962570057744,4904.425125254756,156633900
2024-02-02,4968.11865234375,4968.11865234375,4883.1935471754805,4925.656099759615,177209700
2024-02-05,4904.4248046875,4946.887357109037,4883.193528476731,4925.656080898269,113760000
2024-02-06,4946.88720703125,5010.581033731223,4925.655931464592,5010.581033731223,126704300
2024-02-07,4968.11865234375,5010.581204927885,4946.887376051683,4968.11865234375,147005300
2024-02-12,5116.73779296875,5116.73779296875,4968.118852924014,4989.350130073262,171514600
2024-02-13,5095.50634765625,5137.9689005533855,5053.0437947591145,5137.9689005533855,145852200
2024-02-15,5201.6630859375,5329.050753348214,5180.431808035714,5329.050753348214,308685100
2024-02-16,5222.89404296875,5265.356596163618,5201.662766371316,5222.89404296875,130814400
2024-02-19,5180.431640625,5244.125472272029,5159.200363409324,5201.6629178406765,111382900
2024-02-20,5350.28173828125,5350.28173828125,5244.125354585194,5244.125354585194,160872600
2024-02-21,5350.28173828125,5413.975568498884,5286.587908063616,5371.513015020461,168423000
2024-02-22,5307.8193359375,5350.281890625,5286.588058593749,5307.8193359375,100256000
2024-02-23,5201.6630859375,5244.125641741071,5137.969252232143,5201.6630859375,148643000
2024-02-26,5244.12548828125,5265.356765561741,5159.200379159286,5180.431656439777,98920800
2024-02-27,5201.6630859375,5265.356919642857,5201.6630859375,5201.6630859375,99187500
2024-02-28,5286.587890625,5286.587890625,5180.431507279117,5180.431507279117,97236700
2024-02-29,5201.6630859375,5265.356919642857,5201.6630859375,5222.894363839286,173774600
2024-03-01,5201.6630859375,5244.125641741071,5159.200530133929,5244.125641741071,76286400
2024-03-04,5137.96923828125,5201.663071813662,5137.96923828125,5201.663071813662,70354900
2024-03-05,5201.6630859375,5244.125641741071,5159.200530133929,5180.431808035714,115084600
2024-03-06,5265.3564453125,5265.3564453125,5180.431341355847,5180.431341355847,84108800
2024-03-07,5286.587890625,5329.050443963353,5265.356613955823,5265.356613955823,117724700
2024-03-08,5392.744140625,5435.206692913385,5307.819036048228,5329.050312192421,163060000
2024-03-13,5435.20703125,5477.669586181641,5392.744476318359,5392.744476318359,195173100
2024-03-14,5421.982421875,5466.063579776423,5333.820106072154,5444.023000825711,271254000
2024-03-15,5267.6982421875,5355.860555864279,5245.657663768306,5289.738820606695,305995800
2024-03-18,5289.73876953125,5377.901082356771,5267.69819132487,5289.73876953125,110564700
2024-03-19,5289.73876953125,5333.819925944011,5267.69819132487,5289.73876953125,114338600
2024-03-20,5377.9013671875,5377.9013671875,5289.739049692623,5289.739049692623,120885400
2024-03-21,5377.9013671875,5466.063684682377,5377.9013671875,5444.023105308658,136020000
2024-03-22,5399.94189453125,5399.94189453125,5333.820157047194,5333.820157047194,46529200
2024-03-25,5510.14501953125,5510.14501953125,5399.9421191406245,5510.14501953125,115729600
2024-03-26,5554.22607421875,5554.22607421875,5466.063755580357,5554.22607421875,120748400
2024-03-27,5510.14501953125,5576.266759765625,5488.1044394531245,5554.2261796875,73308900
2024-03-28,5333.81982421875,5466.063290934918,5311.779246432722,5377.900979790806,288926900
2024-04-01,5223.6171875,5311.779502900844,5135.454872099156,5289.738924050633,217207800
2024-04-02,5003.21142578125,5245.657794431443,4959.130267844851,5157.495478558645,412180900
2024-04-03,4959.1298828125,5003.211037326389,4870.967573784722,4915.0487282986105,333518700
2024-04-04,5025.251953125,5069.3331106085525,4981.170795641448,4981.170795641448,131936100
2024-04-05,4981.1708984375,5025.252056830752,4959.130319240874,4959.130319240874,178817800
2024-04-16,4716.68408203125,4915.0493004344335,4716.68408203125,4738.724661853826,600717500
2024-04-17,4672.6025390625,4848.927163178066,4672.6025390625,4826.88658516362,244002000
2024-04-18,4826.88671875,4848.927297374429,4672.602668378996,4672.602668378996,247410700
2024-04-19,4650.56201171875,4738.724324737114,4628.521433464159,4716.683746482523,258211500
2024-04-22,4672.6025390625,4694.643117076946,4540.3590709758255,4584.440227004717,342282800
2024-04-23,4672.6025390625,4760.764851120283,4606.480805019163,4716.683695091391,281403100
2024-04-24,4606.4814453125,4716.684350702752,4540.359702078349,4628.52202639055,471241400
2024-04-25,4540.359375,4584.440533980583,4452.197057038835,4518.318795509709,479170900
2024-04-26,4258.2392578125,4496.277477193323,4258.2392578125,4452.196325456133,782589900
2024-04-29,4205.34228515625,4311.13705962559,4125.996204304245,4143.628666715802,700644800
2024-04-30,4355.21826171875,4452.1968060080335,4249.42348613044,4275.872180027518,565609200
2024-05-02,4196.52587890625,4337.585572314863,4143.62849387802,4328.7693414768255,636922100
2024-05-03,4187.7099609375,4258.239812911184,4152.445034950658,4196.52619243421,321697200
2024-05-06,4222.974609375,4267.055763961378,4170.077223871346,4231.790840292276,262707400
2024-05-07,4117.18017578125,4214.158723818924,4117.18017578125,4205.342492179136,304013600
2024-05-08,4125.99609375,4178.893479567308,4029.017553084936,4099.547400841346,572275800
2024-05-13,4125.99609375,4143.628555689103,4081.914938902244,4099.547400841346,320067100
2024-05-14,4170.07763671875,4240.607491039575,4143.628941348441,4161.261404928647,341458900
2024-05-15,4249.423828125,4293.504988167791,4196.526436073652,4214.158900090768,298990300
2024-05-16,4267.05615234375,4372.850932980372,4267.05615234375,4346.402237821217,371295000
2024-05-17,4337.5859375,4372.850863821138,4249.423621697154,4267.056084857723,208991800
2024-05-20,4249.423828125,4452.197164321836,4249.423828125,4399.299772270488,335150700
2024-05-21,4125.99609375,4293.504482171475,4125.99609375,4240.607096354167,271568800
2024-05-22,4161.26123046875,4205.342387571173,4099.547610525357,4099.547610525357,215066000
2024-05-27,4011.38525390625,4161.26118646978,4011.38525390625,4143.628723815247,363719300
2024-05-28,3993.752685546875,4081.9149964860994,3984.936454452952,4037.833841016487,258070200
2024-05-29,3887.957763671875,3967.303840481505,3879.1415329152496,3949.671378968254,465008500
2024-05-30,3861.50927734375,3949.671589611872,3799.795658756064,3879.141739797374,502927800
2024-05-31,3826.244384765625,3940.855391682568,3817.428153464322,3905.5904664773534,655144100
2024-06-03,3993.752685546875,4020.201378828642,3879.141681325883,3905.59037460765,345770100
2024-06-04,3923.222900390625,4046.6501377062855,3923.222900390625,4020.2014439957866,332902200
2024-06-05,3879.14208984375,3967.304410067472,3879.14208984375,3967.304410067472,240788500
2024-06-06,3967.304443359375,3967.304443359375,3870.325890299479,3923.223282877604,281534200
2024-06-07,3835.060791015625,3967.304266567888,3835.060791015625,3958.488034864404,375439600
2024-06-10,3879.14208984375,3905.5907859108665,3808.6122336647727,3835.060929731889,181387000
2024-06-11,3826.244384765625,3914.406697778658,3826.244384765625,3861.5093099708383,197854400
2024-06-12,3835.060791015625,3843.877022719109,3799.795864201688,3826.2445593121406,187332500
2024-06-13,3799.795654296875,3896.7741976780017,3790.979423080409,3879.141735245069,238349600
2024-06-14,3685.184814453125,3808.612057042464,3676.368582839601,3790.979593815416,358893200
2024-06-19,3614.65478515625,3738.082021722561,3605.838553972942,3614.65478515625,410338400
2024-06-20,3764.53076171875,3764.53076171875,3641.10352362961,3641.10352362961,387133400
2024-06-21,3914.406982421875,3958.488142133833,3755.714807458826,3773.347271343609,532713300
2024-06-24,3879.14208984375,3976.120642089844,3879.14208984375,3914.4070179332384,303830800
2024-06-25,3861.50927734375,3879.141739797374,3773.346965075628,3808.6118899828766,383572500
2024-06-26,3852.69287109375,3905.590256051559,3835.060409441147,3870.325332746353,150303400
2024-06-27,3932.0390625,3967.303986827354,3861.509213845292,3887.957907090807,299430600
2024-06-28,4055.46630859375,4090.731233016304,4037.833846382473,4046.650077488112,581319300
2024-07-01,4081.915283203125,4117.180210055852,4020.201661210853,4081.915283203125,261421200
2024-07-02,4029.017822265625,4081.9152116170335,4029.017822265625,4064.2827484998975,234403100
2024-07-03,4055.46630859375,4090.731233016304,4020.201384171196,4081.9150019106655,176310400
2024-07-04,4222.974609375,4258.239533044102,4108.3636074504175,4125.996069284968,422261500
2024-07-05,4231.791015625,4293.504634602865,4222.974784342448,4275.872172037761,218278000
2024-07-08,4187.7099609375,4258.239812911184,4178.89372944079,4231.7911184210525,222042100
2024-07-09,4293.5048828125,4346.402273565837,4187.710101305826,4214.158796682495,291320400
2024-07-10,4275.87255859375,4337.586183150773,4267.056326514175,4293.505022752899,167619700
2024-07-11,4267.05615234375,4337.586006101497,4267.05615234375,4328.769774381779,170461300
2024-07-12,4319.953125,4390.482971938775,4302.320663265306,4381.666741071429,301125400
2024-07-15,4249.423828125,4346.402380219139,4240.6075961164415,4337.586148210581,188713000
2024-07-16,4170.07763671875,4267.056186409884,4170.07763671875,4249.423722829677,189271400
2024-07-17,4196.52587890625,4240.607033096441,4161.260955554097,4187.709648068211,263325400
2024-07-18,4311.13720703125,4311.13720703125,4187.709965930151,4196.5261974373725,296614900
2024-07-19,4319.953125,4328.769355867347,4275.8719706632655,4293.504432397959,135104800
2024-07-22,4328.76953125,4355.218224923626,4302.320837576375,4337.585762474542,140128300
2024-07-23,4222.974609375,4328.769380382307,4214.158378457724,4319.953149465031,170919500
2024-07-24,4214.1591796875,4231.791644874476,4196.526714500523,4205.342947094011,116037600
2024-07-25,4143.62890625,4196.526296542554,4108.363979388298,4196.526296542554,274397700
2024-07-26,4196.52587890625,4240.607033096441,4178.893417230173,4196.52587890625,192267300
2024-07-29,4214.1591796875,4231.791644874476,4196.526714500523,4231.791644874476,126109900
2024-07-30,4117.18017578125,4178.89379725977,4117.18017578125,4161.261333980193,201835700
2024-07-31,4117.18017578125,4152.445102340404,4099.547712501673,4099.547712501673,168490300
2024-08-01,4187.7099609375,4187.7099609375,4134.812571957236,4152.445034950658,169636700
2024-08-02,4152.44482421875,4187.709748415937,4134.812362120157,4170.077286317343,113328400
2024-08-05,3993.752685546875,4117.1799208617895,3976.1202233590298,4108.363689767867,329430900
2024-08-06,4055.46630859375,4099.547464121943,3984.936459748641,4011.385153065557,238051800
2024-08-07,4073.098876953125,4090.731339623917,4046.650182946936,4090.731339623917,125937500
2024-08-08,4108.3642578125,4134.812954751207,4046.650631622184,4055.4668639350857,131343400
2024-08-09,4117.18017578125,4170.077565619981,4117.18017578125,4143.628870700616,98730900
2024-08-12,4125.99609375,4161.261017628205,4099.547400841346,4161.261017628205,83552800
2024-08-13,4161.26123046875,4187.709924730204,4134.812536207296,4143.628767627781,109533400
2024-08-14,4249.423828125,4267.056292142116,4196.526436073652,4205.3426680822095,262716500
2024-08-15,4258.2392578125,4293.504179202251,4222.974336422748,4275.871718507376,214394900
2024-08-16,4258.2392578125,4293.504179202251,4258.2392578125,4275.871718507376,149701700
2024-08-19,4249.423828125,4249.423828125,4187.710204065093,4249.423828125,196203200
2024-08-20,4364.0341796875,4364.0341796875,4267.055642361112,4284.688103693182,310085500
2024-08-21,4496.27783203125,4496.27783203125,4390.483059512868,4399.299290556066,390307000
2024-08-22,4452.19677734375,4540.359089766399,4430.156199238088,4518.3185116607365,474043100
2024-08-23,4540.359375,4584.440533980583,4518.318795509709,4540.359375,217759300
2024-08-26,4672.6025390625,4694.643117076946,4584.440227004717,4584.440227004717,361169800
2024-08-27,4562.39990234375,4650.562219297252,4496.278164628623,4628.521640058877,271088700
2024-08-28,4540.359375,4562.399954490291,4430.156477548544,4496.278216019417,277561700
2024-08-29,4518.318359375,4562.39951410061,4496.277782012196,4518.318359375,160041900
2024-08-30,4540.359375,4562.399954490291,4518.318795509709,4562.399954490291,275298000
2024-09-02,4562.39990234375,4606.481060820502,4540.359323105375,4540.359323105375,136717200
2024-09-03,4562.39990234375,4628.521640058877,4540.359323105375,4606.481060820502,166033900
2024-09-04,4496.27783203125,4562.399564855239,4496.27783203125,4496.27783203125,141890400
2024-09-05,4540.359375,4540.359375,4474.237636529127,4518.318795509709,166436800
2024-09-06,4606.4814453125,4628.52202639055,4540.359702078349,4584.44086423445,170520700
2024-09-09,4562.39990234375,4672.602798535628,4540.359323105375,4650.562219297252,201448700
2024-09-10,4628.521484375,4628.521484375,4518.318591889881,4584.440327380953,202326400
2024-09-11,4562.39990234375,4628.521640058877,4518.318743866999,4606.481060820502,165284900
2024-09-12,4562.39990234375,4606.481060820502,4540.359323105375,4562.39990234375,138542100
2024-09-13,4672.6025390625,4672.6025390625,4562.399648990271,4584.440227004717,259722600
2024-09-17,4672.6025390625,4716.683695091391,4628.521383033609,4716.683695091391,201331600
2024-09-18,4716.68408203125,4738.724661853826,4694.643502208674,4716.68408203125,186877300
2024-09-19,4760.7646484375,4848.926956741899,4760.7646484375,4782.8052255136,332941100
2024-09-20,4738.724609375,4804.846348110465,4738.724609375,4760.765188953488,260437400
2024-09-23,4848.927734375,4848.927734375,4716.684250710227,4716.684250710227,245292000
2024-09-24,4870.96826171875,4915.049422458286,4870.96826171875,4893.008842088519,195415700
2024-09-25,4694.64306640625,4782.805377512471,4584.440177523475,4760.764799735915,607065900
2024-09-26,4452.19677734375,4584.440245977723,4430.156199238088,4540.359089766399,855266800
2024-09-27,4496.27783203125,4540.358987247242,4408.115521599265,4452.196676815257,304694300
2024-09-30,4364.0341796875,4452.196486347853,4364.0341796875,4452.196486347853,539169900
2024-10-01,4474.23779296875,4474.23779296875,4381.667355872845,4381.667355872845,197069300
2024-10-02,4355.21826171875,4474.237384255598,4319.953336522647,4408.115649512904,307487600
2024-10-03,4337.5859375,4372.850863821138,4284.688548018293,4319.953474339431,354814800
2024-10-04,4284.68798828125,4337.585370852624,4275.871757852688,4293.504218709812,289960700
2024-10-07,4249.423828125,4346.402380219139,4240.6075961164415,4284.688756159232,308452200
2024-10-08,4408.11572265625,4452.196879882813,4196.52616796875,4231.79109375,527474400
2024-10-09,4346.40234375,4474.237706801471,4346.40234375,4408.115967292089,309336600
2024-10-10,4284.68798828125,4381.666522995435,4284.68798828125,4337.585370852624,226564700
2024-10-11,4319.953125,4355.218048469388,4311.136894132654,4328.769355867347,104875300
2024-10-14,4319.953125,4346.401817602041,4293.504432397959,4319.953125,125414400
2024-10-15,4337.5859375,4399.299558561992,4337.5859375,4346.402169080285,142372200
2024-10-16,4364.0341796875,4381.666641019571,4337.5854876893945,4364.0341796875,118014300
2024-10-17,4390.48291015625,4452.19652535925,4355.217987183108,4372.850448669678,188127700
2024-10-18,4381.6669921875,4452.196843168385,4372.850760814889,4430.156264736859,157113000
2024-10-21,4399.2998046875,4430.156616944827,4381.667340540456,4390.483572613978,110708200
2024-10-22,4319.953125,4381.666741071429,4319.953125,4372.850510204082,199707500
2024-10-23,4284.68798828125,4311.136679566936,4240.606836138439,4258.239296995564,222147300
2024-10-24,4249.423828125,4319.953684193465,4240.6075961164415,4249.423828125,218162100
2024-10-25,4205.34228515625,4284.688366008255,4205.34228515625,4249.423441185141,195647800
2024-10-28,4196.52587890625,4231.790802258403,4152.444724716058,4205.342109744288,191211000
2024-10-29,4143.62890625,4214.158759973404,4143.62890625,4170.077601396277,203658600
2024-10-30,4152.44482421875,4187.709748415937,4081.914975824376,4081.914975824376,296314500
2024-10-31,4231.791015625,4293.504634602865,4152.444934082031,4152.444934082031,307110400
2024-11-01,4143.62890625,4249.423686835106,4143.62890625,4205.342528257979,235656400
2024-11-04,4161.26123046875,4205.342387571173,4099.547610525357,4152.444999048265,209831500
2024-11-05,4152.44482421875,4178.89351736664,4125.99613107086,4134.812362120157,199499300
2024-11-06,4055.46630859375,4170.077312967052,4055.46630859375,4152.444850755775,249059500
2024-11-07,4011.38525390625,4090.731335851649,4011.38525390625,4064.282641869849,296218600
2024-11-08,3984.9365234375,4090.731298396018,3984.9365234375,4055.466373409845,198589900
2024-11-11,3932.0390625,4002.568911154709,3852.6929827634526,3940.8552935818384,507192300
2024-11-12,3967.304443359375,3984.936907552083,3905.590818684896,3905.590818684896,252380100
2024-11-13,4037.833984375,4064.282678595797,3932.039207491812,3940.855438898745,209627200
2024-11-14,3967.304443359375,4046.6505322265625,3967.304443359375,4029.018068033854,159871800
2024-11-15,3940.855712890625,3976.120640970183,3923.223248850846,3923.223248850846,106365600
2024-11-18,3835.060791015625,3932.039339753951,3835.060791015625,3914.406876346983,253272300
2024-11-19,3843.876953125,3887.958110844324,3835.060721581135,3835.060721581135,294838700
2024-11-20,3817.428466796875,3914.40701907116,3817.4284667968745,3879.14209097142,298734600
2024-11-21,3746.8984375,3808.6120588235294,3746.8984375,3773.347132352941,376788400
2024-11-22,3879.14208984375,3896.774553888494,3746.898609508168,3746.898609508168,280188100
2024-11-25,3940.855712890625,3993.7531050099615,3896.7745527911775,3896.7745527911775,401446400
2024-11-26,3879.14208984375,3940.855714000355,3861.509625799006,3923.2232499556103,266677500
2024-11-28,3817.428466796875,3870.325858946485,3817.4284667968745,3835.0609308467447,277081800
2024-11-29,3746.8984375,3790.979595588236,3746.8984375,3773.347132352941,412519800
2024-12-02,3676.368408203125,3773.346951345174,3667.552177008393,3764.5307201504415,337188900
2024-12-03,3738.08203125,3746.8982624557775,3711.633337632665,3738.08203125,384146700
2024-12-04,3835.060791015625,3852.693254422593,3720.44977887033,3738.082242277299,345762200
2024-12-05,3755.714599609375,3826.244451245232,3746.898368154893,3799.7957568817856,183249300
2024-12-06,3799.795654296875,3799.795654296875,3720.4495733486806,3746.898266998079,151433000
2024-12-09,3870.32568359375,3870.32568359375,3790.9795989642657,3799.795830589764,158897200
2024-12-10,3843.876953125,3861.509416212729,3782.163332317947,3843.876953125,196160900
2024-12-11,3861.50927734375,3905.590433477811,3826.244352436501,3826.244352436501,203980300
2024-12-12,3755.714599609375,3843.876914154196,3755.714599609375,3826.244451245232,226698900
2024-12-13,3676.368408203125,3773.346951345174,3676.368408203125,3729.265795371516,287838100
2024-12-16,3746.8984375,3773.347132352941,3658.7361213235295,3658.7361213235295,325441900
2024-12-17,3658.736083984375,3782.1633253718,3658.736083984375,3746.898399261107,327919000
2024-12-18,3658.736083984375,3711.6334731504144,3641.1036209290287,3676.368547039721,205055500
2024-12-19,3605.838623046875,3623.471085751261,3570.573697638104,3605.838623046875,381986300
2024-12-20,3579.389892578125,3632.287280153171,3570.5736613156173,3588.2061238406327,252689600
2024-12-23,3711.63330078125,3711.63330078125,3623.4709895987976,3641.103451835288,167689800
2024-12-24,3702.8173828125,3746.898542131697,3676.368687220982,3720.4498465401775,199536100
2024-12-27,3734.698974609375,3752.917018387957,3716.4809308307927,3734.698974609375,143104400
2024-12-30,3716.480712890625,3752.916798311121,3707.3716915355008,3716.480712890625,153934700
2025-01-02,3834.89794921875,3844.0069704758016,3725.58969413413,3734.698715391182,181361700
2025-01-03,3780.244140625,3862.225338855422,3780.244140625,3844.007294804217,134632300
2025-01-06,3734.698974609375,3807.571149723704,3734.698974609375,3807.571149723704,153048700
2025-01-07,3670.935791015625,3725.589921899232,3670.935791015625,3716.480900085298,171997400
2025-01-08,3716.480712890625,3734.698755600873,3670.9356061150047,3670.9356061150047,133655700
2025-01-09,3670.935791015625,3734.698943713167,3670.935791015625,3707.371878271363,99300400
2025-01-10,3652.7177734375,3698.262882831983,3652.7177734375,3670.9358171952927,132774300
2025-01-13,3506.97314453125,3634.499440696023,3506.97314453125,3634.499440696023,413408100
2025-01-14,3461.42822265625,3570.736482319079,3461.42822265625,3479.6462659333883,293621700
2025-01-15,3725.58984375,3725.58984375,3497.864303178484,3497.864303178484,407813500
2025-01-16,3789.35302734375,3862.225200946514,3762.0259622427134,3834.898135845478,349387500
2025-01-17,3725.58984375,3816.680059978607,3716.48082212714,3780.243973487164,268758600
2025-01-20,3844.007080078125,3844.007080078125,3762.02588642717,3762.02588642717,167348600
2025-01-21,3880.443115234375,3989.751372001541,3871.334093837111,3889.552136631639,345223800
2025-01-22,3880.443115234375,3935.0972436179577,3853.116051042584,3925.988222220694,193218900
2025-01-23,3916.879150390625,3953.315235510538,3880.443065270712,3880.443065270712,216018100
2025-01-24,3816.679931640625,3962.4242727056608,3816.679931640625,3962.4242727056608,276421900
2025-01-30,3752.9169921875,3798.462101315989,3725.5899267104064,3762.0260140131977,220222400
2025-01-31,3844.007080078125,3898.661209178762,3780.243929460716,3798.461972494261,192622700
2025-02-03,3871.334228515625,3889.5522719439336,3780.244011374081,3825.7891199448527,220285800
2025-02-04,3880.443115234375,3916.8792008234304,3825.788986850792,3880.443115234375,231917500
2025-02-05,3771.135009765625,3871.3342491555327,3771.135009765625,3871.3342491555327,209834400
2025-02-06,3616.281494140625,3789.352900661209,3588.9544299531644,3752.916815077928,378545500
2025-02-07,3670.935791015625,3670.935791015625,3588.954594690214,3616.281660132018,259636200
2025-02-10,3616.281494140625,3689.153665307186,3598.0634513489845,3643.6085583280856,201999400
2025-02-11,3652.7177734375,3680.044839074189,3552.518532769638,3616.281685921914,276382800
2025-02-12,3670.935791015625,3698.262856457429,3598.0636165041487,3607.172638318083,362571900
2025-02-13,3634.499755859375,3670.935843637414,3607.172690025846,3643.608777803885,341640600
2025-02-14,3516.08251953125,3652.717850601117,3506.973497459925,3643.608828529793,524909600
2025-02-17,3670.935791015625,3670.935791015625,3525.191441992672,3525.191441992672,265737100
2025-02-18,3780.244140625,3807.571206701808,3670.935876317771,3670.935876317771,374350700
2025-02-19,3661.82666015625,3807.571004839086,3652.717638613573,3789.352961753732,348358600
2025-02-20,3561.62744140625,3661.826678888267,3561.62744140625,3616.281570941896,312753300
2025-02-21,3543.409423828125,3579.8455104484656,3525.1913805179547,3561.6274671382957,205268800
2025-02-24,3570.736572265625,3588.9546160016744,3525.1914629255025,3552.518528529576,138610800
2025-02-25,3461.42822265625,3570.736482319079,3461.42822265625,3534.300395764803,404555100
2025-02-26,3479.646240234375,3516.082326519552,3424.99211080661,3461.428197091787,242834100
2025-02-27,3306.574951171875,3461.4283235408056,3288.356907363765,3452.319301636751,410928000
2025-02-28,3060.631103515625,3224.593484061105,3060.631103515625,3188.157399495443,1000597600
2025-03-03,3343.010986328125,3406.7741386559096,3160.830551105884,3206.375659911444,744626800
2025-03-04,3343.010986328125,3388.556095133685,3279.2478340003404,3352.120008089237,338434700
2025-03-05,3497.8642578125,3552.5183868408203,3379.446978251139,3379.446978251139,441151000
2025-03-06,3598.0634765625,3634.499562401108,3525.191304885285,3525.191304885285,434485100
2025-03-07,3470.537353515625,3579.84561661848,3470.537353515625,3579.84561661848,243793600
2025-03-10,3424.9921875,3470.53729637633,3397.665122174202,3452.319252825798,232192200
2025-03-11,3452.3193359375,3452.3193359375,3333.902050008245,3370.3381379864777,273961800
2025-03-12,3543.409423828125,3570.7364887933804,3470.537250587444,3470.537250587444,271631200
2025-03-13,3461.42822265625,3616.2815905119246,3461.42822265625,3607.172568873355,209225700
2025-03-14,3415.88330078125,3497.8645,3415.88330078125,3415.88330078125,156131900
2025-03-17,3488.755126953125,3497.864148172324,3397.6649147611374,3443.210020857131,162467700
2025-03-18,3352.119873046875,3516.082258141559,3188.157487952191,3497.864215353261,416894600
2025-03-19,3379.447021484375,3443.2101728331368,3352.11995662062,3379.447021484375,352217700
2025-03-20,3333.90185546875,3424.992070099044,3315.683812542692,3397.665005709956,313033000
2025-03-21,3370.337890625,3370.337890625,3233.702570734797,3279.247677364865,627645600
2025-03-24,3288.356689453125,3406.7739663586394,3206.375497749308,3324.7927746548216,342883200
2025-03-25,3461.42822265625,3497.8643092105262,3333.901919716283,3333.901919716283,331285900
2025-03-26,3643.608642578125,3661.826685791016,3516.0823400878903,3525.191361694336,540888800
2025-03-27,3689.15380859375,3689.15380859375,3579.84554759838,3643.608699845679,322553200
2025-04-08,3315.68408203125,3415.8833262684584,3142.6126601669816,3151.7216823703643,734807100
2025-04-09,3306.574951171875,3379.4471264043127,3279.2478854597107,3288.356907363765,366649900
2025-04-10,3461.42822265625,3579.845503957648,3434.101157740543,3570.736482319079,417562900
2025-04-11,3498.4365234375,3517.711655798037,3459.886258716426,3469.5238248966944,301200600
2025-04-14,3556.261962890625,3556.261962890625,3488.798998824949,3498.436565120045,169458300
2025-04-15,3556.261962890625,3643.000059546494,3546.624396595528,3594.8122280710118,254224400
2025-04-16,3517.711669921875,3565.899501016695,3469.5238388270545,3556.261934797731,233772400
2025-04-17,3508.07421875,3536.9869183550827,3479.1615191449177,3536.9869183550827,121059300
2025-04-21,3488.799072265625,3527.34933825751,3440.6112397757684,3488.799072265625,107470200
2025-04-22,3498.4365234375,3517.711655798037,3469.5238248966944,3469.5238248966944,147116900
2025-04-23,3623.724853515625,3652.637551814952,3508.074060318318,3527.349192517869,432999900
2025-04-24,3594.812255859375,3700.825485924933,3585.1746894897788,3652.637654076952,272537300
2025-04-25,3604.44970703125,3652.637537339154,3594.812140969669,3633.362405215993,136517100
2025-04-28,3700.825439453125,3710.4630057017007,3643.00004196167,3652.6376082102456,212945800
2025-04-29,3710.462890625,3729.738022524351,3681.550192775974,3720.100456574676,160631400
2025-04-30,3710.462890625,3710.462890625,3633.362363027597,3671.912626826299,226832200
2025-05-02,3739.375732421875,3777.9259977045754,3710.46303345985,3777.9259977045754,205628100
2025-05-05,3720.1005859375,3777.925983646373,3720.1005859375,3758.650851076749,196917100
2025-05-06,3739.375732421875,3758.650865063225,3700.825467139175,3700.825467139175,111333800
2025-05-07,3768.288330078125,3768.288330078125,3729.7380658318016,3758.650764016544,119763100
2025-05-08,3652.6376953125,3816.4763254452505,3643.000128834103,3768.288493053265,224121900
2025-05-09,3700.825439453125,3700.825439453125,3623.724909464518,3671.9127407073975,147638100
2025-05-14,3941.7646484375,3941.7646484375,3816.476285528729,3855.02655103912,461642400
2025-05-15,4115.24072265625,4153.790987037105,3980.314797323258,3989.952363418472,537151700
2025-05-16,4095.965576171875,4173.066104664522,4009.227481617647,4153.79097254136,289337600
2025-05-19,4076.6904296875,4105.60312777039,4047.77773160461,4076.6904296875,145935500
2025-05-20,4057.415283203125,4124.878245156621,4018.865019229698,4076.6904151898384,209576900
2025-05-21,4105.60302734375,4153.790856303184,4057.4151983843167,4057.4151983843167,256020200
2025-05-22,4144.1533203125,4153.790886173691,4086.3279251453487,4124.878188590116,208291800
2025-05-23,4192.34130859375,4211.616441047055,4173.066176140445,4192.34130859375,108182800
2025-05-26,4163.4287109375,4192.341410319011,4105.60331217448,4192.341410319011,149418600
2025-05-27,4211.6162109375,4211.6162109375,4124.878119636728,4163.428382437071,180028000
2025-05-28,4288.716796875,4288.716796875,4163.428441011236,4201.978704353933,466133500
2025-06-02,4047.77783203125,4230.89159109933,4047.77783203125,4201.978892299107,389541100
2025-06-03,4047.77783203125,4076.690530831473,3970.677301897321,4057.415398297991,277902300
2025-06-04,3932.126953125,4076.690444048713,3932.126953125,4076.690444048713,279755300
2025-06-05,3951.402099609375,3989.952363995808,3903.214269126334,3961.039665705983,230129500
2025-06-10,3999.590087890625,4009.22765436747,3951.4022555064007,3951.4022555064007,179827500
2025-06-11,3922.489501953125,3989.952466360181,3912.85193560926,3980.314900016316,196558700
2025-06-12,3922.489501953125,3951.40220098472,3912.85193560926,3922.489501953125,113850500
2025-06-13,3855.0263671875,3903.214196777344,3835.7512353515626,3874.301499023437,283826000
2025-06-16,3845.388916015625,3864.664048426731,3816.476217398967,3835.751349810073,155450700
2025-06-17,3816.476318359375,3883.9392835828994,3816.476318359375,3864.664150661893,125769400
2025-06-18,3797.201171875,3816.476304727157,3758.650906170685,3806.838738301079,140882100
2025-06-19,3662.275146484375,3777.9259405838816,3662.275146484375,3758.650808233964,355413000
2025-06-20,3652.6376953125,3700.8255277044855,3604.4498629205145,3604.4498629205145,516177900
2025-06-23,3585.174560546875,3614.087258615801,3527.3491644090223,3594.8121265698505,222067700
2025-06-24,3643.0,3758.6507936507937,3633.362433862434,3681.5502645502647,281594300
2025-06-25,3623.724853515625,3691.1878162140542,3594.8121552162984,3691.1878162140542,164257700
2025-06-26,3691.187744140625,3691.187744140625,3614.0872168478704,3642.9999145826537,171427000
2025-06-30,3604.44970703125,3700.8253676470586,3594.812140969669,3700.8253676470586,271933200
2025-07-01,3565.8994140625,3652.6375079180734,3536.9867161106417,3642.9999419341216,212288800
2025-07-02,3546.624267578125,3565.899399467137,3508.074003800102,3517.711569744608,220273500
2025-07-03,3546.624267578125,3594.812097300654,3546.624267578125,3575.5369654116425,119674300
2025-07-04,3536.98681640625,3575.537081435201,3517.7116838917746,3546.624382663488,91141200
2025-07-07,3565.8994140625,3565.8994140625,3517.7115841427367,3536.9867161106417,78783800
2025-07-08,3536.98681640625,3565.899515177963,3517.7116838917746,3556.261948920725,115551200
2025-07-09,3546.624267578125,3565.899399467137,3517.711569744608,3517.711569744608,92437900
2025-07-10,3729.738037109375,3739.375603096738,3546.6242833494834,3556.261849336846,290117200
2025-07-11,3739.375732421875,3777.9259977045754,3729.7381661012,3777.9259977045754,255634700
2025-07-14,3643.0,3749.013227513228,3614.0873015873017,3739.375661375661,167151400
2025-07-15,3739.375732421875,3739.375732421875,3643.0000692151257,3662.275201856475,183209300
2025-07-16,3739.375732421875,3816.4762629872735,3739.375732421875,3806.8386966666,241966800
2025-07-17,3749.01318359375,3787.5634476924,3739.375617569088,3787.5634476924,111359500
2025-07-18,3720.1005859375,3797.201116215997,3720.1005859375,3768.2884173615607,111030000
2025-07-21,3691.187744140625,3758.650705521785,3691.187744140625,3749.013139610191,89765800
2025-07-22,3700.825439453125,3739.375704447428,3691.187873204549,3720.100571950277,84902800
2025-07-23,3662.275146484375,3720.100543534128,3652.637580309416,3700.82541118421,132305000
2025-07-24,3806.838623046875,3806.838623046875,3681.5502633010287,3691.1878294353246,206654200
2025-07-25,3739.375732421875,3806.8386966666,3729.7381661012,3806.8386966666,86263700
2025-07-28,3797.201171875,3806.838738301079,3777.9260390228415,3797.201171875,94898300
2025-07-29,3777.926025390625,3787.5635917819272,3758.65089260802,3787.5635917819272,98887100
2025-07-30,3643.0,3768.28835978836,3633.362433862434,3768.28835978836,206358500
2025-07-31,3575.537109375,3652.637640035377,3565.8995430424525,3643.00007370283,163371700
2025-08-01,3604.44970703125,3662.275103400735,3604.44970703125,3662.275103400735,134100500
2025-08-04,3575.537109375,3604.449808372641,3556.2619767099054,3585.174675707547,104446300
2025-08-05,3604.44970703125,3652.637537339154,3565.8994427849266,3565.8994427849266,184822600
2025-08-06,3575.537109375,3643.00007370283,3575.537109375,3633.362507370283,100168200
2025-08-07,3575.537109375,3614.0873747051887,3565.8995430424525,3594.812242040094,92746000
2025-08-08,3565.8994140625,3594.8121120143583,3565.8994140625,3575.5369800464528,133180100
2025-08-11,3671.912841796875,3671.912841796875,3585.174743171752,3585.174743171752,143167900
2025-08-12,3903.21435546875,3903.21435546875,3691.187896653164,3720.1005955825617,404797800
2025-08-13,3932.126953125,3951.4020852481617,3845.388858570772,3912.8518210018383,292104000
2025-08-14,3912.851806640625,3951.402070745459,3893.576674588208,3932.126938693042,164408100
2025-08-15,3970.67724609375,3999.589944487636,3922.489415437272,3951.402113831159,269255400
2025-08-19,3893.57666015625,3951.402056099165,3864.6639621847926,3941.764490108679,208409700
2025-08-20,3999.590087890625,3999.590087890625,3903.214423122176,3903.214423122176,173260400
2025-08-21,3999.590087890625,4018.865220844315,3941.764689029556,4009.22765436747,112477700
2025-08-22,3951.402099609375,4018.865062285633,3951.402099609375,4018.865062285633,71971500
2025-08-25,4057.415283203125,4115.240679163265,4018.865019229698,4028.502585223055,195322200
2025-08-26,4018.864990234375,4067.052819853492,4018.864990234375,4067.052819853492,267465600
2025-08-27,3980.31494140625,3999.590074294416,3922.4895427417528,3980.31494140625,123874000
2025-08-28,3989.952392578125,3999.589958743773,3961.039694081182,3980.3148264124775,60838200
2025-08-29,3903.21435546875,3970.6773196373456,3874.301656539352,3951.402187017746,217276600
2025-09-01,3835.75146484375,3864.664164327497,3720.100666908763,3787.563632370839,234206100
2025-09-02,3816.476318359375,3903.214416503906,3816.476318359375,3835.7514512803823,111856000
2025-09-03,3883.939208984375,3883.939208984375,3806.838678781212,3874.30164270898,112507500
2025-09-04,3855.0263671875,3864.663933105469,3816.476103515625,3835.7512353515626,87402700
2025-09-08,3758.65087890625,3922.489506961138,3749.01331255008,3922.489506961138,143993900
2025-09-09,3652.6376953125,3749.013360096471,3614.087429398912,3729.738227139677,327167200
2025-09-10,3739.375732421875,3749.01329874255,3681.550334497825,3681.550334497825,117680500
2025-09-11,3932.126953125,3970.6772173713234,3835.751292509191,3855.0264246323527,281910400
2025-09-12,4028.502685546875,4038.1402517802408,3961.039721913315,4028.502685546875,235383800
2025-09-15,3989.952392578125,4067.0529219033065,3970.67726024683,4047.777789572011,157482000
2025-09-16,3980.31494140625,4018.865207182582,3932.1271091858353,4009.227640738499,167511900
2025-09-17,4067.052978515625,4067.052978515625,3970.677315517624,4009.227580716824,245154800
2025-09-18,4095.965576171875,4115.240708295037,4057.415311925552,4115.240708295037,332670300
2025-09-19,4095.965576171875,4095.965576171875,4028.502613740809,4076.690444048713,211373200
2025-09-22,4009.2275390625,4095.965634859525,3961.039708064153,4095.965634859525,157592800
2025-09-23,3989.952392578125,4018.865091075068,3961.039694081182,3970.67726024683,110771700
2025-09-24,4018.864990234375,4018.864990234375,3951.402028767611,3989.952292462905,124591600
2025-09-25,3922.489501953125,4018.865165391776,3903.2143692653945,4018.865165391776,129656800
2025-09-26,3893.57666015625,3932.126924118193,3855.026396194307,3903.214226146736,146229200
2025-09-29,3835.75146484375,3893.576863811244,3816.4763318545856,3893.576863811244,126611800
2025-09-30,3758.65087890625,3835.751409755609,3758.65087890625,3835.751409755609,217357100
2025-10-01,3671.912841796875,3797.201206477608,3662.275275282973,3720.100674366388,223133600
2025-10-02,3575.537109375,3652.637640035377,3575.537109375,3623.724941037736,379620000
2025-10-03,3556.261962890625,3614.087360661204,3546.624396595528,3575.537095480818,214737100
2025-10-06,3527.34912109375,3604.449648330772,3508.0739892844945,3565.8993847122606,190283900
2025-10-07,3575.537109375,3585.174675707547,3536.9868440448117,3556.2619767099054,155933000
2025-10-08,3585.174560546875,3604.4496925928256,3536.9867304319973,3594.8121265698505,148263700
2025-10-09,3720.1005859375,3787.563549931185,3508.074127671632,3556.261959095693,479239500
2025-10-10,3594.812255859375,3652.637654076952,3556.2619903809905,3652.637654076952,277252300
2025-10-13,3527.34912109375,3575.5369506168886,3527.34912109375,3546.624252903005,181694400
2025-10-14,3421.3359375,3556.2618617957746,3421.3359375,3508.074031690141,278639100
2025-10-15,3373.148193359375,3459.8862897600447,3324.9603620256694,3440.611157226562,468733500
2025-10-16,3402.060791015625,3450.2486209166964,3353.872961114554,3373.1480930749826,227629500
2025-10-17,3373.148193359375,3440.611157226562,3363.510627092634,3402.060892159598,244442400
2025-10-20,3546.624267578125,3594.812097300654,3411.6983443550444,3421.33591029955,391510300
2025-10-21,3623.724853515625,3652.637551814952,3575.537023016747,3642.999985715176,293000200
2025-10-22,3565.8994140625,3681.5502058699326,3546.6242820945945,3652.6375079180734,329470700
2025-10-23,3681.55029296875,3681.55029296875,3565.899498425229,3585.174630849149,225902700
2025-10-24,3710.462890625,3768.288286323052,3681.550192775974,3681.550192775974,313903600
2025-10-27,3720.1005859375,3787.563549931185,3614.087356804566,3739.375718507124,332539600
2025-10-28,3710.462890625,3720.100456574676,3642.9999289772727,3710.462890625,239026800
2025-10-29,3749.01318359375,3749.01318359375,3652.637523347124,3691.187787445774,215008600
2025-10-30,3768.288330078125,3845.388858570772,3729.7380658318016,3758.650764016544,287905300
2025-10-31,3835.75146484375,3874.301730822079,3777.926065876256,3787.563632370839,348755700
2025-11-03,3893.57666015625,3903.214226146736,3864.6639621847926,3903.214226146736,163770500
2025-11-04,3826.11376953125,3903.214298892081,3826.11376953125,3883.939166551873,241154700
2025-11-05,3835.75146484375,3845.3890313383326,3768.288499381674,3797.201198865421,139859100
2025-11-06,3855.0263671875,3864.663933105469,3806.838537597656,3835.7512353515626,130808100
2025-11-07,3835.75146484375,3864.664164327497,3835.75146484375,3855.026597832915,87287600
2025-11-10,3787.5634765625,3874.301571445611,3787.5634765625,3864.664005347488,148552900
2025-11-11,3749.01318359375,3816.476145766388,3720.100485519762,3797.201013717063,179000200
2025-11-12,3758.65087890625,3806.8387106871,3749.01331255008,3749.01331255008,111115400
2025-11-13,3729.738037109375,3768.288301058826,3729.738037109375,3758.6507350714633,99373200
2025-11-14,3758.65087890625,3787.56357797476,3720.1006134815702,3720.1006134815702,100717300
2025-11-17,3797.201171875,3806.838738301079,3739.375773318528,3739.375773318528,140868100
2025-11-18,3826.11376953125,3845.3889018714576,3787.5635048508334,3806.838637191042,205257700
2025-11-19,3855.0263671875,3855.0263671875,3826.1136694335937,3845.388801269531,107451000
2025-11-20,3845.388916015625,3903.214313248943,3845.388916015625,3874.301614632284,183008400
2025-11-21,3816.476318359375,3855.026584201389,3797.201185438368,3835.7514512803823,112666100
2025-11-24,3835.75146484375,3855.026597832915,3797.201198865421,3855.026597832915,262302000
2025-11-25,3691.187744140625,3835.75123281454,3691.187744140625,3835.75123281454,396959100
2025-11-26,3652.6376953125,3691.187961226088,3643.000128834103,3662.275261790897,288419400
2025-11-27,3604.44970703125,3671.912669462316,3585.1745749080883,3662.275103400735,283451800
2025-11-28,3546.624267578125,3614.087229189666,3546.624267578125,3575.5369654116425,353872800
2025-12-01,3536.98681640625,3594.8122139496763,3527.3492501490123,3546.624382663488,299669500
2025-12-02,3575.537109375,3594.812242040094,3536.9868440448117,3556.2619767099054,277714300
2025-12-03,3527.34912109375,3565.8993847122606,3527.34912109375,3556.261818807633,225357100
2025-12-04,3556.261962890625,3556.261962890625,3517.7116977102387,3527.3492640053355,221121100
2025-12-05,3517.711669921875,3565.899501016695,3517.711669921875,3565.899501016695,156161100
2025-12-08,3536.98681640625,3556.261948920725,3527.3492501490123,3546.624382663488,124094700
2025-12-09,3546.624267578125,3565.899399467137,3517.711569744608,3565.899399467137,201089800
2025-12-10,3527.34912109375,3546.624252903005,3517.711555189122,3546.624252903005,172677700
2025-12-11,3488.799072265625,3565.8996042493955,3450.24880627374,3546.624471253453,327591200
2025-12-12,3498.4365234375,3508.0740896177685,3450.2486925361573,3508.0740896177685,169747600
2025-12-15,3643.0,3671.912698412699,3498.436507936508,3517.7116402116403,312694100
2025-12-16,3556.261962890625,3671.912758431784,3546.624396595528,3662.275192136687,237949900
2025-12-17,3614.08740234375,3643.0001015625,3546.6244375,3556.26200390625,273544100
2025-12-18,3643.0,3681.5502645502647,3614.0873015873017,3614.0873015873017,262527300
2025-12-19,3633.362548828125,3671.912814598185,3623.72498238561,3662.2752481556695,228583500
2025-12-22,3623.724853515625,3642.999985715176,3614.0872874158495,3633.362419615401,161680300
2025-12-23,3633.362548828125,3643.00011527064,3594.812283058065,3623.72498238561,138427000
2025-12-24,3633.362548828125,3652.6376817131545,3614.087415943095,3633.362548828125,121073600
2025-12-29,3643.0,3652.6375661375664,3623.724867724868,3643.0,238061500
2025-12-30,3660.0,3690.0,3650.0,3690.0,274402200
2026-01-02,3640.0,3670.0,3620.0,3660.0,191985100
2026-01-05,3630.0,3660.0,3590.0,3630.0,230544800
2026-01-06,3680.0,3690.0,3630.0,3630.0,175820800
2026-01-07,3700.0,3710.0,3660.0,3680.0,195024700
2026-01-08,3710.0,3760.0,3700.0,3710.0,182019700
2026-01-09,3680.0,3740.0,3670.0,3730.0,143474700
2026-01-12,3700.0,3740.0,3660.0,3680.0,215159700
2026-01-13,3720.0,3730.0,3670.0,3700.0,227620800
2026-01-14,3720.0,3750.0,3700.0,3740.0,170097000
2026-01-15,3820.0,3850.0,3730.0,3730.0,407151300
2026-01-19,3840.0,3900.0,3810.0,3850.0,359652500
2026-01-20,3850.0,3880.0,3820.0,3840.0,170245800
2026-01-21,3820.0,3850.0,3800.0,3850.0,273678200
2026-01-22,3810.0,3850.0,3790.0,3850.0,153742700
2026-01-23,3850.0,3850.0,3760.0,3810.0,164603900
2026-01-26,3850.0,3850.0,3800.0,3840.0,120002700
2026-01-27,3820.0,3850.0,3780.0,3850.0,157633200
2026-01-28,3590.0,3780.0,3540.0,3630.0,726740400
2026-01-29,3780.0,3780.0,3290.0,3550.0,781321200
2026-01-30,3810.0,3890.0,3740.0,3780.0,532329000
