date,close,high,low,open,volume,MA7,MA14,MA30,returns,RSI14,MACD,MACD_signal,MACD_hist,lag1,lag3,lag7
2020-02-12,2931.17919921875,2950.5907794506934,2924.7085566255446,2924.7085566255446,143167912,2935.801095145089,2952.902012416295,2940.238240559896,0.004434412648429031,27.659429283385066,2.4510326983054256,12.679835850009493,-10.228803151704067,2918.238525390625,2944.120361328125,2885.885498046875
2020-02-13,2957.06201171875,2970.0032994858148,2937.650427615896,2963.5326556022824,87683284,2936.7255510602677,2945.0448695591517,2943.6892252604166,0.008830170638116863,33.33330867262765,3.5895037150321514,10.861769423014024,-7.272265707981873,2931.17919921875,2911.767578125,2950.5908203125
2020-02-14,2944.120361328125,2970.002933674331,2931.179422702722,2931.179422702722,139707803,2935.801199776786,2940.423025948661,2946.4931477864584,-0.004376523163646118,38.636353891813506,3.408179794240823,9.371051497259385,-5.962871703018562,2957.06201171875,2918.238525390625,2950.5908203125
2020-02-17,2892.355712890625,2937.650040330092,2892.355712890625,2898.826355921098,131738165,2928.40625,2933.490251813616,2948.650008138021,-0.017582381860960505,34.69385240757667,-0.9020964269684555,7.3164219124138175,-8.218518339382273,2944.120361328125,2931.17919921875,2944.120361328125
2020-02-18,2847.061767578125,2911.7676812966106,2847.061767578125,2892.355924558451,97565635,2914.5407366071427,2923.322195870536,2948.650008138021,-0.01565988066773194,30.357129622455275,-7.882005383876276,4.276736453155799,-12.158741837032075,2892.355712890625,2957.06201171875,2944.120361328125
2020-02-19,2898.826416015625,2898.826416015625,2879.4146602956343,2885.8851296863963,110893685,2912.6919991629466,2918.700352260045,2950.8068603515626,0.01818177920373465,41.66666142626534,-9.131397934771485,1.595109575570342,-10.726507510341827,2847.061767578125,2944.120361328125,2911.767578125
2020-02-20,2950.5908203125,2963.5321056781318,2918.2379544461005,2924.708597128916,108000305,2917.3137555803573,2923.3221609933034,2954.2578287760416,0.017857021038197862,58.92851006774716,-5.876851038602581,0.1007174527357575,-5.977568491338339,2898.826416015625,2892.355712890625,2918.238525390625
2020-02-21,2918.238525390625,2950.5913975867657,2918.238525390625,2950.5913975867657,117658802,2915.465087890625,2925.6330915178573,2956.414697265625,-0.010964683648832296,54.098384991742485,-5.840829549177215,-1.0875919476468372,-4.753237601530378,2950.5908203125,2847.061767578125,2931.17919921875
2020-02-24,2905.296630859375,2937.6498438478257,2892.355519437832,2937.6498438478257,113200755,2908.0700334821427,2922.397792271205,2955.98330078125,-0.004434830949782476,43.39621566939824,-6.778447267371575,-2.225763011591785,-4.55268425577979,2918.238525390625,2898.826416015625,2957.06201171875
2020-02-25,2911.767578125,2944.120446950965,2885.885178799915,2885.885178799915,125324724,2903.4482073102677,2919.6247035435267,2954.473486328125,0.0022272931434581533,44.44449102566252,-6.919599859954815,-3.164530381264391,-3.755069478690424,2905.296630859375,2950.5908203125,2944.120361328125
2020-02-26,2898.826416015625,2918.238171735615,2892.3557728510104,2911.767528571001,164120194,2904.3725934709823,2916.389421735491,2952.3166259765626,-0.004444435128200808,43.63639606612078,-7.983677075290416,-4.1283597200695965,-3.8553173552208193,2911.767578125,2918.238525390625,2892.355712890625
2020-02-27,2776.603759765625,2944.679040892252,2769.880697965793,2944.679040892252,227877075,2894.3071637834823,2904.4239501953125,2946.3013509114585,-0.042162806153116406,32.48120838269537,-18.476329214653106,-6.9979536189862985,-11.478375595666808,2898.826416015625,2905.296630859375,2847.061767578125
2020-02-28,2816.941650390625,2816.941650390625,2628.697372374086,2682.4813228411463,211162617,2882.6093401227677,2897.6506696428573,2940.3365559895833,0.014527780740455798,40.24606396598339,-23.268674183217172,-10.252097731832475,-13.016576451384697,2776.603759765625,2911.767578125,2898.826416015625
2020-03-02,2675.75830078125,2823.66456300998,2675.75830078125,2816.9415018488407,206428685,2843.3475516183034,2880.33065359933,2929.018595377604,-0.050119373111543575,30.470436434667334,-38.020679763515545,-15.80581413816909,-22.214865625346455,2816.941650390625,2898.826416015625,2950.5908203125
2020-03-03,2756.434326171875,2810.2184546222343,2689.2042558852872,2722.8193813049425,218258509,2820.232666015625,2867.848876953125,2920.174137369792,0.030150714796276512,37.310446970537754,-42.70954046035513,-21.1865594026063,-21.52298105774883,2675.75830078125,2776.603759765625,2918.238525390625
2020-03-04,2837.110595703125,2850.556537903596,2776.6035849719124,2783.3264657957843,127937929,2810.4918038504466,2859.280918666295,2913.1561686197915,0.029268344529467916,41.931502318629136,-39.46071704985479,-24.841390932056,-14.619326117798792,2756.434326171875,2816.941650390625,2905.296630859375
2020-03-05,2790.0498046875,2890.8950131562524,2776.6038611496147,2884.171951110937,146949558,2793.1035505022323,2848.27587890625,2903.922428385417,-0.016587577194523084,40.091300225879664,-40.21978497677901,-27.917069741000606,-12.302715235778404,2837.110595703125,2675.75830078125,2911.767578125
2020-03-06,2695.927490234375,2722.819556186784,2689.204428608089,2716.096494560498,175334118,2764.117989676339,2834.245291573661,2891.551277669271,-0.03373499436999017,38.019872921937754,-47.86448396448486,-31.906552585697458,-15.957931378787404,2790.0498046875,2756.434326171875,2898.826416015625
2020-03-09,2521.12939453125,2655.589737237901,2521.12939453125,2621.9746064230503,163934401,2727.621651785714,2810.9644077845983,2875.294718424479,-0.06483783274450328,32.833245679118704,-67.25246392302824,-38.975734853163615,-28.27672906986463,2695.927490234375,2837.110595703125,2776.603759765625
2020-03-10,2628.69775390625,2709.373781592616,2541.2984831756767,2541.2984831756767,182576203,2700.729666573661,2791.669503348214,2863.2708251953127,0.042666734840478115,36.56232017968612,-73.09511512076915,-45.79961090668473,-27.295504214084424,2521.12939453125,2790.0498046875,2816.941650390625
2020-03-11,2628.69775390625,2709.373781592616,2608.528746984659,2655.589823319292,195275262,2694.0067313058034,2768.6771414620534,2851.246931966146,0.0,33.117827976429794,-76.839698080586,-52.00762834146498,-24.832069739121025,2628.69775390625,2695.927490234375,2675.75830078125
2020-03-12,2427.0068359375,2581.636158855338,2420.283774796884,2568.1900365741067,167137546,2646.9456612723216,2733.5891636439733,2833.362752278646,-0.07672655316459909,28.12257192009379,-94.98712607133348,-60.60352788743869,-34.38359818389479,2628.69775390625,2521.12939453125,2756.434326171875
2020-03-13,2500.9599609375,2534.57508600871,2258.931565972405,2427.0068302230143,295725807,2598.924142020089,2704.7079729352677,2820.5319010416665,0.030470917471245418,32.92067164654715,-102.22332747637665,-68.92748780522629,-33.29583967115036,2427.0068359375,2628.69775390625,2837.110595703125
2020-03-16,2353.053955078125,2521.1292375837056,2326.1618882109037,2521.1292375837056,196265939,2536.496163504464,2664.7998570033483,2802.770849609375,-0.05913969362545557,28.918646196838793,-118.52654753490606,-78.84729975116225,-39.679247783743804,2500.9599609375,2628.69775390625,2790.0498046875
2020-03-17,2191.701904296875,2400.115212980132,2191.701904296875,2353.0541374531786,229429422,2464.463936941964,2614.2909633091517,2777.4745524088544,-0.06857133489567302,26.0060553524292,-142.82038442331395,-91.6419166855926,-51.17846773772135,2353.053955078125,2427.0068359375,2695.927490234375
2020-03-18,2111.025634765625,2312.716055637347,2077.4106849888376,2198.4249014013208,272919333,2405.877685546875,2566.749668666295,2749.489046223958,-0.03680987335598995,26.760564100658115,-166.6621483933818,-106.64596302715044,-60.01618536623137,2191.701904296875,2500.9599609375,2521.12939453125
2020-03-19,1969.8424072265625,2111.0256292465583,1969.8424072265625,2104.302747640427,151744210,2311.7554931640625,2506.2425798688614,2717.013114420573,-0.06687897352546235,22.368431007174365,-194.70478904662605,-124.25772823104558,-70.44706081558047,2111.025634765625,2353.053955078125,2628.69775390625
2020-03-20,1889.166015625,1996.7342772882823,1835.38206534609,1969.8422118724616,658210668,2206.1081019810267,2450.0574166434153,2681.847969563802,-0.0409557593569887,23.28767918306056,-220.89238445488672,-143.58465947581382,-77.3077249790729,1969.8424072265625,2191.701904296875,2628.69775390625
2020-03-23,1761.4290771484375,1815.2132124551251,1761.4290771484375,1781.598082750259,180848183,2111.025565011161,2378.985613141741,2643.503352864583,-0.0676155178634752,17.25665547595628,-249.0822804001741,-164.6841836606859,-84.39809673948821,1889.166015625,2111.025634765625,2427.0068359375
2020-03-24,1640.414794921875,1848.8280848970276,1640.414794921875,1734.5369375269593,544651637,1988.090541294643,2293.507341657366,2600.909228515625,-0.06870233028199546,11.637941424611313,-277.9833976813625,-187.3440264648212,-90.63937121654126,1761.4290771484375,1969.8424072265625,2500.9599609375
2020-03-26,1976.5655517578125,2016.903565286664,1680.7529710722197,1680.7529710722197,698059077,1934.3064836774554,2235.4013235909597,2569.0887736002605,0.20491814501828287,28.000010564120743,-270.6433762289266,-204.0038964176423,-66.63947981128433,1640.414794921875,1889.166015625,2353.053955078125
2020-03-27,2171.532470703125,2467.344809894573,2016.903149777024,2016.903149777024,529032687,1931.4251360212054,2197.9445364815847,2542.9044555664063,0.09863923752588089,36.551721028988474,-246.255475559969,-212.45421224610766,-33.80126331386134,1976.5655517578125,1761.4290771484375,2191.701904296875
2020-03-30,2023.62646484375,2117.7486092036693,2023.62646484375,2117.7486092036693,239264252,1918.9395403180804,2162.408612932478,2512.221325683594,-0.06811134894588255,37.06293475434348,-236.14058546839942,-217.191486890566,-18.94909857783341,2171.532470703125,1640.414794921875,2111.025634765625
2020-03-31,2030.349365234375,2151.363567006972,1996.7342389714815,2084.1333144811856,346502244,1927.5833914620537,2119.669442313058,2483.4877807617186,0.00332220422465368,33.57932283831117,-224.9884534798166,-218.75088020841613,-6.237573271400464,2023.62646484375,1976.5655517578125,1969.8424072265625
2020-04-01,1969.8424072265625,2070.687617398773,1949.67340130267,2023.6265433921085,298923123,1939.1085902622767,2072.6083461216517,2454.247135416667,-0.0298012544263917,32.49998978663535,-218.51382303377432,-218.7034687734878,0.18964573971348386,2030.349365234375,2171.532470703125,1889.166015625
2020-04-02,1929.5042724609373,1949.6732770999763,1882.443201452268,1916.0581489997533,329876337,1963.1193324497767,2037.0724487304688,2421.936397298177,-0.02047784869370295,35.54687513852765,-214.1687777592465,-217.79653057063953,3.6277528113930373,1969.8424072265625,2023.62646484375,1761.4290771484375
2020-04-03,1942.9501953125,1983.288384726908,1902.6121864508275,1969.8422614045269,322467159,2006.3386753627233,1997.214608328683,2388.3483764648436,0.0069685893125355225,33.19837535856597,-207.25126094620964,-215.68747664575355,8.436215699543908,1929.5042724609373,2030.349365234375,1640.414794921875
2020-04-06,2030.349365234375,2037.072246044772,1956.396231898192,1983.288296797961,313615306,2014.0220772879463,1974.1642804827009,2358.752071126302,0.04498271244045848,39.91596010382198,-192.4977027548066,-211.04952186756415,18.551819112757556,1942.9501953125,1969.8424072265625,1976.5655517578125
2020-04-07,2037.072509765625,2178.255733352547,1983.2885535559053,2084.1335842945987,445935822,1994.813511439732,1963.1193237304688,2329.8112670898436,0.003311323975257796,44.65115662376694,-178.20862195557538,-204.48134188516642,26.272719929591034,2030.349365234375,1929.5042724609373,2171.532470703125
2020-04-08,1895.8892822265625,2043.795567738658,1895.8892822265625,2016.9034994134813,322246825,1976.5653424944196,1947.75244140625,2295.9486572265623,-0.06930692298002994,42.85714054118682,-176.24508538430177,-198.8340905849935,22.58900520069173,2037.072509765625,1942.9501953125,2023.62646484375
2020-04-09,1875.7203369140625,1956.396544504355,1848.8282677172983,1922.7814128702107,292370749,1954.4754813058037,1941.0294363839287,2261.8451212565105,-0.010638250609662836,46.60194337347932,-174.307129743597,-193.9286984167142,19.621568673117224,1895.8892822265625,2030.349365234375,2030.349365234375
2020-04-13,1862.2740478515625,1909.3351150958588,1815.212980607266,1875.71998968448,136106890,1939.1085728236608,1939.1085815429688,2231.367464192708,-0.00716860013610654,48.979594294484215,-171.8750208364222,-189.51796290065585,17.642942064233637,1875.7203369140625,2037.072509765625,1969.8424072265625
2020-04-14,1949.673095703125,1949.673095703125,1862.274023547954,1875.7199652053955,241711574,1941.9898332868304,1952.5545828683037,2202.4585123697916,0.04693135682817018,57.368411948935744,-161.0388288915151,-183.82213609882768,22.78330720731259,1862.2740478515625,1895.8892822265625,1929.5042724609373
2020-04-15,1855.55126953125,2010.1804366697495,1835.3822634308156,1949.6734183684453,351010672,1929.5042724609375,1967.9214739118304,2175.1182779947917,-0.04827569625867523,58.602160929315566,-158.22202841401327,-178.7021145618648,20.480086147851523,1949.673095703125,1875.7203369140625,1942.9501953125
2020-04-16,1754.705810546875,1862.2740686207749,1734.5368072962,1862.2740686207749,404530667,1890.1266217912946,1952.0743495396205,2141.727327473958,-0.054347977682045245,39.07282140325542,-162.25668541285495,-175.41302873206283,13.156343319207878,1855.55126953125,1862.2740478515625,2030.349365234375
2020-04-17,1902.6121826171875,1909.3352442648315,1788.3210373709146,1795.0439184658237,442565694,1870.918003627232,1932.865757533482,2110.5773803710936,0.08429126477002757,36.111116364899566,-151.7698635184429,-170.68439568933886,18.914532170895967,1754.705810546875,1949.673095703125,2037.072509765625
2020-04-20,1868.9969482421875,1949.673141750404,1855.5510062671808,1936.227019222672,244213568,1867.0762416294642,1921.820792061942,2079.8756184895833,-0.017667938154773966,40.94486894373663,-144.5056785824395,-165.448652267959,20.94297368551952,1902.6121826171875,1855.55126953125,1895.8892822265625
2020-04-21,1828.658935546875,1875.720003128476,1808.489932376578,1848.827938717172,146163154,1860.3531842912946,1907.4143327985491,2050.9666666666667,-0.021582706559928222,38.63636176063187,-140.38542440505535,-160.4360066953783,20.05058229032295,1868.9969482421875,1754.705810546875,1875.7203369140625
2020-04-22,1875.7203369140625,1902.612406110827,1781.598185001766,1815.2133166359104,197501041,1862.2740827287946,1900.6913277762276,2029.4530314127603,0.025735472291946726,44.615394069955585,-131.80328527490678,-154.709462411284,22.90617713637721,1828.658935546875,1902.6121826171875,1862.2740478515625
2020-04-23,1882.443115234375,1936.227064957537,1875.720053811706,1902.612118949652,237791877,1852.6697998046875,1897.3298165457588,2004.5778767903646,0.003584104830559598,47.19999674625134,-123.04106534653329,-148.37578299833388,25.334717651800588,1875.7203369140625,1868.9969482421875,1949.673095703125
2020-04-24,1768.15185546875,1882.4431814643096,1768.15185546875,1882.4431814643096,323088010,1840.1841692243304,1884.8442208426338,1975.8930135091146,-0.060714323232760825,40.714289049259115,-123.8911523315719,-143.47885686498148,19.58770453340958,1882.443115234375,1828.658935546875,1855.55126953125
2020-04-27,1788.3209228515625,1815.212987167307,1754.7057973187011,1801.766864733073,200872709,1844.986328125,1867.5564749581474,1954.6034830729166,0.011406863794210409,36.15385356709033,-121.5363814621719,-139.09036178441957,17.553980322247668,1768.15185546875,1875.7203369140625,1754.705810546875
2020-04-28,1741.260009765625,1808.490086237247,1727.813886139657,1801.767024424263,295130807,1821.9360177176338,1846.427010672433,1929.2801513671875,-0.02631569786193444,33.82353451648089,-122.06059243502818,-135.6844079145413,13.623815479513127,1788.3209228515625,1882.443115234375,1902.6121826171875
2020-04-29,1734.5367431640625,1761.42880668824,1721.0906211256145,1747.982684649792,230054013,1802.7274169921875,1834.9018293108259,1908.662910970052,-0.003861150295680127,39.65516269835432,-121.61662409496876,-132.8708511506268,11.254227055658049,1741.260009765625,1768.15185546875,1868.9969482421875
2020-04-30,1835.3822021484373,1842.105083588942,1754.7059998876812,1761.4290618809302,475289499,1803.6878836495537,1832.0205339704241,1896.7855875651042,0.058139707551203124,47.65624867013654,-111.83818921901798,-128.66431876430505,16.826129545287074,1734.5367431640625,1788.3209228515625,1828.658935546875
2020-05-04,1768.15185546875,1801.7669832120444,1747.9828510438674,1795.0439215528384,220673601,1788.3209577287946,1825.2975202287946,1885.3564615885416,-0.03663016160938559,44.85294441599984,-108.26561759300307,-124.58457853004467,16.318960937041595,1835.3822021484373,1741.260009765625,1875.7203369140625
2020-05-05,1768.15185546875,1801.7669832120444,1754.7059127030734,1768.15185546875,203241160,1771.9936349051338,1812.3317173549108,1878.6334431966145,0.0,39.02440752605981,-104.23279802740149,-120.51422242951604,16.281424402114553,1768.15185546875,1734.5367431640625,1882.443115234375
2020-05-06,1761.4290771484375,1781.598082750259,1747.9829530453924,1768.151958647214,190361478,1771.033238002232,1805.6087036132812,1874.3755452473958,-0.003802149854674197,43.63637083916492,-100.42163341292462,-116.49570462619776,16.074071213273143,1768.15185546875,1835.3822021484373,1768.15185546875
2020-05-08,1741.260009765625,1788.3210813510343,1734.536947952641,1774.8749577250662,226345299,1764.3102504185267,1804.6482892717634,1873.703243001302,-0.011450399930642674,48.97960998623768,-97.900200604053,-112.77660382176882,14.876403217715819,1761.4290771484375,1768.15185546875,1788.3209228515625
2020-05-11,1761.4290771484375,1774.8750206987363,1747.9829530453924,1768.151958647214,170062057,1767.1915457589287,1794.5637817382812,1877.7370524088542,0.011583030259523008,36.70889218014379,-93.20011880469474,-108.86130681835401,15.66118801365927,1741.260009765625,1768.15185546875,1741.260009765625
2020-05-12,1674.0294189453125,1768.1515433484897,1660.58347855316,1761.4286634287653,405546974,1758.547642299107,1780.6375296456474,1867.6525146484375,-0.04961860760503378,33.33334724678525,-95.42766142476671,-106.17457773963656,10.74691631486985,1761.4290771484375,1761.4290771484375,1734.5367431640625
2020-05-13,1660.583740234375,1694.1988673410133,1640.414736191485,1653.860678702501,372457853,1733.5764334542412,1768.6321585518974,1850.6208902994792,-0.008031924982183858,34.939788555537845,-97.15798216188045,-104.37125862408536,7.213276462204902,1674.0294189453125,1741.260009765625,1835.3822021484373
2020-05-14,1579.90771484375,1667.306982577962,1566.461770874584,1640.4149140868776,517300545,1706.6844133649554,1747.502685546875,1835.8302652994792,-0.048582931071719626,25.000005158260578,-103.84212741828014,-104.26543238292432,0.4233049646441742,1660.583740234375,1761.4290771484375,1768.15185546875
2020-05-15,1505.9544677734375,1613.522637594657,1485.7853738669585,1600.0765148060948,654135428,1669.2276436941963,1720.610639299665,1818.3504353841147,-0.04680858658736686,21.42860186680602,-113.7950116171562,-106.1713482297707,-7.6236633873855055,1579.90771484375,1674.0294189453125,1768.15185546875
2020-05-18,1458.8934326171875,1526.1235967218772,1452.1703710685354,1512.677473624573,501017513,1626.008265904018,1698.520751953125,1801.3188028971354,-0.031249972136162985,23.863671768046714,-124.0502027641569,-109.74711913664795,-14.30308362750894,1505.9544677734375,1660.583740234375,1761.4290771484375
2020-05-19,1593.3536376953125,1626.9685836399692,1512.6774424332248,1512.6774424332248,584451204,1604.8787841796875,1684.594517299107,1790.1137817382812,0.09216588550742166,36.19049018912753,-119.94504895270734,-111.78670509985984,-8.158343852847494,1458.8934326171875,1579.90771484375,1741.260009765625
2020-05-20,1667.306884765625,1680.7528279459868,1559.7386171117662,1586.630684025231,433842983,1591.4327566964287,1679.3121512276787,1780.9256713867187,0.04641358033818621,44.954134247694384,-109.46246088453563,-111.321856256795,1.859395372259371,1593.3536376953125,1505.9544677734375,1761.4290771484375
2020-05-26,1694.19873046875,1714.3677328822107,1660.583606077837,1714.3677328822107,444514707,1594.3140869140625,1676.430864606585,1769.7206502278646,0.016128911809121016,47.32143363757789,-97.856953072647,-108.62887561996541,10.771922547318411,1667.306884765625,1458.8934326171875,1674.0294189453125
2020-05-27,1768.15185546875,1768.15185546875,1694.198899428426,1707.6448421941025,476102523,1609.6809605189733,1671.628696986607,1760.7566284179688,0.04365079708183872,45.370354959263416,-81.74974520780393,-103.25304953753313,21.503304329729204,1694.19873046875,1593.3536376953125,1660.583740234375
2020-05-28,1835.3822021484373,1868.9971510091943,1774.875005314684,1774.875005314684,498739044,1646.1773158482142,1676.430864606585,1758.739725748698,0.03802294835239928,54.629645040736584,-62.8354122998428,-95.16952208999507,32.33410979015227,1768.15185546875,1667.306884765625,1579.90771484375
2020-05-29,1983.28857421875,1983.2885742187495,1815.213280499504,1815.213280499504,959884609,1714.3679024832588,1691.7977730887276,1762.325333658854,0.0805861427103185,62.30770949783092,-35.5016185196223,-83.23594137592052,47.73432285629822,1835.3822021484373,1694.19873046875,1505.9544677734375
2020-06-02,2137.91748046875,2211.8706150567205,1983.2883303686167,1983.2883303686167,514215761,1811.371337890625,1718.6898018973213,1771.513448079427,0.07796591391694507,68.42103942871115,-1.3466067286276484,-66.85807444646194,65.5114677178343,1983.28857421875,1768.15185546875,1458.8934326171875
2020-06-03,2084.13330078125,2205.1475017583666,2023.6262905690548,2151.3635528651016,481917223,1881.4827183314733,1743.1807512555804,1775.9954549153647,-0.02515727579705629,66.24202215812116,21.1378879670649,-49.25888196375657,70.39676993082148,2137.91748046875,1835.3822021484373,1593.3536376953125
2020-06-04,2057.241455078125,2151.363781905507,2037.0724495268091,2097.5796467335017,275162272,1937.1876569475446,1764.3102068219866,1782.7184611002604,-0.012903131336678197,63.92404590526021,36.367838992021234,-32.13353777260102,68.50137676462225,2084.13330078125,1983.28857421875,1667.306884765625
2020-06-05,2090.856201171875,2104.3023227748195,1990.0110113606415,2063.9641385186987,294137820,1993.8530099051338,1794.0835484095983,1793.9234741210937,0.016339718417969218,70.66668893938179,50.56720670290406,-15.5933888775,66.16059558040406,2057.241455078125,2137.91748046875,1694.19873046875
2020-06-08,2218.593505859375,2265.654571472018,2131.1942550410977,2137.917316000823,422772612,2058.201817103795,1833.9413888113838,1804.4561848958333,0.06109329977638178,74.85030181007764,71.30567344059978,1.7864235861199553,69.51924985447982,2090.856201171875,2084.13330078125,1768.15185546875
2020-06-09,2158.08642578125,2258.931622987476,2158.08642578125,2252.208561693001,279951975,2104.302420479911,1875.2398681640625,1814.0925008138022,-0.027272720269992612,76.21950908972948,81.91438403010511,17.81201567491699,64.10236835518812,2218.593505859375,2057.241455078125,1835.3822021484373
2020-06-10,2037.072509765625,2137.917721057069,2016.903503617886,2137.917721057069,487562851,2111.98583984375,1913.1768711635045,1821.039619954427,-0.05607463842501892,73.09943731037907,79.63902285505105,30.177417110943804,49.461605744107246,2158.08642578125,2090.856201171875,1983.28857421875
2020-06-11,1996.734130859375,2104.3023846342253,1949.6730649710576,2104.3023846342253,409589324,2091.8167898995534,1951.5940638950892,1825.0734130859375,-0.019802132085563917,73.52941145056928,73.7308888837265,38.888111465500344,34.84277741822615,2037.072509765625,2218.593505859375,2137.91748046875
2020-06-12,2037.072509765625,2043.7955719991212,1882.4433422644609,1949.6734229411736,519350210,2085.093819754464,1983.2882690429688,1830.2277262369792,0.020202178288447836,71.15385398789644,71.47964732169157,45.40641863673859,26.07322868495298,1996.734130859375,2158.08642578125,2084.13330078125
2020-06-15,1949.673095703125,2050.5182900684576,1942.950034598044,2043.7952289633768,253847754,2069.7269112723216,2003.457284109933,1836.2784342447917,-0.042904419770779634,63.29112614855072,61.9292381689952,48.710982543189914,13.218255625805284,2037.072509765625,2037.072509765625,2057.241455078125
2020-06-16,2104.302490234375,2117.7484323546296,1990.0111697249397,1996.73423106143,372556634,2071.6478097098216,2032.7504098074776,1846.811153157552,0.07931042125576693,67.23163575209611,66.07608596730734,52.1840032280134,13.892082739293933,1949.673095703125,1996.734130859375,2090.856201171875
2020-06-17,2084.13330078125,2151.3635528651016,2070.687358696116,2151.3635528651016,240003025,2052.439208984375,2055.3205130440847,1858.2402628580728,-0.009584738670759485,63.90531501781757,66.96309877636463,55.13982233768365,11.823276438680985,2104.302490234375,2037.072509765625,2218.593505859375
2020-06-18,2050.518310546875,2097.5793776469973,2043.7952493746511,2050.518310546875,144039347,2037.0723353794642,2070.6873779296875,1868.7729817708334,-0.01612900202773704,59.75608392425973,64.21340191261197,56.954538252669316,7.258863659942655,2084.13330078125,1949.673095703125,2158.08642578125
2020-06-19,2084.13330078125,2090.8563621001804,2057.2412360582543,2070.687358696116,183669732,2043.7953055245537,2077.8905726841517,1877.0646850585938,0.016393411393341717,55.10201812941976,64.00884203050396,58.365399008236245,5.643443022267711,2050.518310546875,2104.302490234375,2037.072509765625
2020-06-22,2057.241455078125,2090.856584698815,2037.0724495268091,2084.133522664128,104916512,2052.439208984375,2072.127999441964,1886.7010050455729,-0.012903131336678197,45.31250753589925,60.973910362728475,58.8871012791347,2.086809083593778,2084.13330078125,2084.13330078125,1996.734130859375
2020-06-23,2023.62646484375,2057.2414132278686,2003.4574597027304,2030.3495267416704,188566907,2050.5183454241073,2067.806082589286,1895.2168253580728,-0.016339837091751797,46.40001603633974,55.219717836655036,58.15362459063876,-2.9339067539837274,2057.241455078125,2050.518310546875,2037.072509765625
2020-06-24,2097.57958984375,2111.025532995703,2023.6264511261577,2050.518517982804,339338591,2071.6478445870534,2070.6873779296875,1906.4218424479166,0.036544849696710235,52.272730398946884,55.981557392162586,57.719211150943536,-1.7376537587809509,2023.62646484375,2084.13330078125,1949.673095703125
2020-06-25,2057.241455078125,2090.856584698815,2043.7955115614964,2084.133522664128,174033235,2064.9248395647323,2068.2863246372767,1916.9545572916666,-0.019230800566966688,48.12031943347739,52.72261686440902,56.71989229363664,-3.9972754292276207,2097.57958984375,2057.241455078125,2104.302490234375
2020-06-26,2037.072509765625,2097.579708761592,2030.3496280848792,2084.1335842945987,162039618,2058.2018694196427,2055.320539202009,1926.1426717122397,-0.009803878520294629,38.46156472424209,47.95956962412447,54.967827759734206,-7.008258135609736,2057.241455078125,2023.62646484375,2084.13330078125
2020-06-29,2043.7952880859373,2057.2412301323407,2003.4572813940013,2043.7952880859373,130693147,2057.2414376395086,2047.1568865094866,1938.4682006835938,0.0033002155240344777,42.20184112819115,44.217579662283924,52.81777814024416,-8.600198477960234,2037.072509765625,2097.57958984375,2050.518310546875
2020-06-30,2037.072509765625,2090.856646528096,2037.072509765625,2063.9645781468603,147418716,2050.51846749442,2047.1568865094866,1951.0178263346354,-0.0032893599273380314,50.0,40.245627094979,50.30334793119113,-10.057720836212127,2043.7952880859373,2057.241455078125,2084.13330078125
2020-07-01,2057.241455078125,2063.964517112812,2037.0724495268091,2043.7955115614964,111421694,2050.51846749442,2051.478838239397,1966.9289510091146,0.009900946194016713,55.056199259598685,38.283977534754285,47.899473851903764,-9.615496317149479,2037.072509765625,2037.072509765625,2057.241455078125
2020-07-02,2057.241455078125,2077.4106411821863,2043.7955115614964,2077.4106411821863,186436280,2055.3206089564733,2052.9194771902903,1985.3051839192708,0.0,51.80722232649794,36.31078796438169,45.58173667439935,-9.270948710017663,2057.241455078125,2043.7952880859373,2023.62646484375
2020-07-03,2050.518310546875,2077.4103746830483,2043.7952493746511,2057.2411911663767,54421019,2048.59756905692,2060.1227068219864,2005.0260131835937,-0.0032680386226198177,60.5633972105565,33.814724344481874,43.22833420841586,-9.413609863933985,2057.241455078125,2037.072509765625,2097.57958984375
2020-07-06,2043.7952880859373,2084.1332947778733,2037.0722267863728,2063.964291431905,148148028,2046.6766880580358,2055.800763811384,2020.0407348632812,-0.003278694184956965,40.8162925001806,30.937456476229272,40.77015866197854,-9.83270218574927,2050.518310546875,2057.241455078125,2057.241455078125
2020-07-07,2037.072509765625,2070.6876403803567,2037.072509765625,2063.9645781468603,228112810,2046.6766880580358,2052.439278738839,2032.3662556966146,-0.0032893599273380314,42.55321203842207,27.794333163855526,38.17499356235394,-10.380660398498414,2043.7952880859373,2057.241455078125,2037.072509765625
2020-07-08,2144.640869140625,2151.363931643246,2037.0725913097212,2043.7956538123424,373640813,2061.0831996372767,2059.1623186383927,2047.3809936523437,0.052805365964796236,62.06904216147447,33.595979371667,37.25919072421655,-3.6632113525495527,2037.072509765625,2050.518310546875,2043.7952880859373
2020-07-09,2111.025634765625,2171.5328332482413,2111.025634765625,2144.640765095162,211404181,2071.647931780134,2061.0831996372767,2058.8101196289062,-0.015674062197868044,53.448317962396,35.077011357882384,36.82275485094972,-1.7457434930673372,2144.640869140625,2043.7952880859373,2037.072509765625
2020-07-10,2090.856201171875,2117.748263825052,2084.133140370403,2104.3023227748195,117829855,2076.450038364955,2063.4842529296875,2067.325919596354,-0.009554329071891798,54.38592411611618,34.22866836686376,36.30393755413253,-2.0752691872687734,2111.025634765625,2037.072509765625,2057.241455078125
2020-07-13,2124.471435546875,2137.9173772991303,2050.5183045276663,2104.3024326421314,105451891,2086.0543212890625,2070.6874651227677,2072.032014973958,0.016077257898539088,63.157859529215706,35.85549904066056,36.21424985143814,-0.358750810777579,2090.856201171875,2144.640869140625,2057.241455078125
2020-07-14,2131.1943359375,2184.978464551419,2104.302452183264,2124.4714552753026,232365483,2097.5794677734375,2073.0885184151784,2071.80791015625,0.0031645049578623574,55.31909715273813,37.257771547979246,36.42295419074637,0.834817357232879,2124.471435546875,2111.025634765625,2050.518310546875
2020-07-15,2104.302490234375,2178.255442724866,2104.302490234375,2151.363558484357,182296468,2106.2233537946427,2076.450020926339,2072.480216471354,-0.012618204379421516,57.77777329454441,35.78660964949813,36.29568528249672,-0.5090756329985879,2131.1943359375,2090.856201171875,2043.7952880859373
2020-07-16,2111.025634765625,2124.4717591185395,2104.302753141917,2104.302753141917,128809144,2116.7880859375,2081.7323869977677,2074.2730224609377,0.0031949515634994707,62.79069276444524,34.76248453894186,35.98904513378575,-1.226560594843889,2104.302490234375,2124.471435546875,2037.072509765625
2020-07-17,2084.13330078125,2117.748426823176,2084.13330078125,2111.025365504245,131548742,2108.1441476004466,2084.6136736188614,2074.04892578125,-0.012738989778947274,56.521716820258256,31.418696233753053,35.074975353779216,-3.656279120026163,2111.025634765625,2131.1943359375,2144.640869140625
2020-07-20,2050.518310546875,2104.302438819221,2037.0721882024272,2084.133255302549,150206164,2099.500244140625,2085.5740879603795,2068.4464192708333,-0.01612900202773704,51.999962233345634,25.75933356872656,33.211846996768685,-7.452513428042124,2084.13330078125,2104.302490234375,2111.025634765625
2020-07-21,2117.74853515625,2137.917539592057,2050.518460185981,2050.518460185981,224576578,2103.3420061383927,2089.896022251674,2067.1018229166666,0.032786941849568096,57.89471337039918,26.394901152501916,31.848457827915333,-5.453556675413417,2050.518310546875,2111.025634765625,2090.856201171875
2020-07-22,2084.13330078125,2131.1943689083105,2077.410420015046,2124.4714881421064,190916547,2097.579415457589,2091.816868373326,2068.670515950521,-0.015873100047980815,53.22577338728902,23.910499210702255,30.26086610447272,-6.350366893770463,2117.74853515625,2084.13330078125,2124.471435546875
2020-07-23,2111.025634765625,2124.4717591185395,2084.1335666125456,2097.57969096546,162646279,2094.698172433036,2096.1388201032364,2072.480232747396,0.012903365621716345,56.92308122059957,23.836803543251335,28.976053592228446,-5.139250048977111,2084.13330078125,2050.518310546875,2131.1943359375
2020-07-24,2077.410400390625,2111.0253455622783,2077.410400390625,2104.3024648595824,104287961,2090.8564453125,2098.5398995535716,2073.8248291015625,-0.01592365048600275,53.62318268524581,20.825863129513436,27.346015499685446,-6.52015237017201,2111.025634765625,2117.74853515625,2104.302490234375
2020-07-27,2117.74853515625,2117.74853515625,2077.410526284636,2077.410526284636,103970385,2091.8168596540177,2104.302472795759,2079.42734375,0.019417508816765405,58.10806765601177,21.447389360685975,26.166290271885554,-4.718900911199579,2077.410400390625,2084.13330078125,2111.025634765625
2020-07-28,2111.025634765625,2131.1946407422474,2084.1335666125456,2124.4717591185395,113763744,2095.658621651786,2101.901384626116,2079.6514485677085,-0.003174550839733614,45.76270560516422,21.15362567177499,25.163757351863442,-4.0101316800884526,2117.74853515625,2111.025634765625,2084.13330078125
2020-07-29,2097.57958984375,2117.74859484805,2084.1334661390565,2111.025532995703,73895646,2102.381661551339,2100.9409528459823,2080.099658203125,-0.006369437064352779,48.214289188205974,19.609783008099384,24.052962483110633,-4.443179475011249,2111.025634765625,2077.410400390625,2050.518310546875
2020-07-30,2124.471435546875,2131.194316146642,2090.856310337154,2104.3024326421314,86328061,2103.3420758928573,2103.342041015625,2082.564762369792,0.01282041731972039,54.385979442393726,20.32196481762685,23.30676295001388,-2.9847981323870307,2097.57958984375,2117.74853515625,2117.74853515625
2020-08-03,2010.1802978515625,2137.917568403423,1996.7343548974009,2131.194506649973,373214336,2092.777361188616,2095.178388323103,2080.0996622721354,-0.05379744617083637,37.68117925157618,11.531110922700464,20.9516325445512,-9.420521621850735,2124.471435546875,2111.025634765625,2084.13330078125
2020-08-04,2070.68701171875,2070.68701171875,2016.9028912851647,2016.9028912851647,171919769,2087.0147007533483,2090.856436593192,2080.5478474934894,0.03010014272443917,44.15582547509061,9.339027513828114,18.629111538406583,-9.29008402457847,2010.1802978515625,2097.57958984375,2111.025634765625
2020-08-05,2070.68701171875,2090.8560117431703,2043.7949515019577,2084.132951550798,177648668,2086.054216657366,2088.455330984933,2082.116532389323,0.0,46.57530260128661,7.515155583642354,16.40632034745374,-8.891164763811386,2070.68701171875,2124.471435546875,2077.410400390625
2020-08-06,2090.856201171875,2104.3023227748195,2077.410260121643,2084.133140370403,126064817,2082.2124546595983,2087.014657156808,2081.8924194335937,0.009740337066384441,47.99996223329077,7.609491485499348,14.646954575062862,-7.037463089563515,2070.68701171875,2010.1802978515625,2117.74853515625
2020-08-07,2090.856201171875,2104.3023227748195,2057.2410777172267,2090.856201171875,98910738,2079.3311070033483,2087.494864327567,2083.012910970052,0.0,50.70421346590561,7.596683528429821,13.236900365736254,-5.640216837306433,2090.856201171875,2070.68701171875,2111.025634765625
2020-08-10,2104.302490234375,2117.7484323546296,2084.1333062249028,2090.8563675613937,100613457,2080.291521344866,2091.336591448103,2085.2539103190106,0.0064309965721045526,55.88235608253776,8.572715355900527,12.30406336376911,-3.731348007868583,2090.856201171875,2070.68701171875,2097.57958984375
2020-08-11,2144.640869140625,2164.8098760957296,2104.302855230415,2104.302855230415,189708286,2083.172869001116,2093.2574724469864,2088.6154296875,0.01916947734151897,53.125028370403996,12.457594274720577,12.334769545959404,0.12282472876117367,2104.302490234375,2090.856201171875,2124.471435546875
2020-08-12,2252.20849609375,2265.65461829106,2144.64042127887,2144.64042127887,505369848,2117.7483258928573,2105.2628435407364,2095.786629231771,0.05015647538052748,66.66665859684919,23.94022926122807,14.655861489013137,9.284367772214932,2144.640869140625,2090.856201171875,2010.1802978515625
2020-08-13,2238.7626953125,2319.4388919143607,2218.593691300218,2252.208637803111,235648930,2141.7591378348216,2114.3869192940847,2101.837337239583,-0.00597005153145036,63.013696926523906,31.591173085642822,18.042923808339076,13.548249277303746,2252.20849609375,2104.302490234375,2070.68701171875
2020-08-14,2245.48583984375,2252.2087210612167,2205.147649775259,2238.762778073545,109069303,2166.730398995536,2126.392307826451,2108.1121500651043,0.003003062604771234,68.11598131028029,37.761808146174644,21.986700675906192,15.775107470268452,2238.7626953125,2144.640869140625,2070.68701171875
2020-08-18,2366.499755859375,2373.222636244232,2245.4855617466487,2245.4855617466487,288206078,2206.1080496651784,2144.1602521623886,2118.6448649088543,0.05389208601023543,72.83952692857751,51.819549050730075,27.95327035087097,23.866278699859105,2245.48583984375,2252.20849609375,2090.856201171875
2020-08-19,2393.391845703125,2447.175976754432,2366.4999607302034,2366.4999607302034,239290433,2249.3274274553573,2164.329267229353,2130.2980834960936,0.011363656293293944,75.00001080780565,64.38815038456187,35.24024635760915,29.147904026952716,2366.499755859375,2238.7626953125,2090.856201171875
2020-08-24,2447.17626953125,2453.8993318551843,2366.5002438550514,2373.223125626233,214473234,2298.309395926339,2189.300458635603,2143.9682088216146,0.02247205108711503,78.88891847824114,77.79207241434233,43.75061156895579,34.04146084538654,2393.391845703125,2245.48583984375,2104.302490234375
2020-08-25,2554.744140625,2554.744140625,2447.1758826584746,2467.344885889017,197233406,2356.895577566964,2220.0342232840403,2157.638317871094,0.04395591459145454,81.37257380150655,95.98811417832303,54.19811209082924,41.79000208749379,2447.17626953125,2366.499755859375,2144.640869140625
2020-08-26,2514.406005859375,2568.190135960247,2487.514121361668,2554.744193711393,178162157,2394.352364676339,2256.0503452845983,2171.0843302408853,-0.01578950084440023,91.20881006533963,105.9325337080777,64.54499641427894,41.38753729379876,2554.744140625,2393.391845703125,2252.20849609375
2020-08-27,2487.514404296875,2541.29835996252,2460.622336187678,2514.4062918533227,206786961,2429.8883231026784,2285.82373046875,2184.306270345052,-0.010695011664716758,86.04660295352753,110.37133824397552,73.71026478021825,36.66107346375726,2514.406005859375,2447.17626953125,2238.7626953125
2020-08-28,2480.791259765625,2514.406208371496,2453.8991925492824,2494.2372030974248,85678499,2463.5033830915177,2315.1168910435267,2196.1835978190106,-0.00270275602008041,85.0575413115771,112.05492185514686,81.37919619520397,30.675725659942884,2487.514404296875,2554.744140625,2245.48583984375
2020-08-31,2359.77685546875,2514.40600368407,2353.0537940737754,2487.514119209628,292651694,2462.54296875,2334.325509207589,2203.803015136719,-0.048780567014859555,69.60786722106337,102.44341896437436,85.59204074903806,16.851378215336297,2480.791259765625,2514.406005859375,2366.499755859375
2020-09-01,2427.0068359375,2440.452958218732,2339.607763320378,2386.668830199247,216658972,2467.3451102120534,2358.336268833705,2214.5598266601564,0.028489973665495327,72.32144680958682,99.10866820171077,88.29536623957262,10.813301962138155,2359.77685546875,2487.514404296875,2393.391845703125
2020-09-02,2460.6220703125,2460.6220703125,2413.561001344636,2433.7300051090447,117619091,2469.265938895089,2383.787667410714,2226.2130411783855,0.013850490191147369,73.04349336318467,98.04808538108637,90.24591006787537,7.802175313210995,2427.0068359375,2480.791259765625,2447.17626953125
2020-09-03,2406.837890625,2480.7910232821114,2386.6688872735563,2460.622019930668,197577052,2448.136474609375,2402.51602608817,2236.969860839844,-0.021857960365554763,66.66665632073706,91.80931145388968,90.55859034507823,1.2507211088114474,2460.6220703125,2359.77685546875,2554.744140625
2020-09-04,2386.6689453125,2427.006952996326,2339.6078761637928,2427.006952996326,148013826,2429.8883231026784,2412.120343889509,2248.174881998698,-0.008379852000444665,59.61540476009238,84.26620448937456,89.3001131739375,-5.033908684562945,2406.837890625,2427.0068359375,2514.406005859375
2020-09-07,2359.77685546875,2400.1148627331418,2353.0537940737754,2386.6689204959207,104297421,2411.6401018415177,2420.7642124720983,2256.2424926757812,-0.011267624651741914,58.49056345217662,75.25082628759628,86.49025579666926,-11.239429509072977,2386.6689453125,2460.6220703125,2487.514404296875
2020-09-08,2366.499755859375,2400.114699441806,2359.7766949218026,2359.7766949218026,89521636,2395.312744140625,2429.4080636160716,2265.654707845052,0.0028489559828697164,58.49054923159513,67.86623625995571,82.76545188932656,-14.899215629370843,2359.77685546875,2406.837890625,2480.791259765625
2020-09-09,2292.546875,2346.330826655808,2272.37787055998,2339.607945544292,196282440,2385.7084612165177,2424.125714983259,2271.7054158528645,-0.03124990005862882,44.44446074711128,55.407809289290526,77.29392336931936,-21.886114080028833,2366.499755859375,2386.6689453125,2359.77685546875
2020-09-10,2137.91748046875,2218.593676533644,2137.91748046875,2218.593676533644,305637969,2344.409981863839,2405.8775460379466,2273.7223185221355,-0.06744873843909949,33.89830612795703,32.68039703582872,68.37121810262124,-35.69082106679252,2292.546875,2359.77685546875,2427.0068359375
2020-09-11,2184.978759765625,2225.316771399804,2023.626532676164,2030.349594799443,641858446,2305.0323660714284,2387.149152483259,2275.9633260091146,0.02201267342019042,33.33332298741014,18.25576986337046,58.34812845477109,-40.09235859140063,2137.91748046875,2366.499755859375,2460.6220703125
2020-09-14,2312.7158203125,2319.4388818048683,2218.5936816302687,2218.5936816302687,303482811,2291.586356026786,2369.86141531808,2282.6863321940104,0.05846146557533438,35.000003026181915,16.936231810473146,50.06574912591151,-33.12951731543836,2184.978759765625,2292.546875,2406.837890625
2020-09-15,2238.7626953125,2326.1617728833003,2225.3165722691574,2312.715830392689,215087925,2270.4568917410716,2350.172607421875,2287.3924357096353,-0.03197674541354034,33.60000534544814,9.81000562304098,42.014600425337406,-32.20459480229643,2312.7158203125,2137.91748046875,2386.6689453125
2020-09-16,2191.701904296875,2279.100992974716,2178.255779544743,2265.655048775338,152384862,2246.4461844308034,2329.043143136161,2289.6334513346355,-0.021020892975463834,32.81249911342337,0.3608478667060808,33.68384991361114,-33.32300204690506,2238.7626953125,2184.978759765625,2359.77685546875
2020-09-17,2151.36376953125,2225.316729276461,2131.1945835431984,2198.424842397881,184375724,2215.712472098214,2305.51260811942,2294.339567057292,-0.018404936677995032,31.578948805468215,-10.264307540406207,24.894218422807672,-35.158525963213876,2191.701904296875,2312.7158203125,2366.499755859375
2020-09-18,2164.8095703125,2198.4246975246497,2144.640566206303,2151.36362775928,223172404,2197.464285714286,2291.5863734654017,2297.476985677083,0.006249896447861003,37.60683203595417,-17.39928783932146,16.435517170381846,-33.8348050097033,2151.36376953125,2238.7626953125,2292.546875
2020-09-21,2144.640869140625,2184.9788830508346,2117.748799682899,2151.363931643246,125587849,2198.4247698102677,2271.4173758370534,2299.9421142578126,-0.009316616781661513,30.909106515198985,-24.399988875380586,8.268415961229362,-32.66840483660995,2164.8095703125,2191.701904296875,2137.91748046875
2020-09-22,2104.302490234375,2144.640497147866,2084.1333062249028,2090.8563675613937,148046607,2186.899588448661,2245.965977260045,2300.3903238932294,-0.018808920172454724,26.126108442071484,-32.824682433186354,0.04979628234621902,-32.874478715532575,2144.640869140625,2151.36376953125,2184.978759765625
2020-09-23,2070.68701171875,2137.917071984383,2050.5180116943297,2131.1940117920108,132670981,2152.324044363839,2221.9552001953125,2299.718017578125,-0.015974641797758315,26.85182196362932,-41.73273199757796,-8.306709373638617,-33.42602262393934,2104.302490234375,2164.8095703125,2312.7158203125
2020-09-24,2037.072509765625,2070.6876403803567,2023.6265658513828,2037.072509765625,180569548,2123.511160714286,2196.9840262276784,2297.477018229167,-0.016233502099973873,26.363623458585465,-50.91788515115286,-16.828944529141467,-34.08894062201139,2070.68701171875,2144.640869140625,2238.7626953125
2020-09-25,2124.471435546875,2137.9173772991303,2043.7952433751773,2057.241185127433,186363128,2113.906808035714,2180.176496233259,2296.8047037760416,0.042904180073249254,35.29409790131258,-50.56197533563591,-23.575550690440355,-26.98642464519555,2037.072509765625,2104.302490234375,2191.701904296875
2020-09-28,2077.410400390625,2171.532535755614,2070.6873391352046,2137.917410031236,149014953,2103.342041015625,2159.52725655692,2290.9781005859377,-0.022151879459907042,32.799988844272434,-53.461080417588164,-29.552656635869916,-23.90842378171825,2124.471435546875,2070.68701171875,2151.36376953125
2020-09-29,2043.7952880859373,2124.471482022535,2030.349346039534,2097.5794173770023,200970281,2086.05428641183,2141.759286063058,2284.4791870117188,-0.01618125734730458,34.45375881782917,-57.80476338168455,-35.20307798503285,-22.601685396651703,2077.410400390625,2037.072509765625,2164.8095703125
2020-09-30,2043.7952880859373,2070.6873527314697,2016.9032234404049,2057.2412301323407,184622458,2071.647774832589,2135.0362723214284,2277.756168619792,0.0,42.70832210334988,-60.54919005290867,-40.27230039860802,-20.276889654300653,2043.7952880859373,2124.471435546875,2144.640869140625
2020-10-01,2124.471435546875,2131.194316146642,2057.241185127433,2077.4103685848986,143036570,2074.529052734375,2130.7143205915177,2269.6885579427085,0.03947369285526281,45.54453185027464,-55.573658558517764,-43.33257203058997,-12.241086527927791,2043.7952880859373,2077.410400390625,2104.302490234375
2020-10-02,2084.13330078125,2158.0864336313057,2057.2412360582543,2137.917430227241,172772944,2076.449951171875,2114.3869977678573,2259.3799397786456,-0.018987374502044685,30.681783011794295,-54.259988980871185,-45.51805542064622,-8.741933560224965,2124.471435546875,2043.7952880859373,2070.68701171875
2020-10-05,2124.471435546875,2131.194316146642,2090.856310337154,2124.471435546875,101996951,2088.9355119977677,2106.2233363560267,2248.623111979167,0.019354872718795768,39.75901795847579,-49.39455632214231,-46.29335560094544,-3.101200721196868,2084.13330078125,2043.7952880859373,2037.072509765625
2020-10-06,2144.640869140625,2178.2558205482137,2137.917806638004,2164.8098760957296,132900775,2091.8168596540177,2102.861833844866,2234.9530029296875,0.009493859628457724,45.56962461714976,-43.41074906554968,-45.71683429386629,2.3060852283166113,2124.471435546875,2124.471435546875,2124.471435546875
2020-10-07,2097.57958984375,2131.1945380000025,2070.687522987104,2124.4716567003966,317619596,2094.698172433036,2099.02010672433,2221.0587890625,-0.02194366430950878,44.99999319109377,-41.98204772220879,-44.969876979534796,2.9878292573260055,2144.640869140625,2084.13330078125,2077.410400390625
2020-10-08,2117.74853515625,2131.1944779292094,2090.8564690575954,2117.74853515625,136318754,2105.262922014509,2095.65860421317,2208.733260091146,0.009615342087688106,45.67901871075773,-38.775348209224376,-43.730971225472715,4.955623016248339,2097.57958984375,2124.471435546875,2043.7952880859373
2020-10-09,2117.74853515625,2131.1944779292094,2097.579530720443,2117.74853515625,89241681,2115.8276715959823,2093.737723214286,2196.6318359375,0.0,47.435872963847885,-35.82109248584038,-42.14899547754625,6.327902991705869,2117.74853515625,2144.640869140625,2043.7952880859373
2020-10-12,2144.640869140625,2158.0868135931087,2117.748799682899,2124.47186218552,172174643,2118.7090192522323,2096.6190359933034,2189.4606363932294,0.0126985492082472,53.94739419805251,-30.953029678329585,-39.909802317702926,8.956772639373341,2117.74853515625,2097.57958984375,2124.471435546875
2020-10-13,2205.147705078125,2218.59382895575,2117.748622084536,2144.6406892870423,224885904,2135.9967912946427,2106.223371233259,2182.06533203125,0.028213038746084163,62.5000453927288,-21.959523134087704,-36.31974648097988,14.360223346892177,2144.640869140625,2117.74853515625,2084.13330078125
2020-10-14,2258.931640625,2272.377763318937,2211.870572301676,2218.5936336486443,213271353,2155.205392020089,2122.0704520089284,2175.342317708333,0.0243901736935892,69.87948512650888,-10.372621175354652,-31.130321419854837,20.757700244500185,2205.147705078125,2117.74853515625,2124.471435546875
2020-10-15,2225.31689453125,2272.378151445453,2225.31689453125,2258.932026454893,201627762,2166.730538504464,2129.273699079241,2169.2916178385417,-0.014880815996915042,60.00002420944071,-3.8578757829668575,-25.675832292477242,21.817956509510385,2258.931640625,2144.640869140625,2144.640869140625
2020-10-16,2184.978759765625,2258.9319014634507,2158.086691825257,2245.4859577696407,154490628,2179.216134207589,2136.9571533203125,2162.568611653646,-0.01812691705381675,60.81082142122797,-1.9276230405139358,-20.926190442084582,18.998567401570646,2225.31689453125,2205.147705078125,2097.57958984375
2020-10-19,2205.147705078125,2211.8707670169374,2171.532756489549,2191.7017617532438,105821057,2191.701729910714,2148.4823259626114,2157.414306640625,0.009230728318230241,66.66667507272291,1.2155691677103277,-16.4978385201256,17.71340768783593,2184.978759765625,2258.931640625,2117.74853515625
2020-10-20,2184.978759765625,2211.870827705993,2158.086691825257,2205.1477655827143,147444676,2201.3060477120534,2158.5668596540177,2151.3636067708335,-0.009146301295851478,64.00002033593515,2.055412791188246,-12.787188257862834,14.84260104905108,2205.147705078125,2225.31689453125,2117.74853515625
2020-10-21,2178.25537109375,2225.316437796146,2171.532490531066,2205.147435002651,128682202,2206.1081194196427,2162.4085693359375,2147.553889973958,-0.0030770956659533777,56.24997517588242,2.153647727026055,-9.799021060885057,11.952668787911112,2184.978759765625,2184.978759765625,2144.640869140625
2020-10-22,2218.593505859375,2218.593505859375,2151.3634379202736,2164.809379287007,176153302,2208.0289481026784,2172.012869698661,2150.2430908203123,0.01851855172764716,65.62498049533619,5.423926330686754,-6.754431582570694,12.178357913257448,2178.25537109375,2205.147705078125,2205.147705078125
2020-10-23,2211.87060546875,2252.208613049975,2198.424663125918,2252.208613049975,128973377,2201.3059430803573,2178.2556675502233,2151.1394856770835,-0.003030253344233458,61.01694393649086,7.3879995493375645,-3.9259453561890427,11.313944905526608,2218.593505859375,2184.978759765625,2258.931640625
2020-10-26,2245.48583984375,2258.931782831421,2211.870711545464,2218.5937733156693,111346673,2204.1872209821427,2185.4588797433034,2148.898486328125,0.015197649578545747,62.295055617236734,11.524166784185581,-0.8359229281141181,12.3600897122997,2211.87060546875,2178.25537109375,2225.31689453125
2020-10-27,2258.931640625,2285.823705460146,2238.7626371368224,2245.4856984837907,201640192,2214.7519182477677,2196.9840262276784,2149.5707845052084,0.005987924992742588,71.42856216474202,15.706023605614064,2.472466378631519,13.233557226982544,2245.48583984375,2218.593505859375,2184.978759765625
2020-11-02,2272.3779296875,2279.100810973946,2218.593796079487,2258.9318060091264,172465378,2224.3562360491073,2208.028982979911,2152.2599853515626,0.0059524993234323365,70.90910891612086,19.876059574903138,5.953185017885843,13.922874557017295,2258.931640625,2211.87060546875,2205.147705078125
2020-11-03,2272.3779296875,2285.8238728131328,2258.9318060091264,2279.100810973946,133604017,2236.8418317522323,2219.0739397321427,2156.2937906901043,0.0,70.90910891612086,22.91667397164065,9.345882808636805,13.570791163003843,2272.3779296875,2245.48583984375,2184.978759765625
2020-11-04,2211.87060546875,2299.269682078981,2211.87060546875,2299.269682078981,152055736,2241.6440080915177,2223.87606375558,2157.8624918619794,-0.02662731556588871,58.33328794060452,20.21096794625919,11.518899836161282,8.692068110097907,2272.3779296875,2258.931640625,2178.25537109375
2020-11-05,2346.330810546875,2346.330810546875,2258.931731722589,2265.654793340683,258276321,2259.8921944754466,2233.9605712890625,2164.585489908854,0.060790267181849655,64.78871294420918,28.586958582790885,14.932511585487203,13.654446997303681,2211.87060546875,2272.3779296875,2218.593505859375
2020-11-06,2393.391845703125,2420.283911228779,2332.8848336849533,2359.776899210606,295649686,2285.823800223214,2243.564871651786,2174.2218017578125,0.02005728899978987,64.2857031691363,38.57772375398781,19.661554019187328,18.916169734800484,2346.330810546875,2272.3779296875,2211.87060546875
2020-11-09,2480.791259765625,2480.791259765625,2406.8381200588683,2474.0681978233533,283205831,2319.4388602120534,2261.8130405970983,2187.891943359375,0.03651696825967243,74.35892780241396,52.93764717510794,26.31677265037145,26.62087452473649,2393.391845703125,2211.87060546875,2245.48583984375
2020-11-10,2689.204345703125,2695.927407122147,2534.575196934724,2554.7442006390606,622129055,2380.9063895089284,2297.8291538783483,2209.629671223958,0.08401073049458829,86.40771975348686,80.21056671458837,37.09553146321484,43.11503525137353,2480.791259765625,2346.330810546875,2258.931640625
2020-11-11,2769.88037109375,2816.9414370334457,2655.5892367477345,2669.0351782079115,392814584,2451.9781668526784,2338.1672014508927,2231.143302408854,0.029999960962256766,87.49995541789322,107.09985251924991,51.096395674421856,56.00345684482805,2689.204345703125,2393.391845703125,2272.3779296875
2020-11-12,2655.589599609375,2756.434625722032,2635.420413834101,2756.434625722032,366633582,2506.7226911272323,2371.7822614397323,2250.4159423828123,-0.04126198830718619,77.77777457547006,117.8292331022767,64.44296315999283,53.386269942283874,2769.88037109375,2480.791259765625,2272.3779296875
2020-11-13,2689.204345703125,2742.9884759498427,2662.312280579766,2669.035341998788,261115910,2574.9132254464284,2408.2786167689733,2271.929577636719,0.012658110311433157,79.23079265235273,127.57417788446537,77.06920610488734,50.50497177957803,2655.589599609375,2689.204345703125,2211.87060546875
2020-11-16,2662.3125,2736.265640046062,2642.143494633391,2722.8196966525707,212327977,2620.053466796875,2439.972830636161,2292.5468180338544,-0.009999926463786002,75.78128745789466,131.61005088696265,87.97737506130241,43.63267582566024,2689.204345703125,2769.88037109375,2346.330810546875
2020-11-17,2662.3125,2702.650691285962,2642.143494633391,2689.2045673397265,198939646,2658.470703125,2472.1472516741073,2310.474853515625,0.0,76.37798112461948,133.27223000986578,97.03634605101509,36.23588395885069,2662.3125,2655.589599609375,2393.391845703125
2020-11-18,2716.096435546875,2722.8194970270865,2669.035366290856,2675.758427771067,200926500,2692.0857282366073,2505.76229422433,2331.540291341146,0.020201961845904615,76.92309626200988,137.34619164539663,105.0983151698914,32.24787647550522,2662.3125,2689.204345703125,2480.791259765625
2020-11-19,2716.096435546875,2776.603627763317,2675.758427771067,2695.927431658971,219674674,2695.9274553571427,2538.416922433036,2351.261124674479,0.0,76.56252526745558,138.97284316445484,111.8732207688041,27.09962239565074,2716.096435546875,2662.3125,2689.204345703125
2020-11-20,2702.650634765625,2742.988644655257,2682.481449268069,2716.0965778779223,137266310,2686.3232073102677,2569.1506870814733,2369.8614501953125,-0.004950413617601401,75.00003546311567,137.59094964083124,117.01676654320954,20.5741830976217,2716.096435546875,2662.3125,2769.88037109375
2020-11-23,2742.988525390625,2756.434467918295,2695.927455714681,2695.927455714681,135864336,2698.808768136161,2602.7657296316966,2391.3750813802085,0.01492530706933115,76.11943372557224,138.1581189284102,121.24503702024968,16.91308190816052,2702.650634765625,2716.096435546875,2655.589599609375
2020-11-24,2823.664794921875,2843.833799509081,2742.9885960203114,2769.880662320833,226784757,2718.017403738839,2646.465314592634,2414.905623372396,0.02941181444416041,83.21174248699512,143.4637446413608,125.68877854447192,17.774966096888875,2742.988525390625,2716.096435546875,2689.204345703125
2020-11-25,2904.3408203125,2951.401891314331,2857.279749310669,2904.3408203125,311676963,2752.5928780691966,2686.323172433036,2441.1253662109375,0.028571389045793927,82.17060657456736,152.4213537679516,131.03529358916785,21.386060178783737,2823.664794921875,2702.650634765625,2662.3125
2020-11-26,2884.171875,2904.340880050958,2837.110803030185,2837.110803030185,150181303,2784.2870744977677,2721.378888811384,2465.776399739583,-0.006944414089228634,79.20006972335806,156.0935093975545,136.0469367508452,20.046572646709308,2904.3408203125,2742.988525390625,2662.3125
2020-11-27,2870.725830078125,2937.955904716257,2870.725830078125,2911.0638387504573,126437063,2806.3769880022323,2749.23135811942,2487.962337239583,-0.004662012357316558,75.43865405308637,156.119092026438,140.06136780596376,16.057724220474256,2884.171875,2823.664794921875,2716.096435546875
2020-11-30,2749.711669921875,2877.4487597246307,2682.481413596202,2857.279755048024,493687757,2811.1791643415177,2753.55330984933,2504.321671549479,-0.042154551607931356,54.45547295557867,144.70644920724226,140.99038408621948,3.7160651210227797,2870.725830078125,2904.3408203125,2716.096435546875
2020-12-01,2850.556884765625,2864.0030091549784,2736.265730219873,2776.6039228351824,251258199,2832.3086286272323,2759.31591796875,2525.1630045572915,0.03667483247311343,55.769270387225205,142.16047611184922,141.22440249134544,0.9360736205037767,2749.711669921875,2884.171875,2702.650634765625
2020-12-02,2890.894775390625,2917.786840807367,2857.279648481515,2904.3407178226307,149985830,2853.4380929129466,2776.1234305245534,2548.693538411458,0.014150880777219266,68.81722529439925,141.76354286917012,141.3322305669104,0.4313123022597267,2850.556884765625,2870.725830078125,2742.988525390625
2020-12-03,2958.125,2958.125,2890.894923294879,2924.509871371069,218887830,2872.6466936383927,2795.332048688616,2573.7927815755206,0.023255853233292045,70.40820523614066,145.20011117643253,142.10580668881482,3.0943044876177055,2890.894775390625,2749.711669921875,2823.664794921875
2020-12-04,2890.894775390625,2958.1248486561144,2870.7257714662514,2958.1248486561144,165420527,2870.725830078125,2811.659354073661,2597.3233154296877,-0.02272731024191843,66.34615888233255,140.87478226113035,141.85960180327794,-0.9848195421475907,2958.125,2850.556884765625,2904.3408203125
2020-12-07,2958.125,2971.5709431199284,2924.509871371069,2924.509871371069,154937236,2881.2905622209823,2832.788818359375,2623.3189697265625,0.023255853233292045,69.29825679107358,141.2436760169985,141.73641664602206,-0.4927406290235581,2890.894775390625,2890.894775390625,2884.171875
2020-12-08,2958.125,2958.125,2917.7869900874757,2958.125,89400744,2893.7761579241073,2850.07657296317,2647.97001953125,0.0,66.98114985119746,139.92308079989243,141.37374947679615,-1.4506686769037174,2958.125,2958.125,2870.725830078125
2020-12-10,2911.063720703125,2991.739915329002,2911.063720703125,2991.739915329002,212997338,2916.8264508928573,2864.0028076171875,2671.2764567057293,-0.015909158435453152,62.83185698511311,133.53968527790857,139.80693663701865,-6.267251359110077,2958.125,2890.894775390625,2749.711669921875
2020-12-11,2877.44873046875,2958.1249289076563,2864.002787671967,2958.1249289076563,191894904,2920.668143136161,2876.4883858816966,2692.3418863932293,-0.011547322030537988,61.20688278817723,124.33509201232573,136.71256771208007,-12.377475699754342,2911.063720703125,2958.125,2850.556884765625
2020-12-14,2877.44873046875,2897.6179154930287,2870.7258493467266,2890.894853818269,140126140,2918.7472795758927,2886.09268624442,2712.959122721354,0.0,59.09090458915309,115.70659196650058,132.51137256296417,-16.804780596463587,2877.44873046875,2958.125,2890.894775390625
2020-12-15,2877.44873046875,2884.1717921435097,2850.556664322448,2877.44873046875,147085740,2907.222098214286,2889.934395926339,2733.1281494140626,0.0,54.08162017526405,107.62777749223278,127.53465354881789,-19.906876056585105,2877.44873046875,2911.063720703125,2958.125
2020-12-16,2904.3408203125,2924.509824948608,2890.8948774060077,2917.7869437717304,143051750,2909.1429617745534,2889.934395926339,2754.1935791015626,0.009345810251628395,50.0,102.21693254987531,122.47110934902938,-20.254176799154067,2877.44873046875,2877.44873046875,2890.894775390625
2020-12-17,2911.063720703125,2931.2327242214124,2897.6177785418427,2931.2327242214124,155902502,2902.419921875,2891.855242047991,2777.5000162760416,0.002314776676210384,52.27270945327791,97.34910098745286,117.44670767671408,-20.097606689261227,2904.3408203125,2877.44873046875,2958.125
2020-12-18,2877.44873046875,2890.894853818269,2870.7258493467266,2870.7258493467266,228155710,2890.8947405133927,2892.33544921875,2795.2039469401043,-0.011547322030537988,50.549441340447714,89.74434369349683,111.90623488007063,-22.161891186573797,2911.063720703125,2877.44873046875,2958.125
2020-12-21,2830.3876953125,2917.786956521181,2830.3876953125,2911.0638947621887,240869950,2879.3695940290177,2898.0980224609375,2809.770475260417,-0.016355125517243718,57.499987517005245,79.00931630037167,105.32685116413083,-26.317534863759164,2877.44873046875,2904.3408203125,2911.063720703125
2020-12-22,2776.603759765625,2877.448783999409,2769.880697965793,2850.5567173528207,188635658,2864.9631696428573,2892.815656389509,2819.630891927083,-0.019002321002154043,42.46575274321298,65.40783483705718,97.34304789871611,-31.935213061658928,2830.3876953125,2911.063720703125,2877.44873046875
2020-12-23,2796.772705078125,2810.218647838829,2655.589493603422,2790.049643421405,187175822,2853.4380231584823,2886.0926513671875,2823.21650390625,0.007263890370227788,40.000010375478176,55.61493377435136,88.99742507384316,-33.382491299491804,2776.603759765625,2877.44873046875,2877.44873046875
2020-12-28,2857.27978515625,2864.0028469702083,2796.7727704888443,2857.27978515625,94730336,2850.5567452566966,2878.889421735491,2826.129817708333,0.021634607620512725,39.13042791792363,52.13542014143377,81.62502408736128,-29.489603945927513,2796.772705078125,2830.3876953125,2877.44873046875
2020-12-29,2810.218505859375,2877.448577371731,2803.4954445423214,2857.279573973297,82725388,2837.1107003348216,2873.1268310546875,2831.284114583333,-0.016470658400819294,40.90907590323262,45.06099350345539,74.31221797058011,-29.251224467124715,2857.27978515625,2776.603759765625,2904.3408203125
2020-12-30,2803.495361328125,2830.3874252453943,2776.603477963577,2816.94148356312,99024700,2821.7437918526784,2862.081856863839,2835.093815104167,-0.002392392092370077,29.824513342273846,38.46851673327592,67.14347772311928,-28.674960989843356,2810.218505859375,2796.772705078125,2911.063720703125
2021-01-04,2897.61767578125,2904.3405563471083,2790.049420094861,2790.049420094861,106226854,2824.625069754464,2857.7599051339284,2842.937320963542,0.03357320142257536,43.66195094007652,40.373415952521555,61.789465368999736,-21.41604941647818,2803.495361328125,2857.27978515625,2877.44873046875
2021-01-05,2870.725830078125,2890.8948344142914,2850.556645189224,2890.8948344142914,106964857,2830.3876604352677,2854.8786272321427,2849.8844319661457,-0.009280674233834052,45.588252571632424,39.2605439918234,57.283681093564475,-18.023137101741078,2897.61767578125,2810.218505859375,2830.3876953125
2021-01-06,2823.664794921875,2890.894870396809,2796.772728621354,2877.4487469701803,128299616,2837.110665457589,2851.0369175502233,2853.4700439453127,-0.01639342728698312,44.28572836672769,34.18706550312163,52.66435797547591,-18.47729247235428,2870.725830078125,2803.495361328125,2776.603759765625
2021-01-07,2877.44873046875,2884.1717921435097,2830.387659850905,2864.002787671967,141798389,2848.635811941964,2851.0369175502233,2858.848453776042,0.019047563876420703,50.0,34.11297817807008,48.95408201599474,-14.841103837924663,2823.664794921875,2897.61767578125,2796.772705078125
2021-01-08,2951.402099609375,2951.402099609375,2890.895081430772,2911.064087490306,205011531,2862.081856863839,2856.3193010602677,2867.140169270833,0.025701020615084058,56.17979682826207,39.56559472746039,47.07638455828788,-7.510789830827484,2877.44873046875,2870.725830078125,2857.27978515625
2021-01-11,3126.199951171875,3132.923012296661,2964.847748046052,2971.570628618117,422093240,2907.2220633370534,2872.1663818359375,2879.913883463542,0.059225359901192265,64.8648604438512,57.33068594091537,49.12724483481338,8.203441106101991,2951.402099609375,2823.664794921875,2810.218505859375
2021-01-12,3173.261474609375,3206.8764239654483,3139.646525253301,3146.369587345615,260390447,2960.0457938058034,2890.894792829241,2891.567106119792,0.015053907034915825,66.6666873585066,74.35005914942349,54.1718076977354,20.178251451688084,3126.199951171875,2877.44873046875,2803.495361328125
2021-01-13,3220.322509765625,3253.9374587210277,3193.430622822402,3206.876385741268,231181533,3006.146484375,2915.3857770647323,2902.0998291015626,0.014830493967422864,71.42858450690687,90.59118843750639,61.455683845689606,29.135504591816783,3173.261474609375,2951.402099609375,2897.61767578125
2021-01-14,3206.876220703125,3247.214229594757,3173.261273477677,3240.491529034045,146980798,3054.16796875,2942.277814592634,2912.856640625,-0.0041754479626572305,74.5613870226559,101.21070327147436,69.40668773084656,31.804015540627802,3220.322509765625,3126.199951171875,2870.725830078125
2021-01-15,3079.13916015625,3206.8762496503628,3058.9699749756387,3206.8762496503628,225189839,3090.664306640625,2963.8874860491073,2919.803751627604,-0.0398322391498066,67.99998721741406,98.18758666447366,75.16286751757198,23.024719146901674,3206.876220703125,3173.261474609375,2823.664794921875
2021-01-18,3106.031005859375,3126.200190779602,3052.24723494971,3079.1391204045426,182568723,3123.318917410714,2985.977364676339,2931.6810628255207,0.00873355970756462,68.25395132748464,96.84531961633775,79.49935793732514,17.345961679012603,3079.13916015625,3220.322509765625,2877.44873046875
2021-01-19,3106.031005859375,3159.81513787451,3099.3083053247697,3159.81513787451,152430182,3145.408761160714,3003.7453090122767,2940.1968668619793,0.0,65.81194909933104,94.69003552316781,82.53749345449367,12.152542068674137,3106.031005859375,3206.876220703125,2951.402099609375
2021-01-20,3287.552490234375,3307.7213134565573,3126.200098929619,3139.646221814713,277723446,3168.4591238839284,3037.840593610491,2953.4187906901043,0.058441620200367916,75.91241340263244,106.40268023765657,87.31053081112626,19.092149426530312,3106.031005859375,3079.13916015625,3126.199951171875
2021-01-21,3220.322509765625,3327.8907797495,3206.876385741268,3307.7215937129645,177275431,3175.18212890625,3067.6139613560267,2962.1587076822916,-0.020449857658077164,71.23290124433275,109.00361221033154,91.64914709096732,17.35446511936422,3287.552490234375,3106.031005859375,3173.261474609375
2021-01-22,3173.261474609375,3267.383621690776,3146.369587345615,3267.383621690776,183332136,3168.4591238839284,3087.302804129464,2971.5709309895833,-0.014613764619393677,64.74822380512605,106.04501636779378,94.52832094633263,11.51669542146115,3220.322509765625,3106.031005859375,3220.322509765625
2021-01-25,3213.599365234375,3220.3224270739183,3099.3083972785853,3220.3224270739183,165278734,3169.4195731026784,3111.793770926339,2980.0867431640627,0.012711808008183612,68.08510912284497,105.7363753858308,96.76993183423227,8.96644355159853,3173.261474609375,3287.552490234375,3206.876220703125
2021-01-26,3126.199951171875,3220.3220847079983,3106.030767797516,3213.5990235832123,163850580,3176.1425432477677,3133.4034249441966,2985.689241536458,-0.027196736160708612,65.3061037953007,97.31755668117785,96.8794568036214,0.4380998775564535,3213.599365234375,3220.322509765625,3079.13916015625
2021-01-27,3106.031005859375,3173.261261154661,3025.354988389408,3126.200190779602,198692361,3176.1425432477677,3149.730730329241,2992.1881510416665,-0.006451585192092213,61.971823782151795,88.0036654012506,95.10429852314725,-7.100633121896649,3126.199951171875,3173.261474609375,3106.031005859375
2021-01-28,3005.185791015625,3126.199990001245,2971.5706655268937,3079.138922648656,176270344,3161.736083984375,3153.572422572545,2996.446053059896,-0.03246754931084417,52.73970592478289,71.6589338365502,90.41522558582784,-18.756291749277636,3106.031005859375,3213.599365234375,3106.031005859375
2021-01-29,2810.218505859375,3099.308156412685,2810.218505859375,3072.4159111444715,308226863,3093.5455147879466,3131.0023193359375,2994.205045572917,-0.06487694895241713,34.22819724295054,42.4836606171375,80.82891259208978,-38.345251974952276,3005.185791015625,3126.199951171875,3287.552490234375
2021-02-01,2958.125,2985.017066792597,2662.312445834178,2810.218722917089,355113743,3056.0887276785716,3115.635428292411,2996.894254557292,0.052631670395820285,40.24389838851427,30.940204942295622,70.85117106213094,-39.91096611983532,2810.218505859375,3106.031005859375,3220.322509765625
2021-02-02,2931.23291015625,3018.6319911303294,2864.002833979825,3018.6319911303294,167527833,3021.5132184709823,3094.986171177455,2997.7906575520833,-0.009090924096767372,36.645960071103595,19.398354099059816,60.56060766951672,-41.162253570456905,2958.125,3005.185791015625,3173.261474609375
2021-02-03,2944.67919921875,3011.9092791736107,2931.233074896128,3011.9092791736107,124241205,2983.0960518973216,3076.2578125,2998.911173502604,0.004587246893930086,37.888220472575924,11.2071680462509,50.68991974486356,-39.48275169861266,2931.23291015625,2810.218505859375,3213.599365234375
2021-02-04,3018.6318359375,3079.1390277724254,2937.9558208945714,2991.739951291677,162519997,2967.729178292411,3071.935860770089,3003.6172770182293,0.025113987540092753,47.05881236011327,10.561210756842229,42.6641779472593,-32.10296719041707,2944.67919921875,2958.125,3126.199951171875
2021-02-05,3005.185791015625,3052.2470389209384,2971.5706655268937,3052.2470389209384,99005120,2953.3227190290177,3064.7326311383927,3009.443880208333,-0.004454350729955481,45.033110830858675,8.862144217163404,35.90377120124012,-27.041626984076714,3018.6318359375,2931.23291015625,3106.031005859375
2021-02-08,2998.463134765625,3045.524389026809,2991.7402532020965,3045.524389026809,120218986,2952.3623395647323,3057.0492117745534,3016.8391927083335,-0.0022370185131642684,44.73685593684389,6.893693361664191,30.101755633324935,-23.208062271660744,3005.185791015625,2944.67919921875,3005.185791015625
2021-02-09,3106.031005859375,3206.876208249569,3025.354988389408,3025.354988389408,464366860,2994.621268136161,3044.0833914620534,3027.147802734375,0.035874335037358485,40.425514927714126,13.8538119711111,26.85216690088217,-12.998354929771072,2998.463134765625,3018.6318359375,2810.218505859375
2021-02-10,3126.199951171875,3166.53795681515,3092.585006653386,3112.7538289223025,202155881,3018.6319754464284,3037.3603515625,3036.111808268229,0.00649347842132042,44.77609311179138,20.757936867018543,25.633320894109445,-4.875384027090902,3106.031005859375,3005.185791015625,2958.125
2021-02-11,3146.369384765625,3166.5382086384952,3112.754076468389,3159.815146979048,99681961,3049.3657575334823,3035.4394880022323,3047.3168375651044,0.006451741382117682,48.46153545326252,27.53955150955835,26.01456701719923,1.5249844923591205,3126.199951171875,2998.463134765625,2931.23291015625
2021-02-15,3166.537841796875,3213.598906855536,3159.8147809162906,3166.537841796875,93158189,3081.0598493303573,3032.077950613839,3059.418253580729,0.006410072869671213,47.244066344623526,34.147821075185675,27.64121782879652,6.5066032463891545,3146.369384765625,3106.031005859375,2944.67919921875
2021-02-16,3139.646484375,3186.707557302964,3132.923422370221,3186.707557302964,71623667,3098.34765625,3033.038417271205,3067.485880533854,-0.008492353088891291,50.84749153154739,36.790911782975854,29.47115661963239,7.319755163343466,3166.537841796875,3126.199951171875,3018.6318359375
2021-02-17,3112.75439453125,3179.9846568898733,3106.031332184837,3166.538532197047,101529553,3113.714599609375,3033.5186593191966,3075.553499348958,-0.008565324146391329,50.42019242887672,36.29720175985722,30.836365647677354,5.460836112179862,3139.646484375,3146.369384765625,3005.185791015625
2021-02-18,3139.646484375,3206.876382211812,3126.200360365442,3159.815309283848,152089286,3133.8836495535716,3043.1229945591517,3086.086222330729,0.008639322746117228,59.25931031839192,37.64198652403911,32.197489822949706,5.444496701089406,3112.75439453125,3166.537841796875,2998.463134765625
2021-02-19,3220.322509765625,3220.322509765625,3092.585414850705,3092.585414850705,109884637,3150.211007254464,3072.4161376953125,3097.515348307292,0.025695894678628095,83.51659402482619,44.702318646522144,34.6984555876642,10.003863058857945,3139.646484375,3139.646484375,3106.031005859375
2021-02-22,3220.322509765625,3274.106644757562,3200.15332372909,3260.660520733205,157619632,3163.6570870535716,3091.14453125,3106.4793619791667,0.0,78.26098626529347,49.724489755059494,37.703662421143264,12.02082733391623,3220.322509765625,3112.75439453125,3126.199951171875
2021-02-23,3220.322509765625,3247.2143967088487,3186.707560810223,3233.768633789982,107810772,3174.2218191964284,3111.793788364955,3109.6167805989585,0.0,83.07707521032981,53.092578347160725,40.78144560634676,12.311132740813967,3220.322509765625,3139.646484375,3146.369384765625
2021-02-24,3179.984619140625,3240.4918184345606,3166.5384946074164,3220.322631634748,105582023,3176.1427873883927,3128.601318359375,3109.840885416667,-0.012526040638065061,75.36244621922819,51.90851313901021,43.00685911287945,8.901654026130764,3220.322509765625,3220.322509765625,3166.537841796875
2021-02-25,3179.984619140625,3206.8765071015387,3139.6466066465023,3206.8765071015387,131635423,3181.9053780691966,3140.1265171595983,3108.4962890625,0.0,70.68981601775647,50.389276715086,44.48334263332076,5.905934081765238,3179.984619140625,3220.322509765625,3139.646484375
2021-02-26,3166.537841796875,3193.430085319212,3159.8147809162906,3179.983963558044,161796404,3189.5887276785716,3151.6516636439733,3107.151676432292,-0.004228566787025545,70.68968323933362,47.552077600942084,45.097089626845026,2.454987974097058,3179.984619140625,3220.322509765625,3112.75439453125
2021-03-01,3247.21435546875,3247.214355468749,3173.2613964849807,3227.0455307938514,127020403,3204.95556640625,3169.419607979911,3112.754182942708,0.0254778302684342,76.81159191466898,51.223030068233584,46.32227771512274,4.900752353110846,3166.537841796875,3179.984619140625,3139.646484375
2021-03-02,3227.044921875,3280.8290460352155,3227.044921875,3274.105985377012,75195758,3205.9159109933034,3178.063459123884,3116.787980143229,-0.006211303408345081,66.07137414653664,51.90643652865265,47.43910947782872,4.467327050823926,3247.21435546875,3179.984619140625,3220.322509765625
2021-03-03,3260.660888671875,3260.660888671875,3186.7079204039105,3227.0459359233027,85026738,3211.678536551339,3187.667811802455,3121.9423095703123,0.0104169503712217,67.24140953606924,54.531958183391,48.85767921894118,5.674278964449819,3227.044921875,3166.537841796875,3220.322509765625
2021-03-04,3200.15380859375,3260.661014765489,3179.9849806068664,3260.661014765489,117897176,3208.797293526786,3191.5095563616073,3119.029020182292,-0.018556692076853953,56.25002482408941,51.1407683831967,49.31429705179228,1.82647133140442,3260.660888671875,3247.21435546875,3220.322509765625
2021-03-05,3206.876220703125,3206.876220703125,3159.8151501453094,3186.707396810045,71188389,3212.6389508928573,3194.390869140625,3118.580810546875,0.0021006528159124294,54.838736128893956,48.437313313329014,49.13890030409963,-0.7015869907706147,3200.15380859375,3227.044921875,3179.984619140625
2021-03-08,3179.984619140625,3240.4918184345606,3179.984619140625,3227.045693901352,69917647,3212.6389508928573,3197.2721644810267,3118.8049153645834,-0.00838560633830887,54.83870400924955,43.62203057481929,48.03552635824356,-4.413495783424267,3206.876220703125,3260.660888671875,3179.984619140625
2021-03-09,3079.13916015625,3193.430487302097,3065.6930367025093,3193.430487302097,165527119,3200.1534249441966,3194.871076311384,3114.3229085286457,-0.03171256187133009,46.575334288443166,31.30760400230656,44.689941887056165,-13.382337884749603,3179.984619140625,3200.15380859375,3166.537841796875
2021-03-10,3112.75439453125,3132.9235815704897,3085.862506251105,3126.2005192240763,77405916,3180.9448590959823,3192.950212751116,3113.874723307292,0.010917088389501117,47.29730127619397,23.984324341479805,40.5488183779409,-16.56449403646109,3079.13916015625,3206.876220703125,3247.21435546875
2021-03-12,3079.13916015625,3153.0921169408743,3052.247274354243,3153.0921169408743,152360111,3159.8154645647323,3182.8656877790177,3112.9783284505206,-0.010799192648818678,34.32840998213024,15.291829279960439,35.49742055834481,-20.205591278384368,3112.75439453125,3179.984619140625,3227.044921875
2021-03-15,3072.416259765625,3112.75427113957,3065.6931976857186,3079.1393218455314,95483079,3132.9233747209823,3172.300955636161,3115.219344075521,-0.0021833701047417886,33.823590668146295,7.770904294276079,29.95211730553106,-22.181213011254982,3079.13916015625,3079.13916015625,3260.660888671875
2021-03-16,3173.261474609375,3206.8764239654483,3099.308513804914,3132.923463160988,151028868,3129.081612723214,3168.939453125,3127.3207763671876,0.03282277084793295,45.78314992544679,9.834516907907528,25.928597226006357,-16.09408031809883,3072.416259765625,3112.75439453125,3200.15380859375
2021-03-17,3139.646484375,3159.815309283848,3092.585411447036,3146.3695463797794,116245827,3119.477364676339,3166.0581577845983,3133.3714925130207,-0.01059319898575739,46.341469895428816,8.657695467892154,22.474416874383518,-13.816721406491364,3173.261474609375,3079.13916015625,3206.876220703125
2021-03-18,3200.15380859375,3206.876871624559,3153.0927284836293,3166.538854545248,95635541,3122.3586774553573,3167.4988141741073,3142.3355224609377,0.01927201820965352,51.648358664712354,12.463816266322283,20.47229675277127,-8.008480486448988,3139.646484375,3072.416259765625,3179.984619140625
2021-03-19,3139.646484375,3193.430619307743,3139.6464843750005,3193.430619307743,166398004,3131.0025809151784,3165.5780029296875,3148.834431966146,-0.018907630019614263,47.959240768717414,10.47698685429441,18.4732347730759,-7.996247918781492,3200.15380859375,3173.261474609375,3079.13916015625
2021-03-22,3112.75439453125,3159.815469850634,3106.031332184837,3159.815469850634,67100278,3131.0025809151784,3155.97372000558,3151.9718505859373,-0.008565324146391329,38.88893372111414,6.655720326232313,16.109731883707184,-9.454011557474871,3139.646484375,3139.646484375,3112.75439453125
2021-03-23,3139.646484375,3173.261433293406,3126.200360365442,3173.261433293406,115036356,3139.646484375,3149.730974469866,3156.4538736979166,0.008639322746117228,42.857211266796284,5.731239810856096,14.034033469136968,-8.302793658280873,3112.75439453125,3200.15380859375,3079.13916015625
2021-03-24,3139.646484375,3179.984495298185,3126.200360365442,3179.984495298185,120514341,3149.250802176339,3141.087088448661,3161.1599853515627,0.0,39.5348660450186,4.94161844056589,12.215550463422753,-7.273932022856863,3139.646484375,3139.646484375,3072.416259765625
2021-03-25,3106.031005859375,3159.81513787451,3079.1391204045426,3159.81513787451,95145043,3139.6464494977677,3134.364031110491,3161.1599853515627,-0.010706771823808303,41.46336278765124,1.58507784503945,10.089455939746092,-8.504378094706642,3139.646484375,3112.75439453125,3173.261474609375
2021-03-26,3173.261474609375,3173.261474609375,3106.0312147917334,3112.754276884047,106978057,3144.4485909598216,3131.96297781808,3162.7287027994794,0.021645137676724158,47.25277882640825,4.300360323245513,8.931636816445977,-4.631276493200463,3106.031005859375,3139.646484375,3139.646484375
2021-03-29,3173.261474609375,3213.599486057762,3173.261474609375,3213.599486057762,106807554,3140.6068289620534,3131.482753208705,3163.625105794271,0.0,49.42527776084977,6.378711434965226,8.421051740149826,-2.0423403051846005,3173.261474609375,3139.646484375,3200.15380859375
2021-03-30,3025.35498046875,3159.8151296018227,3011.9090377765365,3159.8151296018227,214898061,3124.279471261161,3127.64102608817,3158.919010416667,-0.04661024479832132,45.74468578280784,-3.8644513170420396,5.963951128711453,-9.828402445753493,3173.261474609375,3106.031005859375,3139.646484375
2021-03-31,2958.125,3011.909133585193,2864.002856502282,2991.740128628931,323139711,3102.1895577566966,3116.5960693359375,3152.8682942708333,-0.02222217918319569,38.38385394543495,-17.208757313221213,1.3294094403249197,-18.538166753546133,3025.35498046875,3173.261474609375,3112.75439453125
2021-04-01,2884.171875,2937.9560088377148,2830.387741162285,2924.509885101916,340183845,3065.693184988839,3102.66983468192,3145.248876953125,-0.025000000000000022,36.19050451712954,-33.36698130095965,-5.609868707931994,-27.757112593027657,2958.125,3173.261474609375,3139.646484375
2021-04-05,2823.664794921875,2911.063874984016,2796.772728621354,2904.3408132707013,345533898,3020.5529436383927,3084.901872907366,3134.7161539713543,-0.02097901328370899,33.62834531699005,-50.47308361894193,-14.58251169013398,-35.890571928807944,2884.171875,3025.35498046875,3139.646484375
2021-04-06,2891.762939453125,2912.41835864305,2857.33711753184,2871.1073353560846,167319270,2989.9432198660716,3064.79483468192,3123.764168294271,0.02411693649108737,30.638506236217964,-57.86777808074976,-23.239564968257138,-34.62821311249262,2823.664794921875,2958.125,3106.031005859375
2021-04-07,2891.762939453125,2919.303375101614,2864.22231889752,2912.41835864305,116953800,2949.7291434151784,3047.0888671875,3112.8121826171873,0.0,32.123944380103794,-63.00188025930811,-31.192028026467334,-31.809852232840775,2891.762939453125,2884.171875,3173.261474609375
2021-04-08,2995.039794921875,3001.924995734721,2912.418124796122,2926.1883415147136,158572578,2924.2689034598216,3032.4378662109375,3105.3027587890624,0.03571415002928324,36.06768989318109,-58.06774528763117,-36.567171478700104,-21.500573808931065,2891.762939453125,2823.664794921875,3173.261474609375
2021-04-09,2995.039794921875,3029.465614079006,2995.039794921875,3015.695397360414,125277643,2919.938162667411,3022.108816964286,3099.137931315104,0.0,39.297934964667284,-53.540229337882465,-39.96178305053658,-13.578446287345884,2995.039794921875,2891.762939453125,3025.35498046875
2021-04-12,2898.64794921875,3022.580648979256,2891.7629327760837,3022.580648979256,115119078,2911.4414411272323,3006.815499441964,3089.760042317708,-0.03218382803011788,35.632398582408015,-57.07226317308232,-43.38387907504573,-13.688384098036586,2995.039794921875,2891.762939453125,2958.125
2021-04-13,2864.22216796875,2933.073623276111,2836.681548864384,2898.647803168877,120186645,2908.591482979911,2987.142333984375,3079.682853190104,-0.011876496164109351,31.702669721038774,-61.935346155953084,-47.094172491227205,-14.84117366472588,2898.64794921875,2995.039794921875,2884.171875
2021-04-14,2995.039794921875,2995.039794921875,2905.5329239832754,2946.843759046152,113531640,2933.0736258370534,2976.8132847377233,3071.277034505208,0.04567300274960795,41.81582331179567,-54.60404382255729,-48.59614675749322,-6.007897065064064,2864.22216796875,2995.039794921875,2823.664794921875
2021-04-15,3036.350830078125,3036.350830078125,2946.843773784756,3022.58042838356,86272180,2953.7290387834823,2971.8361293247767,3064.9205647786457,0.013793150670750043,46.090428213243094,-44.94241048538106,-47.8653995030708,2.922989017689737,2995.039794921875,2898.64794921875,2891.762939453125
2021-04-16,2988.15478515625,3070.776455451776,2967.4993675823684,3063.891439531883,74495706,2967.4993024553573,2958.6142229352677,3055.8370279947917,-0.015873015873015928,39.38747190440345,-40.70528925503186,-46.43337745346301,5.728088198431152,3036.350830078125,2864.22216796875,2891.762939453125
2021-04-19,3015.695556640625,3015.695556640625,2967.4995182193284,3001.9251542876195,62185614,2970.450125558036,2947.3595145089284,3049.6884195963544,0.00921664822089685,41.2429789421181,-34.72474481933796,-44.091650926637996,9.36690610730004,2988.15478515625,2995.039794921875,2995.039794921875
2021-04-20,2967.499267578125,2981.2694838609577,2905.532832037638,2953.7288663881964,98216076,2966.5157645089284,2943.22696358817,3041.709187825521,-0.01598181519230968,46.38376743017781,-33.488127710097615,-41.97094628332992,8.482818573232308,3015.695556640625,3036.350830078125,2995.039794921875
2021-04-21,2912.418212890625,2953.729049203067,2912.418212890625,2919.303229004628,51954007,2968.4829450334823,2939.9621930803573,3032.7903076171874,-0.018561438342814984,47.09907087833778,-36.53156735502262,-40.88307049766846,4.351503142645846,2967.499267578125,2988.15478515625,2898.64794921875
2021-04-22,2891.762939453125,2933.0737778329744,2891.762939453125,2912.41835864305,118813822,2972.4173409598216,2940.504411969866,3026.54443359375,-0.007092138534939063,50.516752019193596,-40.147428577769915,-40.73594211368875,0.5885135359188354,2912.418212890625,3015.695556640625,2864.22216796875
2021-04-23,2926.188232421875,2946.843649183247,2884.87739889913,2891.762599455286,120513461,2962.5814034598216,2947.8275146484375,3020.3255615234375,0.011904604108129435,57.236103873904426,-39.77667051172784,-40.54408779329657,0.7674172815687257,2891.762939453125,2967.499267578125,2995.039794921875
2021-04-26,2850.45166015625,2926.188313655188,2843.5666443160558,2919.3031129078936,157367288,2936.0243791852677,2944.876708984375,3012.702644856771,-0.025882330954130506,47.11535347067586,-45.074559039445376,-41.450182042526336,-3.6243769969190396,2926.188232421875,2912.418212890625,3036.350830078125
2021-04-27,2871.107177734375,2891.762780697438,2857.3369606661054,2891.762780697438,146082083,2919.303292410714,2943.401297433036,3005.9923421223957,0.007246401637624356,48.59810761263059,-47.063922620006906,-42.57293015802245,-4.490992461984455,2850.45166015625,2891.762939453125,2988.15478515625
2021-04-28,2843.566650390625,2905.532902527349,2843.566650390625,2871.107083624436,126586116,2894.713448660714,2932.581787109375,2995.0025146484377,-0.009592302076818493,38.5416651276452,-50.283164955618304,-44.11497711754163,-6.168187838076676,2871.107177734375,2926.188232421875,3015.695556640625
2021-04-29,2864.22216796875,2891.762787073116,2850.451765963014,2884.877586070248,124711354,2879.9595772879466,2923.2376708984375,2985.8217041015623,0.007263947048783859,40.40404691626256,-50.584602249872205,-45.40890214400775,-5.175700105864458,2843.566650390625,2850.45166015625,2967.499267578125
2021-04-30,2788.485595703125,2864.222254296048,2788.485595703125,2857.3370530856605,257497837,2862.2549176897323,2915.3689313616073,2972.099430338542,-0.026442282694619235,41.66666358862489,-56.28597225089152,-47.5843161653845,-8.701656085507018,2864.22216796875,2871.107177734375,2912.418212890625
2021-05-03,2760.94482421875,2802.255659399272,2754.059623386296,2795.3706434739192,124235705,2843.5666155133927,2907.9919782366073,2959.476041666667,-0.00987660525369527,42.105251370958236,-62.308406617954915,-50.52913425589858,-11.779272362056332,2788.485595703125,2843.566650390625,2891.762939453125
2021-05-04,2795.37060546875,2802.2556213004955,2760.9447866816254,2767.8299874204704,84287635,2824.8783830915177,2893.72989327567,2948.89658203125,0.012468840720039065,32.098775700676825,-63.570554622144755,-53.13741832914782,-10.433136292996934,2760.94482421875,2864.22216796875,2926.188232421875
2021-05-05,2816.02587890625,2843.566495547468,2809.140678519173,2829.7960947733145,117321536,2819.9604143415177,2877.9923967633927,2938.109228515625,0.0073891001776618115,29.487148597481237,-62.18725213329435,-54.94738508997713,-7.2398670433172185,2795.37060546875,2788.485595703125,2850.45166015625
2021-05-06,2829.796142578125,2843.566543584908,2802.255525471653,2843.566543584908,86226199,2814.058837890625,2866.68106515067,2927.7808837890625,0.004889963467673564,34.24654140718012,-59.29629892594539,-55.81716785717079,-3.479131068774606,2816.02587890625,2760.94482421875,2871.107177734375
2021-05-07,2788.485595703125,2850.4518518752734,2781.6003944927384,2850.4518518752734,83358229,2806.190115792411,2850.4517822265625,2917.196036783854,-0.014598417975566047,27.99995650352652,-59.65099403926524,-56.58393309358968,-3.067060945675564,2829.796142578125,2795.37060546875,2843.566650390625
2021-05-10,2788.485595703125,2816.0262156375616,2788.485595703125,2788.485595703125,81377755,2795.37060546875,2837.6650913783483,2904.3701741536456,0.0,30.882326868303835,-59.24910566321341,-57.116967607514425,-2.132138055698988,2788.485595703125,2816.02587890625,2864.22216796875
2021-05-11,2747.17431640625,2781.600134331246,2740.289300746926,2774.714933764828,167031505,2789.468994140625,2825.8619559151784,2890.167268880208,-0.014814951657104891,31.818120766066315,-61.554519037132195,-58.004477893437986,-3.5500411436942088,2788.485595703125,2829.796142578125,2788.485595703125
2021-05-17,2685.2080078125,2754.0594572626483,2685.2080078125,2726.518840501171,214824800,2778.6494489397323,2811.1080322265625,2878.829036458333,-0.022556380286348876,29.1665989497225,-67.60245989839768,-59.92407429442993,-7.6783856039677545,2747.17431640625,2788.485595703125,2760.94482421875
2021-05-18,2685.2080078125,2726.518840501171,2678.3228073953583,2726.518840501171,127276708,2762.911934988839,2793.8951590401784,2869.7318033854167,0.0,23.880593065379557,-71.57047669969234,-62.253354775482414,-9.317121924209921,2685.2080078125,2788.485595703125,2795.37060546875
2021-05-19,2664.552734375,2712.74877006569,2650.7823328021736,2650.7823328021736,135307947,2741.2729143415177,2780.6166643415177,2862.411165364583,-0.0076922433485243635,27.118647123731577,-75.51141792421413,-64.90496740522876,-10.606450518985369,2685.2080078125,2747.17431640625,2816.02587890625
2021-05-20,2671.438232421875,2705.8638703704028,2630.1272080136723,2643.89761111878,164832677,2718.6503557477677,2766.3545968191966,2857.336946614583,0.002584110255370975,24.56145916926387,-77.18925045906963,-67.36182401599693,-9.827426443072696,2664.552734375,2685.2080078125,2829.796142578125
2021-05-21,2678.3232421875,2719.634266489587,2657.6678224900165,2698.978661884983,121124632,2702.9128766741073,2754.551496233259,2850.2222900390625,0.0025772670623880334,27.77780331410449,-77.07491049272039,-69.30444131134163,-7.770469181378758,2671.438232421875,2685.2080078125,2788.485595703125
2021-05-24,2781.60009765625,2795.3704986075254,2692.0932311013275,2733.40406414097,147190132,2701.9292340959823,2748.649919782366,2846.5501953125,0.0385602655579389,40.90905183575798,-67.86837178661835,-69.01722740639698,1.1488556197786295,2678.3232421875,2664.552734375,2788.485595703125
2021-05-25,2795.37060546875,2850.45165665821,2781.6002039910604,2802.2556213004955,168676803,2708.8144182477677,2749.1417061941966,2839.8945556640624,0.004950570653237563,50.877175520330155,-58.78334087472513,-66.9704501000626,8.18710922533748,2781.60009765625,2671.438232421875,2747.17431640625
2021-05-27,2719.634033203125,2884.87756151575,2719.634033203125,2850.4517417015304,622692705,2713.732421875,2746.190935407366,2830.714363606771,-0.027093571105547554,45.31250779129469,-57.0372074250613,-64.98380156506235,7.946594140001054,2795.37060546875,2678.3232421875,2685.2080078125
2021-05-28,2802.255615234375,2871.10706775248,2767.829981428872,2781.600197969653,274099434,2730.4535086495534,2746.6827218191966,2827.501285807292,0.030379669110825125,50.704211987260706,-48.42826205402707,-61.6726936628553,13.24443160882823,2719.634033203125,2781.60009765625,2685.2080078125
2021-05-31,2933.07373046875,2946.8439480706284,2829.7964512797653,2843.566853788757,326538660,2768.813650948661,2755.043282645089,2829.796337890625,0.046683148576163624,59.77014398810534,-30.695839684190105,-55.47732286712227,24.781483182932163,2802.255615234375,2795.37060546875,2664.552734375
2021-06-02,2933.07373046875,3015.69559080136,2912.4183116123754,2995.039987037873,312257333,2806.1901506696427,2762.420253208705,2827.7308024088543,0.0,58.82356131261803,-16.453106036207373,-47.67247950093929,31.219373464731916,2933.07373046875,2719.634033203125,2671.438232421875
2021-06-03,3001.925048828125,3001.925048828125,2905.532975371845,2939.958795137847,173444725,2852.4189801897323,2777.66592843192,2826.5832763671874,0.02347411783213893,67.41571511669602,0.38564351194827395,-38.060854898361775,38.44649841031005,2933.07373046875,2802.255615234375,2678.3232421875
2021-06-04,2988.15478515625,3022.5804194770185,2953.72896592838,3015.6954035571257,138144236,2881.9267926897323,2791.9280133928573,2826.5832763671874,-0.004587144398308873,65.9340548009366,12.47551863696981,-27.95358019129546,40.42909882826527,3001.925048828125,2933.07373046875,2781.60009765625
2021-06-07,2926.188232421875,2995.0396832621477,2898.647615104347,2988.154667613086,152755788,2900.6150251116073,2804.7147216796875,2823.5996988932293,-0.020737397219915077,63.82979365487126,16.86227108218509,-18.990409936599352,35.85268101878444,2988.15478515625,2933.07373046875,2795.37060546875
2021-06-08,2891.762939453125,2946.843995657219,2884.877738087445,2946.843995657219,108888570,2925.2048688616073,2819.4686453683034,2821.075154622396,-0.01176455177671798,66.66671919859394,17.360845540818445,-11.720158841115794,29.08100438193424,2926.188232421875,3001.925048828125,2719.634033203125
2021-06-09,2905.53271484375,2939.958531522919,2822.910865757996,2822.910865757996,107433795,2939.958740234375,2835.206124441964,2820.845638020833,0.004761723446538468,67.39132948422457,18.652065782694535,-5.645713916353728,24.297779699048263,2891.762939453125,2988.15478515625,2802.255615234375
2021-06-10,2960.6142578125,2974.3844749829063,2933.0736385645805,2946.843855734987,106984877,2943.8931012834823,2856.3533761160716,2823.1406819661456,0.0189574678293416,72.16497596461406,23.845115658791656,0.2524519986753484,23.592663660116308,2905.53271484375,2926.188232421875,2933.07373046875
2021-06-11,2946.84375,2995.039785727772,2946.84375,2995.039785727772,57809408,2945.8602469308034,2876.0251988002233,2823.82919921875,-0.004651233363536678,70.4081518197551,26.543503221588253,5.510662243257929,21.032840978330324,2960.6142578125,2891.762939453125,2933.07373046875
2021-06-14,2995.039794921875,2995.039794921875,2946.843759046152,2981.269578203284,133363443,2944.876639229911,2898.6478097098216,2828.6488037109375,0.016355140961197945,72.11538100915764,32.19983320647498,10.848496435901339,21.35133677057364,2946.84375,2905.53271484375,3001.925048828125
2021-06-15,2912.418212890625,2995.039885515509,2898.6478108484066,2995.039885515509,200713646,2934.05712890625,2907.991960797991,2830.025838216146,-0.027586138311529562,59.40596631672223,29.673585674118385,14.613514283544749,15.060071390573636,2995.039794921875,2960.6142578125,2988.15478515625
2021-06-16,2760.94482421875,2871.107113002509,2760.94482421875,2857.336896244702,481002668,2910.450927734375,2905.532976422991,2827.27177734375,-0.05200949094516716,47.93388090686054,15.272824144469269,14.745376255729655,0.5274478887396139,2912.418212890625,2946.84375,2926.188232421875
2021-06-17,2774.71484375,2802.25546021513,2705.86339504072,2740.289211848904,336253477,2893.7297712053573,2909.4673200334823,2824.2881998697917,0.004987430176242702,53.57140708794763,4.9145900408893795,12.779219012761601,-7.8646289718722215,2760.94482421875,2995.039794921875,2891.762939453125
2021-06-18,2692.09375,2795.371037412803,2692.09375,2795.371037412803,325605954,2863.2384905133927,2901.598615373884,2821.0751383463544,-0.029776426913238563,42.85716547134765,-9.847698744432819,8.253835461322717,-18.101534205755534,2774.71484375,2912.418212890625,2905.53271484375
2021-06-21,2712.7490234375,2733.4044428188627,2657.6677818157877,2671.438184674774,159544775,2827.829171316964,2885.8611363002233,2819.468611653646,0.007672568400524771,33.33329639676376,-19.65365590892179,2.672337187273816,-22.325993096195607,2692.09375,2760.94482421875,2960.6142578125
2021-06-22,2781.60009765625,2802.2555141760718,2698.978246669873,2712.748647621149,132832794,2804.2229352678573,2875.04159109933,2819.0095947265627,0.025380554420587176,39.62258786000204,-21.620019209417478,-2.1861340920644428,-19.433885117353036,2712.7490234375,2774.71484375,2946.84375
2021-06-23,2712.7490234375,2802.255902392445,2712.7490234375,2788.485684440576,178751767,2763.895682198661,2854.386160714286,2815.567032877604,-0.0247523266470846,30.188632538703146,-28.406628636550067,-7.430233000961568,-20.9763956355885,2781.60009765625,2692.09375,2995.039794921875
2021-06-24,2747.17431640625,2760.944717539086,2726.51889961409,2754.059516972668,55421157,2740.2894112723216,2837.173270089286,2812.8129720052084,0.012690187212795578,33.944878918398416,-30.653873294072582,-12.07496105958377,-18.57891223448881,2712.7490234375,2712.7490234375,2912.418212890625
2021-06-25,2747.17431640625,2781.600134331246,2747.17431640625,2774.714933764828,83150216,2738.322195870536,2824.386561802455,2811.435929361979,0.0,36.99994149237007,-32.06520317339573,-16.073009482346162,-15.992193691049568,2747.17431640625,2781.60009765625,2760.94482421875
2021-06-28,2705.86376953125,2747.174607492805,2705.86376953125,2740.289591103955,155357663,2728.486328125,2811.1080496651784,2808.6818684895834,-0.015037468364599738,36.63359836424424,-36.10095877630238,-20.078599341137405,-16.022359435164972,2747.17431640625,2712.7490234375,2774.71484375
2021-06-29,2685.2080078125,2692.093208229642,2657.6673910510226,2657.6673910510226,133952393,2727.5026506696427,2795.3705705915177,2806.6163248697917,-0.007633703496583766,34.31368527320208,-40.499221693165964,-24.162723811543117,-16.336497881622847,2705.86376953125,2747.17431640625,2692.09375
2021-06-30,2712.7490234375,2733.4044428188627,2678.32320119715,2685.2084026266434,124133954,2727.5026506696427,2777.6659109933034,2807.534358723958,0.010256566919534915,31.63261023263354,-41.28662049050172,-27.58750314733484,-13.69911734316688,2685.2080078125,2747.17431640625,2712.7490234375
2021-07-01,2712.7490234375,2733.4044428188627,2692.093604056137,2712.7490234375,105240907,2717.6667829241073,2760.9448590959823,2808.452392578125,0.0,32.29163511665685,-41.43302558253981,-30.356607634375834,-11.076417948163979,2712.7490234375,2705.86376953125,2781.60009765625
2021-07-02,2747.17431640625,2774.714933764828,2733.404100180508,2754.059516972668,93832940,2722.5846819196427,2743.2401820591517,2811.2064453125,0.012690187212795578,30.85097835218265,-38.32938197813883,-31.951162503128433,-6.378219475010393,2712.7490234375,2685.2080078125,2712.7490234375
2021-07-05,2685.2080078125,2726.518840501171,2671.4377918853065,2705.863424156836,93466744,2713.732352120536,2727.0108816964284,2811.6654378255207,-0.022556380286348876,31.868038948959466,-40.40413161204788,-33.64175632491232,-6.762375287135555,2747.17431640625,2712.7490234375,2747.17431640625
2021-07-06,2678.3232421875,2719.634266489587,2678.3232421875,2719.634266489587,60849751,2703.896484375,2721.1093401227677,2811.6654378255207,-0.002563959888756906,41.42854103494355,-42.1184138353442,-35.3370878269987,-6.781326008345502,2685.2080078125,2712.7490234375,2747.17431640625
2021-07-07,2630.127197265625,2712.7490608372746,2623.241995741208,2698.9786577884392,163599005,2693.076974051339,2710.78165108817,2806.6163411458333,-0.01799485744017637,35.99997541495537,-46.82622925949636,-37.634916113498235,-9.191313145998123,2678.3232421875,2747.17431640625,2705.86376953125
2021-07-08,2664.552734375,2685.2081518271384,2630.1269153500352,2678.322951040725,162349164,2690.126220703125,2708.814435686384,2802.2557454427083,0.01308892480377577,47.058765248751364,-47.23485970263437,-39.554904831325466,-7.679954871308901,2630.127197265625,2685.2080078125,2685.2080078125
2021-07-09,2616.356689453125,2664.552724973767,2602.5862879288843,2657.667524211647,140611578,2676.355887276786,2701.929268973214,2798.813167317708,-0.018087855533915675,40.27771416470287,-50.86142149997022,-41.81620816505442,-9.0452133349158,2664.552734375,2678.3232421875,2712.7490234375
2021-07-12,2588.81640625,2630.1272463532737,2581.93120459708,2616.357027954557,131702194,2658.6512276785716,2688.159005301339,2791.698527018229,-0.010526195955675055,28.787844598602263,-55.32007317505577,-44.516981167054695,-10.803092008001073,2616.356689453125,2630.127197265625,2712.7490234375
2021-07-13,2602.58642578125,2616.3568280348736,2588.816208434736,2616.3568280348736,175683484,2637.9958147321427,2680.2902483258927,2780.6822835286457,0.005319040584726764,36.206810117357634,-57.08442750859831,-47.03047043536342,-10.05395707323489,2588.81640625,2664.552734375,2747.17431640625
2021-07-14,2554.39013671875,2616.356570957145,2547.505121175555,2602.586170056572,115704508,2619.307547433036,2666.519949776786,2768.0594970703123,-0.01851861232544172,26.666607568155356,-61.6609398317878,-49.9565643146483,-11.704375517139503,2602.58642578125,2616.356689453125,2685.2080078125
2021-07-15,2623.24169921875,2643.897301457162,2568.160647970948,2581.930864556124,139855425,2611.4387555803573,2657.6676199776784,2755.43671875,0.026954207781448636,37.14283832783042,-59.05140530059134,-51.775532511836914,-7.275872788754427,2554.39013671875,2588.81640625,2678.3232421875
2021-07-16,2643.8974609375,2657.6676783532976,2623.2418574531384,2650.782477191844,108336691,2613.405936104911,2653.241455078125,2743.961474609375,0.00787413593070796,43.283581299642655,-54.686194629917736,-52.35766493545309,-2.328529694464649,2623.24169921875,2602.58642578125,2630.127197265625
2021-07-19,2602.58642578125,2650.7824638547136,2602.58642578125,2650.7824638547136,69326497,2604.5536063058034,2647.339913504464,2733.1747477213544,-0.015625051941916657,41.428584454345966,-53.93842047441967,-52.67381604324641,-1.264604431173261,2643.8974609375,2554.39013671875,2664.552734375
2021-07-21,2630.127197265625,2671.4382215050096,2623.241995741208,2650.7826169317573,111008747,2606.520821707589,2641.4383544921875,2724.4535563151044,0.01058207758695584,41.42855478451776,-50.54089005783271,-52.247230846163674,1.7063407883309623,2602.58642578125,2623.24169921875,2616.356689453125
2021-07-22,2685.2080078125,2692.093208229642,2643.897175123829,2664.552591468165,93842180,2620.2910505022323,2639.4711390904017,2717.1093994140624,0.02094226112111186,47.435853141175365,-42.90913188089462,-50.37961105310987,7.470479172215249,2630.127197265625,2643.8974609375,2588.81640625
2021-07-23,2664.552734375,2719.633970852103,2637.012116136448,2712.74877006569,95960267,2629.143380301339,2633.569597516741,2707.240681966146,-0.0076922433485243635,42.10527052473831,-38.08855532838288,-47.921399908164474,9.832844579781593,2685.2080078125,2602.58642578125,2602.58642578125
2021-07-26,2637.01220703125,2685.208244383203,2630.127006007512,2685.208244383203,90198037,2640.946533203125,2630.12704031808,2696.9129638671875,-0.010335891269275255,45.07043871372436,-36.07465787074989,-45.55205150068156,9.477393629931669,2664.552734375,2630.127197265625,2554.39013671875
2021-07-27,2616.356689453125,2657.667524211647,2595.701272073864,2657.667524211647,99741692,2639.962960379464,2625.700857979911,2684.2901936848957,-0.007832924520807971,43.83559048784362,-35.73344436606476,-43.5883300737582,7.854885707693441,2637.01220703125,2685.2080078125,2623.24169921875
2021-07-28,2568.1611328125,2623.242194459021,2561.2759307665096,2616.357177320165,77777283,2629.143484933036,2621.2747105189733,2672.8149576822916,-0.01842086625073236,43.83563307331627,-38.90355289793024,-42.651374638592614,3.747821740662374,2616.356689453125,2664.552734375,2643.8974609375
2021-07-29,2595.700927734375,2643.896956861447,2581.9305280368826,2588.815727885629,102817895,2628.159842354911,2616.3567243303573,2667.3068277994794,0.01072354634217021,43.055502886717456,-38.74700411405138,-41.870500533684364,3.1234964196329855,2568.1611328125,2637.01220703125,2602.58642578125
2021-07-30,2554.39013671875,2637.011987400913,2554.39013671875,2637.011987400913,113633172,2617.340262276786,2611.9305419921875,2659.9626708984374,-0.01591508119222451,43.66192962610591,-41.47823834885094,-41.792048096717686,0.313809747866749,2595.700927734375,2616.356689453125,2630.127197265625
2021-08-02,2575.04541015625,2595.7010103599914,2547.504979698757,2595.7010103599914,105807637,2601.6027483258927,2610.9468994140625,2656.0610595703124,0.008086185872935081,48.57135186393422,-41.49769363353653,-41.73317720408146,0.23548357054492897,2554.39013671875,2568.1611328125,2685.2080078125
2021-08-03,2581.930908203125,2602.586325883614,2561.2754905226366,2575.0457073405946,87862477,2589.799630301339,2609.471505301339,2651.7004557291666,0.0026739326691940235,47.826075784789076,-40.49075768892635,-41.484693301050434,0.9939356121240834,2575.04541015625,2595.700927734375,2664.552734375
2021-08-04,2650.782470703125,2650.782470703125,2595.701416267655,2609.471633649745,91847406,2591.7668108258927,2616.356672014509,2647.3398681640624,0.02666669440349856,59.722266682885916,-33.74798228857435,-39.93735109855522,6.18936880998087,2581.930908203125,2554.39013671875,2637.01220703125
2021-08-05,2788.485595703125,2816.0262156375616,2685.2083171757668,2685.2083171757668,294149590,2616.3566545758927,2628.1598074776784,2649.8644205729165,0.05194810457739063,64.63419854920487,-17.095723985864424,-35.36902567601706,18.273301690152636,2650.782470703125,2575.04541015625,2616.356689453125
2021-08-06,2705.86376953125,2795.370831657438,2685.2083505504725,2788.4856303614743,152456913,2636.0284598214284,2632.5859723772323,2648.48740234375,-0.029629640654837863,54.94506179622481,-10.445174708439481,-30.384255482501544,19.939080774062063,2788.485595703125,2581.930908203125,2568.1611328125
2021-08-09,2650.782470703125,2719.634112334905,2630.127052176435,2712.748911190305,102404178,2643.8972516741073,2636.028547014509,2645.2743408203123,-0.020356271978048235,53.76344823983764,-9.5095468368213,-26.2093137533655,16.6997669165442,2705.86376953125,2650.782470703125,2595.700927734375
2021-08-10,2630.127197265625,2678.323238122307,2623.241995741208,2678.323238122307,94349949,2654.7168317522323,2636.028547014509,2642.749788411458,-0.007792142005534353,50.0,-10.315848273310621,-23.030620657354525,12.714772384043904,2650.782470703125,2788.485595703125,2554.39013671875
2021-08-12,2623.24169921875,2650.7823172962003,2616.356683379712,2650.7823172962003,94464021,2661.6020159040177,2631.602382114955,2640.6842447916665,-0.002617933480188128,44.70587744511144,-11.379276897965156,-20.700351905476655,9.3210750075115,2630.127197265625,2705.86376953125,2575.04541015625
2021-08-13,2664.552734375,2671.437935161413,2630.1269153500352,2630.1269153500352,104829940,2673.4051339285716,2631.602382114955,2639.077701822917,0.015748085724831773,50.0,-8.787301911677787,-18.317741906716883,9.530439995039096,2623.24169921875,2650.782470703125,2581.930908203125
2021-08-16,2705.86376953125,2705.86376953125,2643.8975125889174,2664.552931569695,70083530,2681.2738909040177,2636.520350864955,2638.848193359375,0.015503928529280842,55.555564310873315,-3.3609448938696005,-15.326382504147428,11.965437610277828,2664.552734375,2630.127197265625,2650.782470703125
2021-08-18,2802.255615234375,2816.026016682255,2705.8635447276083,2747.1743792570514,247351372,2683.241036551339,2649.798845563616,2640.6842366536457,0.03562331806520458,63.36634184771847,8.618153793197052,-10.537475244678532,19.155629037875585,2705.86376953125,2623.24169921875,2788.485595703125
2021-08-19,2671.438232421875,2767.8303145291466,2657.667829316767,2754.0599114240385,218214729,2678.3231026785716,2657.17578125,2640.225244140625,-0.04668288720747504,56.63716453154051,7.469700246247157,-6.936040146493395,14.405740392740553,2802.255615234375,2664.552734375,2705.86376953125
2021-08-20,2705.86376953125,2712.7489708272137,2637.0123112929537,2671.438132865658,88330535,2686.1918596540177,2665.0445556640625,2641.14326171875,0.012886518090356791,57.01757305413192,9.230986607119576,-3.702634795770802,12.933621402890378,2671.438232421875,2705.86376953125,2650.782470703125
2021-08-23,2726.51904296875,2747.1744608469285,2705.8636250905715,2740.2894448256047,68133856,2699.9621233258927,2677.3394775390625,2644.3563232421875,0.0076335230435782275,61.261274211963176,12.15342951042794,-0.5314219345310534,12.684851444958994,2705.86376953125,2802.255615234375,2630.127197265625
2021-08-24,2678.3232421875,2726.5192831173345,2637.012402792533,2719.634266489587,150882016,2707.8309151785716,2684.716465541295,2644.8153401692707,-0.017676678586030503,56.52177800800449,10.459912867958337,1.666845025966825,8.793067841991512,2726.51904296875,2671.438232421875,2623.24169921875
2021-08-25,2678.3232421875,2685.2084437223675,2650.782620955149,2650.782620955149,86571495,2709.7981305803573,2691.601632254464,2646.880891927083,0.0,56.140370522090834,9.013882303425362,3.1362524814585324,5.8776298219668295,2678.3232421875,2705.86376953125,2664.552734375
2021-08-26,2664.552734375,2685.2081518271384,2643.897316922861,2678.322951040725,69144334,2703.896554129464,2692.585222516741,2649.4054361979165,-0.005141465972289816,50.94339433291016,6.679728020775201,3.8449475893218663,2.8347804314533347,2678.3232421875,2726.51904296875,2705.86376953125
2021-08-27,2643.8974609375,2678.323096930549,2637.012259776046,2678.323096930549,79498923,2681.2739606584823,2682.257498604911,2650.782470703125,-0.00775187263927235,38.20223376124581,3.1271382884046943,3.701385729138432,-0.5742474407337377,2664.552734375,2678.3232421875,2802.255615234375
2021-08-30,2712.7490234375,2712.7490234375,2643.8975638639176,2650.782580386294,128539860,2687.1755022321427,2682.7493024553573,2656.061100260417,0.026041691675737555,50.574722013226626,5.800565697078582,4.121221722726462,1.6793439743521201,2643.8974609375,2678.3232421875,2671.438232421875
2021-08-31,2705.86376953125,2719.634172123177,2664.552931569695,2712.7489708272137,134879489,2687.1755022321427,2686.68368094308,2658.8151692708334,-0.0025381094405575455,55.00001551333858,7.279776994007534,4.752932776982677,2.5268442170248573,2712.7490234375,2664.552734375,2705.86376953125
2021-09-01,2678.3232421875,2705.863863419851,2671.4382255597525,2705.863863419851,97691477,2680.2903878348216,2690.1262555803573,2659.9626953125,-0.010178090875772705,54.32099197793659,6.158777657979954,5.034101753182132,1.1246759047978214,2705.86376953125,2643.8974609375,2726.51904296875
2021-09-02,2664.552734375,2678.322951040725,2643.897316922861,2657.667533588587,81242343,2678.323172433036,2693.0770438058034,2662.0282389322915,-0.005141465972289816,53.65855346058812,4.111814276813675,4.849644257908442,-0.7378299810947668,2678.3232421875,2712.7490234375,2678.3232421875
2021-09-03,2705.86376953125,2705.86376953125,2623.2419087010257,2650.782528977767,165056860,2682.2575334821427,2696.02783203125,2664.5527913411456,0.015503928529280842,53.65855346058812,5.756676947602955,5.031050795847345,0.72562615175561,2664.552734375,2705.86376953125,2678.3232421875
2021-09-06,2650.782470703125,2740.2895308615957,2650.782470703125,2719.634112334905,188929693,2680.290352957589,2692.0934535435267,2663.4052734375,-0.020356271978048235,45.23808016196348,2.5858340971444704,4.54200745610677,-1.9561733589622996,2705.86376953125,2678.3232421875,2664.552734375
2021-09-07,2692.09375,2698.9787668956264,2664.5531276961106,2678.323346394492,140380354,2687.175537109375,2684.2247488839284,2664.323307291667,0.015584560315097029,39.47373209494247,3.3675739833206535,4.307120761549547,-0.9395467782288938,2650.782470703125,2664.552734375,2643.8974609375
2021-09-08,2825.02587890625,2938.63281773626,2817.452082984249,2893.190042204256,228087900,2703.215087890625,2695.195295061384,2670.5904296875,0.049378714580890826,64.61664856706449,14.545943733007789,6.354885355841196,8.191058377166593,2692.09375,2705.86376953125,2712.7490234375
2021-09-09,2825.02587890625,2855.3210625942525,2764.4355115302446,2802.304491140248,306319600,2720.2382463727677,2703.706874302455,2677.5460693359373,0.0,62.13561189751832,23.138159990079203,9.711540282688798,13.426619707390405,2825.02587890625,2650.782470703125,2705.86376953125
2021-09-10,2862.894775390625,2870.4685710927165,2779.583022667617,2809.878205475984,177033000,2746.6056082589284,2713.447998046875,2687.3705240885415,0.013404796312533884,63.41821039923016,32.62715125018394,14.294662476187828,18.332488773996115,2825.02587890625,2692.09375,2678.3232421875
2021-09-13,2802.3037109375,2840.172680004223,2772.008535684122,2809.8775047508448,169825000,2766.2843191964284,2722.3037458147323,2694.257283528646,-0.021164265265340654,61.90816094908106,34.85625149759289,18.406980280468844,16.44927121712405,2862.894775390625,2825.02587890625,2664.552734375
2021-09-14,2802.3037109375,2825.025092377534,2772.008535684122,2817.451298564189,216363400,2780.061453683036,2731.159493582589,2702.5210693359377,0.0,61.90816094908106,36.205475321089125,21.9666792885929,14.238796032496225,2802.3037109375,2825.02587890625,2705.86376953125
2021-09-15,2772.009033203125,2779.582828375811,2741.7138525123805,2779.582828375811,263544000,2797.3795340401784,2738.834943498884,2709.0865234375,-0.01081063327152365,60.003500103412144,34.43329205503369,24.46000184188106,9.97329021315263,2802.3037109375,2862.894775390625,2650.782470703125
2021-09-16,2756.861572265625,2772.009163322029,2734.140185681018,2764.435367793827,194782800,2806.632080078125,2746.90380859375,2714.917545572917,-0.005464434190532441,60.62520236523336,31.44408273128647,25.856818019762144,5.587264711524327,2772.009033203125,2802.3037109375,2692.09375
2021-09-17,2734.14013671875,2756.861522896468,2703.844955148459,2749.2877275038954,346529100,2793.6484026227677,2748.4317452566966,2717.6961344401043,-0.008241776001905787,52.203199917925026,26.93123632026618,26.07170167986295,0.8595346404032291,2756.861572265625,2802.3037109375,2825.02587890625
2021-09-20,2718.992431640625,2718.992431640625,2658.4020710469617,2718.992431640625,357971300,2778.5007672991073,2749.3695068359375,2715.3796956380206,-0.005540208007152048,51.329570892893074,21.880257828815502,25.23341290965346,-3.3531550808379578,2734.14013671875,2772.009033203125,2825.02587890625
2021-09-21,2703.844970703125,2711.418766139268,2650.8284026501224,2658.402198086266,410533900,2755.779366629464,2751.1924874441966,2715.31240234375,-0.00557098311905202,52.65119525317434,16.465246368090902,23.47977960134095,-7.014533233250049,2718.992431640625,2756.861572265625,2862.894775390625
2021-09-22,2734.14013671875,2764.435318289041,2665.9759781855955,2665.9759781855955,416087300,2746.0417131696427,2756.163016183036,2718.0909912109373,0.011204475975465034,56.988797523725076,14.451786286227616,21.674180938318283,-7.222394652090667,2703.844970703125,2734.14013671875,2802.3037109375
2021-09-23,2855.321044921875,2855.321044921875,2718.992719169637,2726.566515044761,432390800,2753.6156180245534,2766.838535853795,2725.597452799479,0.04432139617706454,62.9351077761893,22.376449425914416,21.814634635837514,0.5618147900769017,2734.14013671875,2718.992431640625,2802.3037109375
2021-09-24,2893.18994140625,2923.485124038776,2855.3209631155923,2870.4685544318554,634549600,2770.927176339286,2784.1533551897323,2734.5957275390624,0.01326257043904877,71.62394368589756,31.351109446634837,23.72192959799698,7.6291798486378575,2855.321044921875,2703.844970703125,2772.009033203125
2021-09-27,2840.173095703125,2878.0420703125,2825.025505859375,2855.320685546875,380151200,2782.8288225446427,2794.730451311384,2740.449739583333,-0.01832470275952769,62.939188482892824,33.79599659257201,25.736742996911985,8.059253595660024,2893.18994140625,2734.14013671875,2756.861572265625
2021-09-28,2817.45166015625,2855.320634083081,2794.730275800151,2855.320634083081,306827400,2794.73046875,2794.189435686384,2744.1693359375,-0.008000017879632115,49.18028282145046,33.51383073345505,27.2921605442206,6.221670189234452,2840.173095703125,2855.321044921875,2734.14013671875
2021-09-29,2832.599365234375,2840.173160328585,2794.730389763328,2817.451775045956,143081800,2810.960030691964,2794.730398995536,2745.1807942708333,0.005376385083137425,50.793617494838585,34.1192005568073,28.65756854673794,5.4616320100693585,2817.45166015625,2893.18994140625,2718.992431640625
2021-09-30,2915.910888671875,2931.0584777039367,2840.1729435115667,2847.746738027597,416099000,2841.2551618303573,2798.517264229911,2753.3298828125,0.02941168612124101,55.072416373827515,40.85060384867211,31.096175607124778,9.75442824154733,2832.599365234375,2840.173095703125,2703.844970703125
2021-10-01,2953.7802734375,2968.9278645833333,2900.763704427083,2915.9112955729165,359864700,2872.63232421875,2809.3370186941966,2761.5937662760416,0.012987154344374918,65.15157731248809,48.67988095210694,34.612916676121216,14.066964275985725,2915.910888671875,2817.45166015625,2734.14013671875
2021-10-04,3006.79638671875,3037.091564418687,2946.206031318876,2953.7798257438603,335762600,2894.271658761161,2823.9436383928573,2770.936344401042,0.017948563661965178,68.49318032485746,58.48837910456041,39.38800916180905,19.100369942751357,2953.7802734375,2832.599365234375,2855.321044921875
2021-10-05,2976.5009765625,3014.3699457299617,2961.3533888955158,2991.6485642294847,236562700,2906.1732352120534,2838.55020577567,2780.8756022135417,-0.010075644060923872,68.49308959047119,63.08983776875266,44.12837488319778,18.96146288555488,3006.79638671875,2915.910888671875,2893.18994140625
2021-10-06,3120.403564453125,3143.1249496311816,2968.92766326608,2968.92766326608,446708800,2946.2061593191966,2864.51749093192,2795.611612955729,0.0483462256601761,76.66661413577611,77.45540541124683,50.79378098880759,26.66162442243924,2976.5009765625,2953.7802734375,2840.173095703125
2021-10-07,3120.403564453125,3158.272539749886,3082.534589156364,3143.1249496311816,264905400,2989.4850027901784,2892.107735770089,2810.806640625,0.0,79.31029244433279,87.82779709227452,58.20058420950099,29.627212882773534,3120.403564453125,3006.79638671875,2817.45166015625
2021-10-08,3150.698486328125,3211.288841834435,3127.977103013259,3173.419869642991,196631600,3034.927734375,2922.9438825334823,2827.7000081380206,0.009708655066323013,82.0224238894539,97.37011713903712,66.03449079540822,31.335626343628903,3120.403564453125,2976.5009765625,2832.599365234375
2021-10-11,3165.84619140625,3180.993780838816,3127.9772178248354,3150.698601973684,146720100,3070.6327776227677,2955.9439697265625,2842.8032470703124,0.004807729188894383,84.26959943643301,104.9450267871598,73.81659799375853,31.12842879340127,3150.698486328125,3120.403564453125,2915.910888671875
2021-10-12,3196.1416015625,3211.289192091232,3165.8464205050354,3165.8464205050354,241196000,3105.2558244977677,2988.944074358259,2859.1458414713543,0.00956945104866036,84.26960513381813,112.10055821297192,81.4733900376012,30.627168175370713,3165.84619140625,3120.403564453125,2953.7802734375
2021-10-13,3241.58447265625,3256.7320636499708,3196.141699675088,3203.715495171948,264629400,3138.7969796316966,3016.5343191964284,2877.9212158203127,0.01421804061232268,82.27841696647126,120.05431690206433,89.18957541049384,30.864741491570484,3196.1416015625,3150.698486328125,3006.79638671875
2021-10-14,3218.862548828125,3294.600491153493,3203.7149603630514,3241.583931525736,196989500,3173.4200613839284,3039.796648297991,2896.3982096354166,-0.007009511558249137,77.92195070081436,123.10517873882964,95.97269607616101,27.13248266266862,3241.58447265625,3165.84619140625,2976.5009765625
2021-10-15,3271.879638671875,3279.4534341317635,3196.141684072989,3218.8630704526545,318189600,3195.059500558036,3070.632829938616,2915.2654052734374,0.01647075295683309,87.01288806315678,128.32183060714897,102.44252298235861,25.879307624790357,3218.862548828125,3196.1416015625,3120.403564453125
2021-10-18,3340.043701171875,3340.043701171875,3287.027134486608,3294.60092972736,286829000,3226.4366629464284,3107.9608328683034,2938.2407796223956,0.02083330379710091,91.56616586176698,136.3841830041838,109.23085498672366,27.15332801746014,3271.879638671875,3241.58447265625,3120.403564453125
2021-10-19,3332.4697265625,3370.338700727983,3302.1745472301136,3370.338700727983,161256300,3252.403982979911,3143.665858677455,2959.5866455078126,-0.0022676273986228512,90.24377779516186,140.5424134546265,115.49316668030423,25.049246774322285,3340.043701171875,3218.862548828125,3150.698486328125
2021-10-21,3302.174560546875,3377.912509183271,3271.879381092316,3370.3387143196314,319230200,3271.879464285714,3171.256120954241,2975.4916015625,-0.009090905094845336,83.999891691072,139.78195496920125,120.35092433808364,19.431030631117608,3332.4697265625,3271.879638671875,3165.84619140625
2021-10-22,3332.4697265625,3332.4697265625,3271.879367897727,3287.0269575639204,160459300,3291.354910714286,3198.3053676060267,2992.406396484375,0.009174307856883113,83.78366252057148,140.00990580985308,124.28272063243755,15.727185177415535,3302.174560546875,3340.043701171875,3196.1416015625
2021-10-25,3256.731689453125,3309.748251839571,3256.731689453125,3279.4530733330303,128240100,3293.518798828125,3216.157889229911,3005.5342936197917,-0.022727299367697462,71.42849966279053,132.55116455309326,125.9364094165687,6.614755136524565,3332.4697265625,3332.4697265625,3241.58447265625
2021-10-26,3294.600830078125,3309.7484201014727,3234.0104699847343,3241.584264996408,108782400,3304.338553292411,3238.87930733817,3021.944197591146,0.011627958406164929,76.92302288051013,128.21776692824596,126.39268091890416,1.8250860093418027,3256.731689453125,3302.174560546875,3218.862548828125
2021-10-27,3249.158203125,3287.0271798513986,3226.4368170891607,3279.4533845061187,258038300,3301.0926339285716,3248.0760672433034,3036.839347330729,-0.013793060008440383,63.076897899430335,119.7364308335641,125.06143090183616,-5.325000068272061,3294.600830078125,3332.4697265625,3271.879638671875
2021-10-28,3211.2890625,3256.7318322523583,3180.9938826650946,3188.567677623821,159645200,3282.6991141183034,3254.567888532366,3051.4820149739585,-0.011655062098416158,58.57139896802536,108.70609155472721,121.79036303241438,-13.084271477687167,3249.158203125,3256.731689453125,3340.043701171875
2021-10-29,3218.862548828125,3256.731519990809,3196.141166130514,3256.731519990809,155011100,3266.4695172991073,3259.436750139509,3066.882047526042,0.0023583944580276572,56.716388468980966,99.42942474358279,117.31817537464806,-17.888750631065278,3211.2890625,3294.600830078125,3332.4697265625
2021-11-01,3203.715576171875,3279.453533055371,3196.141780483525,3279.453533055371,102079300,3252.4039481026784,3262.1417061941966,3082.534562174479,-0.004705691040384541,53.73137775169052,89.81997657716101,111.81853561515065,-21.998559037989637,3218.862548828125,3249.158203125,3302.174560546875
2021-11-02,3188.567626953125,3234.010395983336,3188.567626953125,3234.010395983336,124799700,3231.846505301339,3261.6007080078125,3098.1870686848956,-0.004728244083655575,49.230752445757425,80.05923375607927,105.46667524333638,-25.407441487257117,3203.715576171875,3211.2890625,3332.4697265625
2021-11-03,3249.158203125,3256.73199847028,3188.567840362762,3218.8630217438813,100486300,3230.764578683036,3262.14168875558,3116.3641764322915,0.019002443498359556,50.74626075777869,76.3330084626059,99.63994188719029,-23.306933424584386,3188.567626953125,3218.862548828125,3256.731689453125
2021-11-04,3218.862548828125,3287.026696920956,3218.862548828125,3279.4529026884197,119591100,3219.94482421875,3262.14168875558,3132.521590169271,-0.009324154874249313,50.0,70.1269619957452,93.73734590890128,-23.61038391315607,3249.158203125,3203.715576171875,3294.600830078125
2021-11-05,3211.2890625,3234.0104473761794,3188.567677623821,3234.0104473761794,74347000,3214.5349469866073,3257.813790457589,3144.3871907552084,-0.002352845520192326,43.54836613234715,63.861354464243504,87.76214761996974,-23.900793155726234,3218.862548828125,3188.567626953125,3249.158203125
2021-11-08,3203.715576171875,3226.4369632369235,3196.141780483525,3218.863167548574,79465600,3213.4530203683034,3248.0760672433034,3154.738045247396,-0.0023583944580276572,33.333353231431204,57.620485215788904,81.73381513913357,-24.113329923344665,3211.2890625,3249.158203125,3211.2890625
2021-11-09,3218.862548828125,3218.862548828125,3196.141166130514,3203.7149603630514,92453200,3213.4530203683034,3239.961268833705,3167.3610270182294,0.004727939261808256,36.36357775458161,53.28257709666332,76.04356753063952,-22.760990433976204,3203.715576171875,3218.862548828125,3218.862548828125
2021-11-10,3218.862548828125,3226.436343060662,3188.567371897978,3203.7149603630514,69475400,3215.616873604911,3234.010410853795,3180.741389973958,0.0,39.21562802598014,49.27672227858284,70.69019848022819,-21.413476201645352,3218.862548828125,3211.2890625,3203.715576171875
2021-11-11,3218.862548828125,3256.731519990809,3203.7149603630514,3249.157725758272,149637700,3219.9447195870534,3225.8956124441966,3193.6168294270833,0.0,34.04248022863523,45.576673947852214,65.66749357375299,-20.090819625900778,3218.862548828125,3203.715576171875,3188.567626953125
2021-11-12,3196.1416015625,3249.1581684130624,3188.5678062981337,3234.0105778843304,80234400,3212.370919363839,3221.5677490234375,3202.9578531901043,-0.0070586882543017815,39.99999999999999,40.345886169562164,60.60317209291483,-20.25728592335267,3218.862548828125,3218.862548828125,3249.158203125
2021-11-15,3150.698486328125,3196.141252957858,3135.550897451548,3196.141252957858,220142300,3202.6331961495534,3211.2890101841517,3209.521793619792,-0.0142181169983705,26.829141730376733,32.16281662463189,54.91510099925824,-22.752284374626356,3196.1416015625,3218.862548828125,3218.862548828125
2021-11-16,3127.977294921875,3158.272474533709,3120.4035000189165,3120.4035000189165,163555000,3190.731515066964,3202.633231026786,3213.5611572265625,-0.0072114775516745055,28.947245642117977,23.572535283522484,48.6465878561111,-25.074052572588613,3150.698486328125,3218.862548828125,3211.2890625
2021-11-17,3180.993896484375,3180.993896484375,3150.698716517857,3158.272511509487,126523700,3187.4855608258927,3200.4692905970983,3220.377587890625,0.016949164448402554,44.999979853088725,20.80286956788359,43.0778441984656,-22.274974630582008,3127.977294921875,3196.1416015625,3203.715576171875
2021-11-18,3165.84619140625,3173.419986122533,3135.5510125411183,3143.124807257401,114881200,3179.911795479911,3196.6824079241073,3221.892342122396,-0.004761940943950327,41.46342230458311,17.18746987483655,37.89976933373979,-20.71229945890324,3180.993896484375,3150.698486328125,3218.862548828125
2021-11-19,3241.58447265625,3249.1582681531104,3196.141699675088,3196.141699675088,182167700,3183.157784598214,3199.3873291015625,3225.931705729167,0.023923550504630686,55.10203007583099,20.20082337886106,34.359980142764044,-14.159156763902985,3165.84619140625,3127.977294921875,3218.862548828125
2021-11-22,3241.58447265625,3264.305859146831,3218.863086165669,3264.305859146831,151514000,3186.4037737165177,3203.174246651786,3228.9612386067706,0.0,57.44685520680089,22.33150406288223,31.954284926787683,-9.62278086390545,3241.58447265625,3180.993896484375,3218.862548828125
2021-11-23,3188.567626953125,3241.5841908217044,3180.9938321147565,3241.5841908217044,104294200,3185.32177734375,3198.846348353795,3229.7186197916667,-0.016355225708396093,41.30430974132862,19.517086661647227,29.466845273759596,-9.949758612112369,3241.58447265625,3165.84619140625,3196.1416015625
2021-11-24,3188.567626953125,3203.715216629862,3173.420037276388,3180.9938321147565,111072800,3190.7316545758927,3196.6824253627233,3229.4661539713543,0.0,45.23812447618141,17.089641841173943,26.991404587242467,-9.901762746068524,3188.567626953125,3241.58447265625,3150.698486328125
2021-11-25,3196.1416015625,3218.8629873555983,3165.8464205050354,3165.8464205050354,123609400,3200.469412667411,3195.6004638671875,3227.9513916015626,0.0023753532919772447,47.61906589282343,15.597235562164315,24.712570782226837,-9.115335220062523,3188.567626953125,3241.58447265625,3127.977294921875
2021-11-26,3150.698486328125,3196.141252957858,3143.1246918898364,3173.419869642991,148652500,3196.1414969308034,3191.8135288783483,3225.6792561848956,-0.0142181169983705,42.55312582301817,10.62513329567264,21.895083284915998,-11.269949989243358,3196.1416015625,3188.567626953125,3180.993896484375
2021-11-29,3158.272216796875,3173.419805366644,3090.1080682329134,3143.1246282271054,164312800,3195.059500558036,3187.4856480189733,3221.892342122396,0.0024038258505580945,41.30437524701688,7.212699667914421,18.958606561515683,-11.745906893601262,3150.698486328125,3188.567626953125,3165.84619140625
2021-11-30,3097.68212890625,3196.1414630768645,3097.68212890625,3143.1248985234565,316653200,3174.502022879464,3178.829903738839,3213.813623046875,-0.019184567931916807,35.18524598481977,-0.3764527743724102,15.091594694338067,-15.468047468710477,3158.272216796875,3196.1416015625,3241.58447265625
2021-12-01,3090.108154296875,3165.846099255132,3082.534359801049,3097.681948792701,163457900,3152.862548828125,3169.6331612723216,3205.734903971354,-0.002445045777517918,34.545500366891176,-6.922271576633648,10.688821440143725,-17.611093016777374,3097.68212890625,3150.698486328125,3241.58447265625
2021-12-02,3180.993896484375,3196.141486467634,3074.9607666015627,3074.9607666015627,139281800,3151.780587332589,3168.55118233817,3201.695548502604,0.02941183209433018,48.43749291715502,-4.721731129526688,7.606710926209643,-12.328442055736332,3090.108154296875,3158.272216796875,3188.567626953125
2021-12-03,3158.272216796875,3196.141188221298,3158.272216796875,3188.5673939364133,93227100,3147.4526715959823,3169.0921630859375,3195.88896484375,-0.007142949790822306,50.81966260190958,-4.756407721485175,5.13408719667068,-9.890494918155856,3180.993896484375,3097.68212890625,3188.567626953125
2021-12-06,3112.830078125,3196.1418320407543,3112.830078125,3180.994240419708,106610000,3135.551025390625,3168.0102190290177,3191.092244466146,-0.014388290670511727,48.43754171012914,-8.3543858260864,2.4363925921192644,-10.790778418205665,3158.272216796875,3090.108154296875,3196.1416015625
2021-12-07,3203.715576171875,3203.715576171875,3150.699006353428,3173.4203934184766,182048000,3143.1248953683034,3169.6331961495534,3188.062736002604,0.029197063689907488,52.173937417660966,-3.8279826641169166,1.1835175408720282,-5.011500204988945,3112.830078125,3180.993896484375,3150.698486328125
2021-12-08,3188.567626953125,3218.862806306599,3158.2724475996515,3218.862806306599,143230200,3147.452811104911,3171.2561558314733,3186.0430501302085,-0.004728244083655575,52.17391304347826,-1.4464150798630726,0.6575310167250081,-2.1039460965880807,3203.715576171875,3158.272216796875,3158.272216796875
2021-12-09,3173.420166015625,3196.141551452491,3150.698780578759,3196.141551452491,90471500,3158.272530691964,3166.387276785714,3184.780753580729,-0.004750553448971129,42.62294562189772,-0.7723756504055928,0.37154968329888793,-1.1439253337044808,3188.567626953125,3112.830078125,3097.68212890625
2021-12-10,3127.977294921875,3150.6986796307506,3127.977294921875,3127.977294921875,122999200,3163.6824079241073,3158.272478376116,3181.7512451171874,-0.014319840650286686,38.80596296839781,-3.860552416567316,-0.47487073667435287,-3.385681679892963,3173.420166015625,3203.715576171875,3090.108154296875
2021-12-13,3150.698486328125,3180.9936640812803,3150.698486328125,3158.272280766414,86848900,3159.3544921875,3155.567539760045,3179.9840087890625,0.007263860720196691,46.031731412747824,-4.423552535237377,-1.2646070963869578,-3.1589454388504192,3127.977294921875,3188.567626953125,3180.993896484375
2021-12-14,3127.977294921875,3150.6986796307506,3127.977294921875,3143.124884727792,100110000,3155.0266462053573,3151.23965890067,3177.9643310546876,-0.0072114775516745055,43.93939837946344,-6.6267553325828885,-2.337036743626144,-4.289718588956744,3150.698486328125,3173.420166015625,3158.272216796875
2021-12-15,3180.993896484375,3203.715281459264,3135.551126534598,3143.124921526228,124522800,3164.764334542411,3150.1576799665177,3175.6921875,0.016949164448402554,48.6111005402482,-4.0481482220125145,-2.6792590393034184,-1.368889182709096,3127.977294921875,3127.977294921875,3112.830078125
2021-12-16,3135.551025390625,3196.141383369188,3120.4034358959843,3196.141383369188,136646600,3155.026541573661,3149.0757184709823,3172.91513671875,-0.014285746082057349,48.611122303794495,-5.6068115904745355,-3.2647695495376414,-2.342042040936894,3180.993896484375,3150.698486328125,3203.715576171875
2021-12-17,3112.830078125,3135.5514655565694,3097.682486503953,3097.682486503953,153165400,3144.2068917410716,3145.829851422991,3169.6331705729167,-0.007246237449698101,45.94599774790962,-8.576588523245391,-4.327133344279192,-4.249455178966199,3135.551025390625,3127.977294921875,3188.567626953125
2021-12-20,3120.403564453125,3127.977359512477,3074.960794097012,3082.534589156364,89198900,3136.6330915178573,3147.452811104911,3166.856103515625,0.002432990602778684,52.23881386911358,-10.201445176326615,-5.501995710688677,-4.699449465637938,3112.830078125,3180.993896484375,3173.420166015625
2021-12-21,3090.108154296875,3120.403332280178,3090.108154296875,3105.2557432885264,109561800,3131.223214285714,3147.452811104911,3162.5642903645835,-0.009708811546483287,50.0,-13.77495310586255,-7.156587189723452,-6.618365916139099,3120.403564453125,3135.551025390625,3127.977294921875
2021-12-22,3067.38720703125,3112.82998046875,3067.38720703125,3105.256184895833,104738000,3119.321602957589,3139.338047572545,3157.5151123046876,-0.007352800009291283,37.70491023609232,-18.230227725909117,-9.371315296960585,-8.858912428948532,3090.108154296875,3112.830078125,3150.698486328125
2021-12-23,3105.256103515625,3112.8298988900533,3074.960922017912,3097.6823081411967,72736800,3116.0757184709823,3135.55118233817,3153.728230794271,0.012345652481554836,44.44447287039064,-18.492194985301467,-11.195491234628761,-7.296703750672705,3067.38720703125,3120.403564453125,3127.977294921875
2021-12-24,3082.53466796875,3120.4036442337224,3067.387077462761,3105.2560537277336,59795000,3102.0101143973216,3133.387224469866,3149.9413330078123,-0.007317089086839146,46.66663443168656,-20.299238893290294,-13.016240766361069,-7.282998126929225,3105.256103515625,3090.108154296875,3180.993896484375
2021-12-27,3074.9609375,3112.8299145628075,3074.9609375,3082.5347329125616,65491200,3093.3543875558034,3124.1904645647323,3147.416748046875,-0.002456981440452255,32.65299946647791,-22.08785590824391,-14.830563794737637,-7.2572921135062725,3082.53466796875,3067.38720703125,3135.551025390625
2021-12-28,3097.68212890625,3112.829718778652,3082.534539033848,3097.68212890625,52952500,3091.1903948102677,3117.69864327567,3146.4069091796873,0.007389099200955318,37.99995744974396,-21.424963874353125,-16.149443810660735,-5.27552006369239,3074.9609375,3105.256103515625,3112.830078125
2021-12-29,3090.108154296875,3105.2557432885264,3082.534359801049,3097.681948792701,27676500,3086.862479073661,3111.747785295759,3143.3773844401044,-0.002445045777517918,38.77543770549825,-21.265636593000636,-17.172682367128715,-4.092954225871921,3097.68212890625,3082.53466796875,3120.403564453125
2021-12-30,3112.830078125,3135.5514655565694,3074.9610990723845,3090.1086906934306,146989400,3090.108468191964,3110.665841238839,3141.6101806640627,0.007353116037873919,47.82613570508072,-19.085888969264033,-17.555323687555777,-1.530565281708256,3090.108154296875,3074.9609375,3090.108154296875
2022-01-03,3165.84619140625,3173.419986122533,3097.682038959704,3120.4034231085525,90842500,3104.1740373883927,3111.747820172991,3139.0855712890625,0.017031483232513578,52.00002063040057,-12.93140086590347,-16.630539123225315,3.699138257321845,3112.830078125,3097.68212890625,3067.38720703125
2022-01-04,3150.698486328125,3188.567458519569,3150.698486328125,3180.9936640812803,93950000,3110.6658063616073,3113.370762416295,3136.0560384114583,-0.00478472552433018,53.06120435132703,-9.170506023452162,-15.138532503270685,5.968026479818523,3165.84619140625,3090.108154296875,3105.256103515625
2022-01-05,3188.567626953125,3203.715216629862,3127.9772682461776,3165.8462424380195,174376400,3125.8133719308034,3113.9117431640625,3136.0560384114583,0.01201928422834686,51.06382249095363,-3.0985286922050364,-12.730531741057556,9.63200304885252,3150.698486328125,3112.830078125,3082.53466796875
2022-01-06,3150.698486328125,3211.288841834435,3135.550897451548,3211.288841834435,137280000,3136.6330217633927,3114.9937046595983,3134.793733723958,-0.011876536757411182,52.17389780956426,-1.3268707339088905,-10.449799539627822,9.122928805718931,3188.567626953125,3165.84619140625,3074.9609375
2022-01-07,3173.420166015625,3180.9939611612467,3143.1249854331368,3158.2725757243807,101275000,3147.4527413504466,3119.3215680803573,3134.0363525390626,0.007211632527230671,58.695607995655294,1.8888570516101026,-7.982068221380237,9.87092527299034,3150.698486328125,3150.698486328125,3097.68212890625
2022-01-10,3165.84619140625,3188.5675755550988,3165.84619140625,3173.419986122533,70722600,3158.2724609375,3122.56747000558,3134.5412760416666,-0.002386691397024965,56.52170561594139,3.782584754597792,-5.629137626184631,9.411722380782424,3173.420166015625,3188.567626953125,3090.108154296875
2022-01-11,3143.124755859375,3165.846139636672,3127.9771666745105,3165.846139636672,99404900,3162.600272042411,3126.3543701171875,3134.0363606770834,-0.007177049727985163,57.77777141039711,3.4106320024343404,-3.8211837004608373,7.231815702895178,3165.84619140625,3150.698486328125,3112.830078125
2022-01-12,3150.698486328125,3165.846075204702,3127.977103013259,3158.272280766414,65907000,3160.4363141741073,3132.30517578125,3135.803572591146,0.0024096181529642546,62.79059132913181,3.6845206584753214,-2.3200428286736057,6.004563487148927,3143.124755859375,3173.420166015625,3165.84619140625
2022-01-13,3173.420166015625,3173.420166015625,3158.2725757243807,3165.846370870003,103522400,3163.6822684151784,3137.1740373883927,3138.5806396484377,0.007211632527230671,60.97555031063323,5.669672593026462,-0.7220997443335921,6.391772337360054,3150.698486328125,3165.84619140625,3150.698486328125
2022-01-14,3165.84619140625,3188.5675755550988,3150.698601973684,3173.419986122533,110213800,3160.436349051339,3143.1248604910716,3138.075716145833,-0.002386691397024965,64.10246025619196,6.556187700054579,0.7335577445440422,5.822629955510537,3173.420166015625,3143.124755859375,3188.567626953125
2022-01-17,3188.567626953125,3188.567626953125,3165.8462424380195,3180.9938321147565,102957100,3165.8462262834823,3151.2396240234375,3139.0855631510417,0.007177049727985052,68.29255636561763,8.988572597333587,2.3845607151019514,6.604011882231635,3165.84619140625,3150.698486328125,3150.698486328125
2022-01-18,3173.420166015625,3211.289141743735,3135.551190287515,3211.289141743735,120275000,3165.8462262834823,3156.649483816964,3141.105232747396,-0.004750553448971129,62.49994963320888,9.583508922440615,3.8243503565696844,5.75915856587093,3188.567626953125,3173.420166015625,3173.420166015625
2022-01-19,3127.977294921875,3188.567654145543,3127.977294921875,3188.567654145543,109954700,3160.4363839285716,3159.354422433036,3138.5806233723956,-0.014319840650286686,55.55555555555556,6.3153410110153345,4.322548487458815,1.9927925235565196,3173.420166015625,3165.84619140625,3165.84619140625
2022-01-20,3127.977294921875,3150.6986796307506,3112.829705115958,3127.977294921875,86394600,3158.2724609375,3160.436366489955,3136.5609456380207,0.0,52.380886595611926,3.682840897949518,4.194606969556956,-0.5117660716074379,3127.977294921875,3188.567626953125,3143.124755859375
2022-01-21,3158.272216796875,3158.272216796875,3112.829451087567,3127.9770396573363,84972500,3159.354422433036,3159.8953683035716,3136.056013997396,0.009685147626928847,48.7179232861631,3.9950600370234497,4.154697583050255,-0.15963754602680513,3127.977294921875,3173.420166015625,3150.698486328125
2022-01-24,3120.403564453125,3150.698744690534,3105.2559743344204,3135.5511545718296,76709900,3151.7806222098216,3157.7314453125,3135.8035563151043,-0.011990306643724469,45.23814640451043,1.1732872662892078,3.5584155196980456,-2.385128253408838,3158.272216796875,3127.977294921875,3173.420166015625
2022-01-25,3082.53466796875,3112.829848980728,3029.518101197789,3105.2560537277336,185007800,3139.878976004464,3150.1576625279017,3133.531429036458,-0.012135897072983792,33.33338449978778,-4.07175479234229,2.0323814572899788,-6.104136249632269,3120.403564453125,3127.977294921875,3165.84619140625
2022-01-26,3097.68212890625,3105.255923842451,3052.2393592890435,3052.2393592890435,97589500,3126.895333426339,3146.370779854911,3132.521590169271,0.00491396288090451,41.025681292768056,-6.926372002325479,0.24063076536688732,-7.167002767692367,3082.53466796875,3158.272216796875,3188.567626953125
2022-01-27,3135.551025390625,3135.551025390625,3074.9606674120623,3082.5344621593827,80682900,3121.4854561941966,3143.665841238839,3131.006827799479,0.01222491363171141,43.90240834271554,-6.0630818119370815,-1.0201117500939065,-5.0429700618431745,3097.68212890625,3120.403564453125,3173.420166015625
2022-01-28,3135.551025390625,3158.272409632586,3097.682051654024,3158.272409632586,84812100,3122.5674176897323,3141.5019008091517,3131.006827799479,0.0,44.99999597063073,-5.317619904231378,-1.879613380921401,-3.4380065233099772,3135.551025390625,3082.53466796875,3127.977294921875
2022-01-31,3082.53466796875,3158.272620498695,3082.53466796875,3158.272620498695,78498500,3116.075613839286,3137.1740373883927,3129.9969807942707,-0.016908146923002243,40.90911421950699,-8.902193988495128,-3.2841295024361465,-5.618064486058982,3135.551025390625,3097.68212890625,3127.977294921875
2022-02-02,3082.53466796875,3120.4036442337224,3074.960872715756,3120.4036442337224,81546300,3105.2559640066966,3132.305193219866,3128.734684244792,0.0,39.53491684502101,-11.609171473448896,-4.949137896638696,-6.6600335768102,3082.53466796875,3135.551025390625,3158.272216796875
2022-02-03,3127.977294921875,3165.846269436668,3127.977294921875,3165.846269436668,157898800,3106.3379255022323,3129.0592738560267,3129.9969889322915,0.014741967843972192,43.47822735490743,-9.97267166655638,-5.953844650622234,-4.018827015934146,3082.53466796875,3135.551025390625,3120.403564453125
2022-02-04,3188.567626953125,3188.567626953125,3143.1248579229145,3158.2724475996515,236602900,3121.4854910714284,3130.6822335379466,3134.036336263021,0.01937045135513471,52.830203597548916,-3.7434482180187842,-5.511765364101544,1.7683171460827598,3127.977294921875,3082.53466796875,3082.53466796875
2022-02-07,3332.4697265625,3340.0435213955966,3196.141419566761,3211.2890092329544,468016600,3155.0265764508927,3140.960954938616,3141.6101236979166,0.045130640602684124,63.768149118139384,12.659027651731321,-1.8776067609349707,14.536634412666292,3188.567626953125,3082.53466796875,3097.68212890625
2022-02-08,3362.76513671875,3446.076885601421,3332.469955306869,3370.33893207172,310878100,3187.4857352120534,3154.485595703125,3150.951139322917,0.00909097835601358,67.60567280962255,27.782435737056858,4.054401738663395,23.728033998393464,3332.4697265625,3127.977294921875,3135.551025390625
2022-02-09,3370.3388671875,3408.2078432233143,3317.3223007373595,3332.4698911516853,149000100,3221.02685546875,3171.797136579241,3160.7970703125,0.00225223295735133,74.24249010361594,39.9188230123882,11.227285993408357,28.691537018979844,3362.76513671875,3188.567626953125,3135.551025390625
2022-02-10,3385.486572265625,3408.207958656669,3370.338981338262,3408.207958656669,112521600,3264.3056989397323,3190.190656389509,3170.3905517578123,0.004494416043917093,75.00007110656028,50.180837117385636,19.017996218203812,31.162840899181823,3370.3388671875,3332.4697265625,3082.53466796875
2022-02-11,3370.3388671875,3370.3388671875,3317.3223007373595,3347.617481566011,103418200,3305.420584542411,3205.3382742745534,3179.7315755208333,-0.004474306648331483,71.21218559322324,56.44065132883088,26.50252724032923,29.938124088501652,3385.486572265625,3362.76513671875,3082.53466796875
2022-02-14,3340.043701171875,3370.3388821348854,3317.322315449617,3370.3388821348854,105260000,3335.7157854352677,3221.02685546875,3187.3053629557294,-0.008988759649828926,72.30771367048757,58.285157466707005,32.85905328560479,25.426104181102218,3370.3388671875,3370.3388671875,3127.977294921875
2022-02-15,3355.19140625,3370.3389972488712,3324.896224252257,3362.765201749436,96658500,3359.5191824776784,3240.5023367745534,3193.6168701171873,0.00453518170220657,79.03227651322152,60.27442897735318,38.34212842395447,21.93230055339871,3340.043701171875,3385.486572265625,3188.567626953125
2022-02-16,3347.617431640625,3385.4864071116726,3340.043636546416,3385.4864071116726,89636300,3361.6831403459823,3258.3548583984375,3200.1808349609373,-0.0022573897260425024,77.04917513008895,60.5418952464579,42.78208178845516,17.75981345800274,3355.19140625,3370.3388671875,3332.4697265625
2022-02-17,3332.4697265625,3340.0435213955966,3287.0269575639204,3324.8959317294034,118305100,3357.355224609375,3272.420479910714,3204.977571614583,-0.00452492119767145,72.41377585529428,58.85314852517695,45.99629513579952,12.856853389377427,3347.617431640625,3340.043701171875,3362.76513671875
2022-02-18,3355.19140625,3362.765201749436,3309.748633253386,3332.470019751693,127058000,3355.1913016183034,3288.1090785435267,3211.7940022786456,0.006818270397594306,73.77049093698295,58.67192085793249,48.531420280226115,10.140500577706376,3332.4697265625,3355.19140625,3370.3388671875
2022-02-21,3400.63427734375,3400.63427734375,3362.765298754176,3377.912890190006,133717300,3357.3552594866073,3310.83047921317,3219.3678059895833,0.013544047296109474,84.99994627526405,61.48637982859054,51.122412189899,10.363967638691541,3355.19140625,3347.617431640625,3385.486572265625
2022-02-22,3355.19140625,3385.4865882477425,3347.6176107505644,3362.765201749436,109060900,3355.191336495536,3330.3059605189733,3225.6793131510417,-0.013363057414467305,77.27267843205823,59.365668452498085,52.77106344241882,6.594605010079263,3400.63427734375,3332.4697265625,3370.3388671875
2022-02-23,3393.060302734375,3423.355484008789,3377.912712097168,3423.355484008789,160827800,3362.76513671875,3349.240461077009,3234.010498046875,0.011286657570066971,76.92303114579468,60.04849124260363,54.22654900245579,5.821942240147841,3355.19140625,3355.19140625,3340.043701171875
2022-02-24,3324.89599609375,3385.486355931449,3309.7484061343253,3385.486355931449,217523600,3358.4372209821427,3358.978201729911,3239.8170817057294,-0.0200893295606015,63.63633255595307,54.46154456559816,54.27354811508427,0.1879964505138929,3393.060302734375,3400.63427734375,3355.19140625
2022-02-25,3446.076904296875,3446.076904296875,3340.043768780048,3370.3389503562844,301346400,3372.502859933036,3367.093000139509,3248.9056396484375,0.0364465259501332,61.90474972229457,59.130515834112884,55.24494165888999,3.8855741752228923,3324.89599609375,3355.19140625,3347.617431640625
2022-03-01,3506.6669921875,3680.864272576944,3506.6669921875,3673.290477777403,494657800,3397.38818359375,3377.3717041015625,3260.2663330078126,0.017582337705544404,64.17905062121841,66.94808704904881,57.58557073692175,9.362516312127056,3446.076904296875,3393.060302734375,3332.4697265625
2022-03-02,3453.650390625,3552.109721936677,3446.076595908717,3544.5359272203946,186635200,3411.4537527901784,3383.322527204241,3269.1024251302083,-0.015118801323483422,57.53421088654658,68.08077904950824,59.684612399439054,8.396166650069183,3506.6669921875,3324.89599609375,3355.19140625
2022-03-04,3536.962158203125,3582.4049268310023,3491.519389575248,3574.831132059689,292022600,3430.9291643415177,3394.1422119140625,3281.220491536458,0.024122814458659825,62.195075928815996,74.83831943730229,62.71535380701171,12.12296563029058,3453.650390625,3446.076904296875,3400.63427734375
2022-03-07,3423.355224609375,3506.666966801196,3423.355224609375,3468.797993077641,224515800,3440.6668526785716,3397.9290945870534,3291.0664225260416,-0.03211991774643852,53.684191238969305,70.21716897653096,64.21571684091556,6.001452135615395,3536.962158203125,3506.6669921875,3355.19140625
2022-03-08,3355.19140625,3453.6507477426635,3355.19140625,3408.20797474605,214870200,3435.257010323661,3399.011073521205,3298.6402262369793,-0.019911406759476113,51.000006769326184,60.35884428513327,63.44434232975911,-3.0854980446258367,3423.355224609375,3453.650390625,3393.060302734375
2022-03-09,3461.224365234375,3476.371955454219,3408.2077994649208,3430.9291847946865,191967100,3454.732491629464,3406.5848563058034,3308.738631184896,0.03160265574919463,56.24998740824206,60.40570520902929,62.836614905613146,-2.4309096965838535,3355.19140625,3536.962158203125,3324.89599609375
2022-03-10,3461.224365234375,3514.240931003829,3415.7815945748425,3514.240931003829,225575800,3456.896414620536,3414.699637276786,3320.099324544271,0.0,56.75675597187954,59.75403550314695,62.22009902511991,-2.4660635219729556,3461.224365234375,3423.355224609375,3446.076904296875
2022-03-11,3464.572265625,3496.0683771306817,3440.9501819957386,3464.572265625,275965300,3450.882882254464,3424.1355329241073,3332.8339111328123,0.0009672589920064478,57.96862574150109,58.82957937724177,61.54199509554429,-2.712415718302516,3461.224365234375,3355.19140625,3506.6669921875
2022-03-14,3559.060302734375,3574.8083571712527,3472.446003331547,3496.068084986864,212052100,3465.9414411272323,3438.697596958705,3348.21318359375,0.027272641430190925,61.31777576885388,64.97237506649935,62.2280710897353,2.7443039767640514,3464.572265625,3461.224365234375,3453.650390625
2022-03-15,3629.9267578125,3653.548840835141,3566.9345364187907,3582.682591767218,357755700,3479.222098214286,3455.0756312779017,3364.692374674479,0.019911563460635717,62.37971333138249,74.6978453128454,64.72202593435732,9.975819378488083,3559.060302734375,3461.224365234375,3536.962158203125
2022-03-16,3661.423095703125,3669.297123865927,3629.926983051915,3661.423095703125,226817000,3513.2317940848216,3476.9493233816966,3382.221443684896,0.008676852176930927,66.78653303373433,83.97878661606865,68.57337807069959,15.405408545369056,3629.9267578125,3464.572265625,3423.355224609375
2022-03-17,3661.423095703125,3700.793236517137,3629.926983051915,3692.9192083543344,224068000,3556.979178292411,3496.118094308036,3401.517724609375,0.0,65.34788944075305,90.2931561657042,72.91733368970051,17.37582247600369,3661.423095703125,3559.060302734375,3355.19140625
2022-03-18,3606.304931640625,3700.793270460904,3606.304931640625,3700.793270460904,257863400,3577.7049734933034,3516.218732561384,3418.9767333984373,-0.015053754406909148,66.33780829055348,89.81443937862969,76.29675482748635,13.517684551143333,3661.423095703125,3629.9267578125,3461.224365234375
2022-03-21,3614.178466796875,3645.674575439985,3590.5563853145427,3622.0524939576526,118791900,3599.5555594308034,3528.22598702567,3435.1834391276043,0.002183269386670572,61.23804860533059,89.04393826870137,78.84619151572936,10.197746752972009,3606.304931640625,3661.423095703125,3461.224365234375
2022-03-22,3653.548828125,3708.667021652748,3653.548828125001,3692.918966359106,177758500,3626.5522112165177,3538.717546735491,3450.6828125,0.010893308587225814,60.106183903829084,90.56617917719768,81.19018904802303,9.375990129174653,3614.178466796875,3661.423095703125,3464.572265625
2022-03-23,3661.423095703125,3692.9192083543344,3637.8010112147176,3685.045180191532,146545100,3641.175467354911,3553.5584542410716,3461.6479248046876,0.002155238084546429,65.2426484732402,91.35487155701367,83.22312554982116,8.131746007192504,3653.548828125,3606.304931640625,3559.060302734375
2022-03-24,3724.415283203125,3724.415283203125,3637.800974291424,3653.549030457188,206271600,3654.673828125,3566.9479631696427,3473.7029296875,0.01720429075075325,64.17455754352567,95.95672958613432,85.76984635708381,10.186883229050508,3661.423095703125,3614.178466796875,3629.9267578125
2022-03-25,3708.666748046875,3748.03688337646,3661.4225856513735,3748.03688337646,137104800,3661.422921316964,3587.3273577008927,3484.9805257161456,-0.0042284584179629325,75.32174482811818,97.21235652427868,88.05834839052278,9.154008133755895,3724.415283203125,3653.548828125,3661.423095703125
2022-03-28,3724.415283203125,3732.289311286007,3677.1711147058336,3724.415283203125,106801800,3670.421805245536,3613.7004917689733,3496.2781494140627,0.0042464142038494135,86.13060178767928,98.34457010338883,90.11559273309601,8.228977370292824,3708.666748046875,3661.423095703125,3661.423095703125
2022-03-29,3692.9189453125,3740.163110924174,3677.170890108609,3740.163110924174,93155100,3682.795235770089,3630.2501046316966,3507.0308186848956,-0.008456720181734712,76.54486878621869,95.59836780397063,91.21214774727093,4.386220056699699,3724.415283203125,3724.415283203125,3606.304931640625
2022-03-30,3708.666748046875,3732.288829244626,3692.918693915041,3732.288829244626,83364400,3696.2935616629466,3647.924560546875,3519.318253580729,0.004264323958250937,77.36174748202293,93.61357969287792,91.69243413639234,1.921145556485584,3692.9189453125,3708.666748046875,3614.178466796875
2022-03-31,3669.296630859375,3740.162874803011,3669.296630859375,3700.7927392787687,158650000,3698.5432477678573,3662.5477294921875,3529.788427734375,-0.010615706360846189,70.96766450176509,87.85108872258706,90.9241650536313,-3.073076331044234,3708.666748046875,3724.415283203125,3653.548828125
2022-04-01,3724.415283203125,3724.415283203125,3645.675002374306,3692.9191708715975,145105000,3707.5421316964284,3674.35879952567,3542.348356119792,0.015021585303350404,68.4210268650741,86.73209411832704,90.08575086657046,-3.3536567482434236,3669.296630859375,3692.9189453125,3661.423095703125
2022-04-04,3700.793212890625,3724.415297228225,3669.297100440492,3724.415297228225,103902000,3704.167550223214,3679.4206891741073,3554.6258056640627,-0.00634249097275319,58.82352225935475,82.98260733372626,88.66512216000163,-5.682514826275366,3724.415283203125,3708.666748046875,3724.415283203125
2022-04-05,3700.793212890625,3732.289325340758,3677.171128553025,3724.415297228225,76154300,3703.0427594866073,3682.232840401786,3566.1458658854167,0.0,55.31912788204638,79.09930449868307,86.75195862773792,-7.652654129054852,3700.793212890625,3669.296630859375,3708.666748046875
2022-04-06,3622.052490234375,3692.918734608526,3622.052490234375,3692.918734608526,111009800,3688.419503348214,3679.420654296875,3573.526472981771,-0.021276715051783968,45.61399977806451,68.87410298299483,83.17638749878931,-14.302284515794483,3700.793212890625,3724.415283203125,3724.415283203125
2022-04-07,3645.675048828125,3677.171161560981,3637.801020644911,3677.171161560981,91942500,3681.6703752790177,3682.2328055245534,3583.209261067708,0.006521870861187162,54.71695353715939,61.962435780370015,78.93359715510545,-16.97116137473543,3622.052490234375,3700.793212890625,3692.9189453125
2022-04-08,3629.9267578125,3661.422868509355,3622.0527301382863,3645.674813160928,125657900,3670.421805245536,3683.357683454241,3591.1048095703127,-0.0043197187913627255,51.851866737941265,54.584913352220156,74.06386039452839,-19.478947042308235,3645.675048828125,3700.793212890625,3708.666748046875
2022-04-11,3598.430419921875,3637.8005558072346,3598.430419921875,3622.052501453091,109861100,3660.2980608258927,3679.420654296875,3600.222623697917,-0.008676852176930816,43.39624738719376,45.67022451436378,68.38513321849547,-22.714908704131688,3629.9267578125,3622.052490234375,3669.296630859375
2022-04-12,3629.9267578125,3629.9267578125,3582.682591767218,3582.682591767218,96961200,3646.7997000558034,3677.170915876116,3606.3509521484375,0.00875279891928793,46.4285694511731,40.67785167239663,62.8436769092757,-22.165825236879073,3598.430419921875,3645.675048828125,3724.415283203125
2022-04-13,3629.9267578125,3653.548840835141,3614.178702464073,3653.548840835141,112327600,3636.6759207589284,3670.4217354910716,3610.459611002604,0.0,37.500072669301716,36.30288318740941,57.53551816490245,-21.232634977493042,3629.9267578125,3629.9267578125,3700.793212890625
2022-04-14,3574.808349609375,3629.926540021854,3566.934322407592,3622.052512820072,150659600,3618.6780831473216,3660.860421316964,3614.4982096354165,-0.015184440866333304,33.96237673806928,28.06458319935018,51.641331171792,-23.576747972441815,3629.9267578125,3598.430419921875,3700.793212890625
2022-04-18,3582.682373046875,3606.304454627404,3574.808345853365,3582.682373046875,82795100,3613.053780691964,3650.736642020089,3616.022216796875,0.0022026421188034995,32.692351265328426,21.918377577516367,45.69674045293687,-23.778362875420505,3574.808349609375,3629.9267578125,3622.052490234375
2022-04-19,3598.430419921875,3622.052501453091,3574.808338390659,3582.682365567731,148475600,3606.3045479910716,3643.987461635045,3621.858056640625,0.0043956022988460575,38.00003596656102,18.109446683458373,40.17928169904117,-22.069835015582797,3582.682373046875,3629.9267578125,3645.675048828125
2022-04-20,3818.903564453125,3834.651620389014,3622.0528652545104,3629.926893222455,404383100,3633.3012346540177,3651.8615199497767,3637.3151285807294,0.06126925320291088,59.21052202137434,32.50646737939951,38.64471883511284,-6.1382514557133305,3598.430419921875,3574.808349609375,3629.9267578125
2022-04-21,3779.53369140625,3818.903834025065,3748.0375773111978,3818.903834025065,208253300,3659.1731305803573,3659.735595703125,3647.925439453125,-0.010309208489403865,59.21054617746759,40.27512372285673,38.97079981266162,1.3043239101951158,3818.903564453125,3582.682373046875,3598.430419921875
2022-04-22,3740.162841796875,3818.9031121504936,3716.5407606907897,3740.162841796875,174349500,3674.921142578125,3660.860421316964,3657.223388671875,-0.010416853724282138,51.35130265726999,42.76200751344595,39.729041352818484,3.032966160627467,3779.53369140625,3598.430419921875,3629.9267578125
2022-04-25,3811.029541015625,3818.90356899293,3677.17106540144,3700.793149333355,235752400,3700.79296875,3668.734444754464,3668.771964518229,0.018947490314273008,58.74995252258181,49.87628839801346,41.75849076185748,8.117797636155977,3740.162841796875,3818.903564453125,3629.9267578125
2022-04-26,3889.76904296875,3921.265148579833,3803.154752538272,3811.028778941042,262734300,3745.787353515625,3682.2327183314733,3679.795589192708,0.02066095292773329,63.333231129321035,61.162978267961535,45.63938826307829,15.523590004883246,3811.029541015625,3779.53369140625,3574.808349609375
2022-04-27,3818.903564453125,3881.8957881966817,3818.903564453125,3858.273704292848,191955100,3779.5332380022323,3696.2935093470983,3686.0948160807293,-0.018218428326412628,64.04494930034971,63.65572585407608,49.24265578127785,14.413070072798234,3889.76904296875,3740.162841796875,3582.682373046875
2022-04-28,3834.6513671875,3881.8955318756416,3826.777339739476,3834.6513671875,193821200,3813.2790876116073,3709.791817801339,3691.869091796875,0.004123645038056845,63.63633160558232,66.13954682082158,52.6220339891866,13.517512831634981,3818.903564453125,3811.029541015625,3598.430419921875
2022-05-09,3566.9345703125,3748.037208540287,3566.9345703125,3740.1631807912527,561600400,3777.283517020089,3705.2923758370534,3688.719474283854,-0.0698151595124944,46.666668389211836,45.97550769282043,51.29272872991337,-5.317221037092942,3834.6513671875,3889.76904296875,3818.903564453125
2022-05-10,3566.9345703125,3566.9345703125,3354.335821088576,3354.335821088576,435782800,3746.9122140066966,3703.0426722935267,3687.40712890625,0.0,48.27587589439097,29.653533929368677,46.96488976980444,-17.31135584043576,3566.9345703125,3818.903564453125,3779.53369140625
2022-05-11,3535.438232421875,3606.3044776151855,3527.564205178174,3582.682395884083,205233800,3717.665841238839,3696.2934919084823,3684.7824544270834,-0.008830085685554212,44.82757422486116,14.015202357847102,40.37495228741297,-26.359749929565865,3566.9345703125,3834.6513671875,3740.162841796875
2022-05-12,3401.579833984375,3535.438299673575,3385.83177919741,3535.438299673575,207373600,3659.173025948661,3679.98299734933,3676.3834879557294,-0.037861897065531,39.09773524618273,-9.07493196651103,30.48497543662817,-39.5599074031392,3535.438232421875,3566.9345703125,3811.029541015625
2022-05-13,3346.461669921875,3433.075971966912,3346.461669921875,3346.461669921875,336711300,3581.557686941964,3663.672520228795,3665.884773763021,-0.016203695562816867,39.09774436090226,-31.45896559922494,18.09618722945755,-49.55515282868249,3401.579833984375,3566.9345703125,3889.76904296875
2022-05-17,3503.942138671875,3559.060329617276,3362.2096476694173,3362.2096476694173,272650400,3536.5631975446427,3658.0482177734375,3658.5356689453124,0.047058799497224246,46.71052631578948,-36.07526264081889,7.261897255402261,-43.33715989622115,3346.461669921875,3535.438232421875,3818.903564453125
2022-05-18,3503.942138671875,3566.93435689519,3488.1940841160463,3543.3122750614466,129716500,3489.319022042411,3651.299054827009,3651.7115152994793,0.0,46.0,-39.2809054780696,-2.04666329129211,-37.234242186777486,3503.942138671875,3401.579833984375,3834.6513671875
2022-05-19,3496.068115234375,3511.816169807503,3385.83173322248,3425.2018696553,132614900,3479.195242745536,3628.2393798828125,3644.0999430338543,-0.0022471899152092245,33.33329972266155,-41.97293059083768,-10.031916751201225,-31.941013839636454,3503.942138671875,3346.461669921875,3566.9345703125
2022-05-20,3488.194091796875,3535.43825556839,3472.44603720637,3496.0681190921277,122101000,3467.946602957589,3607.4294084821427,3637.27578125,-0.0022522511512829135,34.45373837899919,-44.231870305646225,-16.871907462090224,-27.359962843556,3496.068115234375,3503.942138671875,3566.9345703125
2022-05-23,3409.4541015625,3496.0684089924944,3401.5800736143187,3472.4463251479506,175709000,3449.9488699776784,3583.807355608259,3627.3020263671874,-0.022573282381145754,33.06450745803643,-51.77888075268993,-23.853302120210166,-27.925578632479763,3488.194091796875,3503.942138671875,3535.438232421875
2022-05-24,3511.816162109375,3543.312271186589,3401.5797803391256,3401.5797803391256,165758600,3465.6969168526784,3562.43497140067,3622.0526774088544,0.03002300588236806,35.15619701141986,-48.93607350087723,-28.869856396343582,-20.066217104533646,3409.4541015625,3496.068115234375,3401.579833984375
2022-05-25,3425.201904296875,3503.9421779588724,3425.201904296875,3488.1941232264726,138961700,3476.9455217633927,3529.2516043526784,3612.078898111979,-0.024663665127754086,27.131767480999287,-53.060526294318606,-33.70799037593859,-19.352535918380013,3511.816162109375,3488.194091796875,3346.461669921875
2022-05-27,3574.808349609375,3574.808349609375,3496.068077591547,3543.312240802244,209962100,3487.069266183036,3511.816231863839,3607.879402669271,0.043678139126578364,38.84889358214741,-43.75283952585551,-35.71696020592198,-8.035879319933528,3425.201904296875,3409.4541015625,3503.942138671875
2022-05-30,3488.194091796875,3574.808392044653,3456.697982615865,3574.808392044653,193724500,3484.8195452008927,3487.0692836216517,3600.792765299479,-0.024229063306838383,35.13512154601801,-42.87128396836033,-37.14782495840965,-5.72345900995068,3574.808349609375,3511.816162109375,3503.942138671875
2022-05-31,3645.675048828125,3645.675048828125,3503.9425415302712,3519.6905978966997,379626500,3506.191964285714,3492.693603515625,3601.580183919271,0.04514684472449382,53.7313539895353,-29.129461429728508,-35.54415225267343,6.4146908229449195,3488.194091796875,3425.201904296875,3496.068115234375
2022-06-02,3527.564208984375,3622.052536010742,3527.564208984375,3574.8083724975586,225697500,3511.8162667410716,3489.88143484933,3597.6431559244793,-0.0323975226156582,48.32213829381896,-27.453063913438655,-33.92593458482648,6.472870671387824,3645.675048828125,3574.808349609375,3488.194091796875
2022-06-03,3559.060302734375,3598.4304388265696,3551.186275515936,3566.9343299528136,117643300,3533.1885811941966,3491.5687255859375,3595.280940755208,0.008928567102983509,51.006710990417325,-23.314282723600172,-31.80360421258122,8.489321488981048,3527.564208984375,3488.194091796875,3409.4541015625
2022-06-06,3488.194091796875,3551.186310158895,3464.572009911117,3519.690200977885,157277700,3529.8139997209823,3497.75545828683,3591.606396484375,-0.019911494863701695,53.900707504330924,-25.45910308869952,-30.534703987804882,5.0756008991053605,3559.060302734375,3645.675048828125,3511.816162109375
2022-06-07,3464.572265625,3511.8164328835223,3464.572265625,3511.8164328835223,133318000,3535.4383370535716,3506.1919294084823,3586.094580078125,-0.006771935720958355,55.4744626317606,-28.733747877474798,-30.174512765738868,1.44076488826407,3488.194091796875,3527.564208984375,3425.201904296875
2022-06-08,3519.690185546875,3519.690185546875,3448.8239402002937,3464.5719947217563,150604000,3527.5643136160716,3507.3167898995534,3582.420027669271,0.015909011472714063,50.806451612903224,-26.575031545824913,-29.454616521756076,2.879584975931163,3464.572265625,3559.060302734375,3574.808349609375
2022-06-09,3535.438232421875,3559.0603141529787,3527.564205178174,3543.312259665576,161768800,3534.3134765625,3509.5665108816966,3581.1076904296874,0.004474270758167087,51.58730158730159,-23.324625762670166,-28.228618369938893,4.9039926072687265,3519.690185546875,3488.194091796875,3488.194091796875
2022-06-10,3464.572265625,3519.690460759943,3433.076154119318,3519.690460759943,222410400,3508.441650390625,3507.31680733817,3577.170686848958,-0.02004446468530996,48.50747391055557,-26.165329400545943,-27.815960576060306,1.6506311755143628,3535.438232421875,3464.572265625,3645.675048828125
2022-06-13,3417.327880859375,3425.201908234627,3354.335661857359,3354.335661857359,164017200,3492.693603515625,3502.2549351283483,3571.133935546875,-0.013636426416726022,46.76258992805756,-31.86155434713055,-28.625079330274353,-3.236475016856197,3464.572265625,3519.690185546875,3527.564208984375
2022-06-14,3433.075927734375,3472.4460645203194,3385.8317635912413,3385.8317635912413,150381800,3474.6958356584823,3503.942208426339,3558.273014322917,0.004608292626296029,51.1450260626417,-34.7050595620085,-29.841075376621184,-4.8639841853873165,3417.327880859375,3535.438232421875,3559.060302734375
2022-06-15,3503.942138671875,3503.942138671875,3433.0758931706464,3433.0758931706464,160729900,3476.945556640625,3503.3797781808034,3549.086629231771,0.020642191559179235,49.60629940483486,-30.884232751733634,-30.049706851643677,-0.8345259000899574,3433.075927734375,3464.572265625,3488.194091796875
2022-06-16,3488.194091796875,3566.9343647494,3472.44603720637,3480.3200645016223,240023000,3480.3201032366073,3507.879220145089,3540.6876708984373,-0.004494379830418449,53.389828727043216,-28.795004856199284,-29.7987664525548,1.0037615963555169,3503.942138671875,3417.327880859375,3464.572265625
2022-06-17,3440.94970703125,3464.5717873998856,3425.2016534521595,3440.94970703125,185763100,3469.071463448661,3498.317888532366,3528.3516764322917,-0.013544081413568332,41.90475431150436,-30.59878002070309,-29.95876916618446,-0.6400108545186285,3488.194091796875,3433.075927734375,3519.690185546875
2022-06-20,3464.572265625,3472.4462935014203,3417.328098366477,3464.572265625,95058800,3458.94775390625,3496.630615234375,3514.1784505208334,0.006865127538911553,48.45362670128233,-29.778869506545107,-29.92278923425659,0.1439197277114843,3440.94970703125,3503.942138671875,3535.438232421875
2022-06-21,3448.82373046875,3488.1938643782105,3448.82373046875,3488.1938643782105,103964600,3456.6979631696427,3482.569806780134,3501.8424560546873,-0.004545592918498098,34.17718736864251,-30.053422540606334,-29.94891589552654,-0.10450664507979468,3464.572265625,3488.194091796875,3464.572265625
2022-06-22,3401.579833984375,3472.446080525716,3393.7058065908923,3472.446080525716,106208500,3454.4482421875,3473.5709228515625,3487.40673828125,-0.013698553529134405,38.57143869577197,-33.69478292740632,-30.6980893019025,-2.9966936255038235,3448.82373046875,3440.94970703125,3417.327880859375
2022-06-23,3393.70556640625,3433.075700587297,3385.8315395700406,3385.8315395700406,127600700,3448.823904854911,3461.7598702566966,3481.6324381510417,-0.002314885424547497,34.3283568275435,-36.79186118053394,-31.91684367762879,-4.875017502905152,3401.579833984375,3464.572265625,3433.075927734375
2022-06-24,3417.327880859375,3425.201908234627,3393.705798733619,3401.579826108871,66083900,3436.450439453125,3456.697998046875,3476.645548502604,0.006960625779371732,42.62296581843023,-36.914665369139584,-32.916408015930955,-3.998257353208629,3393.70556640625,3448.82373046875,3503.942138671875
2022-06-27,3370.083740234375,3409.4538773866457,3362.209712803921,3393.7058225257374,152306100,3419.5775320870534,3449.94881766183,3471.1337320963544,-0.013824877878887976,40.62499848604716,-40.35896288449658,-34.40491898964408,-5.9540438948524965,3417.327880859375,3401.579833984375,3488.194091796875
2022-06-28,3385.83154296875,3409.45362350109,3370.0834892805237,3401.5795966569767,178535800,3411.7035086495534,3440.3874860491073,3470.6087890625,0.004672822383125608,35.593231918262546,-41.34132040193981,-35.79219927210323,-5.549121129836578,3370.083740234375,3393.70556640625,3440.94970703125
2022-06-29,3291.34375,3393.706115430622,3291.34375,3370.0840311004786,228536100,3386.9565778459823,3422.952165876116,3468.771525065104,-0.02790682045743531,27.536284634924826,-49.17733532733564,-38.46922648314971,-10.70810884418593,3385.83154296875,3417.327880859375,3464.572265625
2022-06-30,3267.721435546875,3322.839628435617,3244.099352880271,3244.099352880271,239939100,3361.0848214285716,3408.8913922991073,3460.897501627604,-0.007177103410461183,30.158754375871425,-56.64063893947787,-42.10350897441535,-14.537129965062519,3291.34375,3370.083740234375,3448.82373046875
2022-07-01,3259.84716796875,3307.091329823369,3236.2250870414405,3267.72119494452,154659500,3340.8372977120534,3397.6427699497767,3452.7610026041666,-0.0024097120068030664,32.758640045204245,-62.47062591887607,-46.1769323633075,-16.293693555568566,3267.721435546875,3385.83154296875,3401.579833984375
2022-07-04,3181.10693359375,3244.0991501005574,3118.114717086943,3220.4770689105044,246853600,3310.466064453125,3379.6449846540177,3442.2622965494793,-0.024154578517883052,25.757609211904153,-72.60763582816071,-51.46307305627815,-21.144562771882562,3259.84716796875,3291.34375,3393.70556640625
2022-07-05,3220.47705078125,3275.5952399144257,3181.106915686125,3181.106915686125,180648400,3282.3445172991073,3359.397478376116,3433.3383951822916,0.012376231924722703,20.967789524956885,-76.58166403468749,-56.486791251960014,-20.094872782727478,3181.10693359375,3267.721435546875,3417.327880859375
2022-07-06,3212.60302734375,3228.3510813993566,3165.35886517693,3188.98094626034,125309100,3259.8472726004466,3339.71240234375,3426.7766927083335,-0.0024449866629510097,21.311522905879244,-79.45062060706914,-61.07955712298184,-18.3710634840873,3220.47705078125,3259.84716796875,3370.083740234375
2022-07-07,3188.981201171875,3236.225367115162,3181.1071735146606,3181.1071735146606,172127500,3231.7257952008927,3321.7146519252233,3416.01552734375,-0.0073528618291212045,22.41386407387074,-82.67732062926098,-65.39910982423767,-17.278210805023306,3212.60302734375,3181.10693359375,3385.83154296875
2022-07-08,3307.091796875,3307.091796875,3188.981375558036,3220.477487909226,112914000,3233.975516183036,3310.466047014509,3412.0785237630207,0.03703709374634201,35.71429836971494,-74.84124240674828,-67.28753634073979,-7.553706066008488,3188.981201171875,3220.47705078125,3291.34375
2022-07-11,3244.099609375,3283.469750265473,3228.3515530188106,3267.721693909284,80867700,3230.6009695870534,3295.8428955078125,3401.054899088542,-0.019047607798345245,32.8947776392488,-72.87399103689722,-68.40482727997127,-4.469163756925951,3307.091796875,3212.60302734375,3267.721435546875
2022-07-12,3236.22509765625,3259.84717866104,3228.351070654653,3244.0991246578465,56085200,3227.226388113839,3284.0318429129466,3392.6559326171873,-0.0024273335183647715,35.211265145345095,-71.13039057327387,-68.94993993863179,-2.180450634642085,3244.099609375,3188.981201171875,3259.84716796875
2022-07-13,3196.85498046875,3251.9731697871766,3173.2328993322817,3236.225115696198,165745200,3229.4761090959823,3269.9710867745534,3377.695263671875,-0.012165444615089616,33.33334711369044,-72.09435522130934,-69.5788229951673,-2.5155322261420423,3236.22509765625,3307.091796875,3181.10693359375
2022-07-14,3204.729248046875,3220.477303319833,3157.4850822280023,3157.4850822280023,188729700,3227.2264229910716,3254.785470145089,3366.9340983072916,0.0024631294275883064,31.506865024520067,-71.3998633840929,-69.94303107295242,-1.4568323111404737,3196.85498046875,3244.099609375,3220.47705078125
2022-07-15,3236.22509765625,3244.0991246578465,3188.9809356466694,3196.8549626482663,91362800,3230.601004464286,3245.224138532366,3356.1729248046877,0.009827928405674369,38.028152407121205,-67.529582763485,-69.46034141105893,1.9307586475739384,3204.729248046875,3236.22509765625,3212.60302734375
2022-07-18,3259.84716796875,3259.84716796875,3212.6030061141305,3236.2250870414405,135284500,3240.7247140066966,3236.225254603795,3348.5613606770835,0.0072992667690536805,38.88889845858099,-61.843362049892676,-67.93694553882568,6.093583488933007,3236.22509765625,3196.85498046875,3188.981201171875
2022-07-19,3236.22509765625,3267.7212056626367,3236.22509765625,3267.7212056626367,122905900,3230.600899832589,3232.2882080078125,3340.9497884114585,-0.007246373555364949,44.44440616571844,-58.56795983995653,-66.06314839905185,7.495188559095325,3259.84716796875,3204.729248046875,3307.091796875
2022-07-20,3385.83154296875,3385.83154296875,3275.595167151163,3291.3432208393897,220223600,3250.848318917411,3240.7246442522323,3336.487833658854,0.046228689537340495,59.493640083974675,-43.39990309966515,-61.53049933917452,18.130596239509366,3236.22509765625,3236.22509765625,3244.099609375
2022-07-21,3393.70556640625,3393.70556640625,3330.713351716575,3385.8315395700406,130405400,3273.345528738839,3250.285958426339,3331.7634114583334,0.002325580389211046,60.75948522514531,-30.393384945166872,-55.30307646037299,24.90969151520612,3385.83154296875,3259.84716796875,3236.22509765625
2022-07-22,3362.209716796875,3409.453881435707,3362.209716796875,3409.453881435707,86561100,3296.9676339285716,3263.2218715122767,3328.351326497396,-0.009280666514251412,65.75343920332892,-22.369219010109646,-48.71630497032033,26.347085960210684,3393.70556640625,3236.22509765625,3196.85498046875
2022-07-25,3346.461669921875,3385.8318072150737,3346.461669921875,3346.461669921875,60952800,3317.2151227678573,3272.220772879464,3325.989119466146,-0.004683838368655602,61.42858851340846,-17.08381389420856,-42.38980675509798,25.30599286088942,3362.209716796875,3385.83154296875,3204.729248046875
2022-07-26,3409.4541015625,3425.2021574588625,3354.335905925231,3362.2099338734124,97709800,3341.9621233258927,3286.281563895089,3325.201725260417,0.018823592753744567,66.23379342725273,-7.723102360341727,-35.45646587614673,27.733363515805003,3346.461669921875,3393.70556640625,3236.22509765625
2022-07-27,3401.579833984375,3448.823998345269,3385.83177919741,3448.823998345269,88570800,3362.209647042411,3301.4671805245534,3321.7896484375,-0.002309539106133296,67.99997023445329,-0.9293456963332574,-28.551041840184034,27.621696143850777,3409.4541015625,3362.209716796875,3259.84716796875
2022-07-28,3433.075927734375,3464.5720371631305,3417.327873019997,3417.327873019997,136421400,3390.3311941964284,3310.466047014509,3319.9523763020834,0.009259254607324019,62.49995760927964,6.916497866025111,-21.457533898942206,28.374031764967317,3401.579833984375,3346.461669921875,3236.22509765625
2022-07-29,3433.075927734375,3488.194119234697,3417.327873019997,3456.6980098059416,228669400,3397.080392020089,3323.96435546875,3319.6899169921876,0.0,71.42850815147429,12.984705809570642,-14.569085957239636,27.553791766810278,3433.075927734375,3409.4541015625,3385.83154296875
2022-08-01,3433.075927734375,3472.4460645203194,3409.453845662808,3456.6980098059416,200791700,3402.7047293526784,3338.025129045759,3318.6400390625,0.0,72.72728810205535,17.591025927054034,-8.137063580380904,25.728089507434937,3433.075927734375,3401.579833984375,3393.70556640625
2022-08-02,3464.572265625,3464.572265625,3385.831986860795,3433.076154119318,173931000,3417.327950613839,3357.147792271205,3319.164990234375,0.00917437847388669,81.48150274745781,23.512027036846575,-1.8072454569354086,25.319272493781984,3433.075927734375,3433.075927734375,3362.209716796875
2022-08-03,3448.82373046875,3480.3198375963184,3425.2016501230733,3472.4458108144263,103412300,3431.951102120536,3374.5831124441966,3320.739786783854,-0.004545592918498098,78.18174233297611,26.626751289469667,3.8795538923456068,22.74719739712406,3464.572265625,3433.075927734375,3346.461669921875
2022-08-04,3433.075927734375,3456.6980098059416,3425.2019003771857,3448.8239824487528,120175700,3435.3256487165177,3388.643886021205,3322.0521321614583,-0.0045661373166887564,73.58489351856457,27.50738857650913,8.605120829178311,18.902267747330818,3448.82373046875,3433.075927734375,3409.4541015625
2022-08-05,3433.075927734375,3464.5720371631305,3401.579818305619,3433.075927734375,168879400,3439.8250906808034,3401.0173688616073,3322.5770670572915,0.0,71.99999007815315,27.883872051238086,12.460871073590267,15.423000977647819,3433.075927734375,3464.572265625,3401.579833984375
2022-08-08,3440.94970703125,3464.5717873998856,3417.3276266626144,3433.0756802417045,107242600,3440.9499162946427,3415.640555245536,3324.9392659505206,0.00229350572565723,77.08329834416168,28.489180563084574,15.66653297148913,12.822647591595445,3433.075927734375,3448.82373046875,3433.075927734375
2022-08-09,3472.44580078125,3519.689961336097,3456.697747262968,3464.571774022109,181747100,3446.5741838727677,3421.8272879464284,3327.826407877604,0.00915331418115195,66.66663534770623,31.151271000422184,18.763480577275743,12.387790423146441,3440.94970703125,3433.075927734375,3433.075927734375
2022-08-10,3393.70556640625,3440.9497274235064,3385.8315395700406,3425.201673751088,205341100,3440.9498465401784,3421.8272879464284,3331.2384684244794,-0.02267572739574064,50.0,26.60068189434287,20.33092084068917,6.269761053653699,3472.44580078125,3433.075927734375,3433.075927734375
2022-08-11,3425.201904296875,3472.446068494073,3417.3278769306758,3448.823986395474,193329000,3435.325509207589,3426.326729910714,3336.4878173828124,0.009280810392746641,59.523781400691576,25.24479223391063,21.313695119333463,3.9310971145771667,3393.70556640625,3440.94970703125,3464.572265625
2022-08-12,3401.579833984375,3425.201916164822,3401.579833984375,3417.3278887713395,103916700,3428.5763811383927,3430.263741629464,3341.2122395833335,-0.0068965482831438996,58.13951140722794,22.010413902558412,21.453038875978454,0.5573750265799582,3425.201904296875,3472.44580078125,3448.82373046875
2022-08-15,3385.83154296875,3425.201677189317,3385.83154296875,3409.45362350109,135099400,3421.8271833147323,3428.576416015625,3348.0363932291666,-0.004629699076378446,45.945875735757475,17.969251950508806,20.756281490884525,-2.7870295403757197,3401.579833984375,3393.70556640625,3433.075927734375
2022-08-16,3370.083740234375,3425.201932247554,3362.209712803921,3425.201932247554,205432400,3412.828299386161,3426.3266950334823,3353.0232828776043,-0.004651088671873804,44.736850694121465,13.342086648006443,19.273442522308912,-5.931355874302469,3385.83154296875,3425.201904296875,3433.075927734375
2022-08-18,3409.4541015625,3417.3281295106813,3393.706045666137,3409.4541015625,138795300,3408.328927176339,3424.639421735491,3359.5849853515624,0.011682309510026245,46.15389507811462,12.705423720391991,17.95983876192553,-5.254415041533537,3370.083740234375,3401.579833984375,3440.94970703125
2022-08-19,3385.83154296875,3417.3276503452034,3385.83154296875,3417.3276503452034,84552100,3395.9554617745534,3421.264822823661,3366.146663411458,-0.006928545711445189,42.85713231098141,10.177401952299078,16.40335140000024,-6.225949447701161,3409.4541015625,3385.83154296875,3472.44580078125
2022-08-22,3362.209716796875,3409.453881435707,3362.209716796875,3401.579853995901,121124400,3391.4560546875,3416.202950613839,3367.983927408854,-0.006976669061084739,40.00002756066102,6.19641412652345,14.361963945304883,-8.165549818781432,3385.83154296875,3370.083740234375,3393.70556640625
2022-08-23,3385.83154296875,3393.705569812864,3354.335435592297,3354.335435592297,107799500,3385.831717354911,3410.57861328125,3372.7083251953127,0.007025684939837573,38.63630918405456,4.891154366460796,12.467802029536065,-7.576647663075269,3362.209716796875,3409.4541015625,3425.201904296875
2022-08-24,3377.9580078125,3409.454119773456,3370.083979822261,3385.832035802739,75055900,3382.4571707589284,3405.516775948661,3377.432755533854,-0.0023254361761148035,39.53494073551701,3.1846870278341157,10.611179029195675,-7.426492001361559,3385.83154296875,3385.83154296875,3401.579833984375
2022-08-25,3362.209716796875,3385.8317991162908,3362.209716796875,3370.08374423668,117653800,3379.0826241629466,3400.454903738839,3382.944580078125,-0.0046620742410659055,39.53488372093023,0.5551445358933051,8.599972130535201,-8.044827594641896,3377.9580078125,3362.209716796875,3385.83154296875
2022-08-26,3362.209716796875,3377.9577716764857,3362.209716796875,3370.08374423668,87375200,3377.957763671875,3395.3930315290177,3388.1939290364585,0.0,39.53488372093023,-1.5113647616203707,6.577704752104087,-8.089069513724457,3362.209716796875,3385.83154296875,3370.083740234375
2022-08-29,3346.461669921875,3362.2097248391547,3322.839587545956,3346.461669921875,88409800,3368.9588448660716,3388.643886021205,3391.8684814453127,-0.004683838368655602,36.363681206746016,-4.369455674069741,4.388272666869322,-8.757728340939064,3362.209716796875,3377.9580078125,3409.4541015625
2022-08-30,3354.33544921875,3385.831556723151,3346.4614223426497,3346.4614223426497,157219500,3364.459402901786,3380.20743233817,3395.0180908203124,0.002352867020006588,31.707317073170742,-5.930798574112032,2.3244584186730517,-8.255256992785084,3346.461669921875,3362.209716796875,3385.83154296875
2022-08-31,3417.327880859375,3425.201908234627,3338.587607106855,3346.461634482107,191475700,3372.333426339286,3381.8947405133927,3401.0548502604165,0.01877940730563976,53.84619053941354,-2.0614481959860314,1.447277095741235,-3.5087252917272664,3354.33544921875,3362.209716796875,3362.209716796875
2022-09-01,3456.697998046875,3456.697998046875,3393.705779403652,3401.5798067340547,139929300,3382.457205636161,3384.144461495536,3403.4170654296877,0.011520731565739961,55.0,4.134222539109942,1.9846661844149764,2.1495563546949654,3417.327880859375,3346.461669921875,3385.83154296875
2022-09-02,3503.942138671875,3503.942138671875,3448.8239477264747,3472.446029560218,220616600,3400.4549386160716,3391.4560546875,3407.091617838542,0.01366741921096204,65.11627906976744,12.710030229978656,4.129738993527713,8.580291236450943,3456.697998046875,3354.33544921875,3377.9580078125
2022-09-05,3614.178466796875,3622.0524939576526,3480.3200050636574,3488.194032224435,261126600,3436.4504743303573,3407.7665492466517,3415.490576171875,0.03146065881292892,76.36367941307623,28.07790539114376,8.919372273050923,19.158533118092834,3503.942138671875,3417.327880859375,3362.209716796875
2022-09-06,3590.556396484375,3692.918749892921,3582.682369299102,3677.170695522375,188042700,3469.0714285714284,3423.5145961216517,3423.6270670572917,-0.0065359446218591355,75.0,37.91390561623257,14.718278941687252,23.195626674545316,3614.178466796875,3456.697998046875,3362.209716796875
2022-09-07,3511.816162109375,3582.682407533107,3511.816162109375,3551.186298455893,231936700,3492.6934988839284,3430.826171875,3427.0391357421877,-0.02192981412354278,60.65571770652308,38.90683404054653,19.555989961459108,19.35084407908742,3590.556396484375,3503.942138671875,3346.461669921875
2022-09-08,3622.052490234375,3637.8005445397416,3527.564164402174,3527.564164402174,250373200,3530.938790457589,3447.6990966796875,3434.388224283854,0.0313901192535051,70.83338178000389,48.03516785258125,25.251825539683537,22.783342312897716,3511.816162109375,3614.178466796875,3354.33544921875
2022-09-09,3629.9267578125,3653.548840835141,3598.4306471156456,3653.548840835141,119286700,3561.31005859375,3466.8217424665177,3440.949918619792,0.0021739794217106034,74.28574718987403,55.26773371892523,31.25500717553188,24.01272654339335,3622.052490234375,3590.556396484375,3417.327880859375
2022-09-12,3590.556396484375,3645.674586781284,3590.556396484375,3629.926532410738,97988000,3580.432686941964,3481.4449462890625,3446.199267578125,-0.010846048406731645,68.05556931199386,57.163786599783634,36.43676306038223,20.7270235394014,3629.9267578125,3511.816162109375,3456.697998046875
2022-09-13,3606.304931640625,3653.549101050764,3590.556875170578,3590.556875170578,141828800,3595.0559430803573,3497.755440848214,3451.973567708333,0.004386098815122308,69.8629927527214,59.25415235537366,41.000240919380516,18.253911435993146,3590.556396484375,3622.052490234375,3503.942138671875
2022-09-14,3606.304931640625,3629.9270163456954,3551.1867339954624,3559.0607622304856,149960600,3593.93115234375,3515.1908133370534,3456.697989908854,0.0,71.83099145114014,60.21664230798251,44.84352119710092,15.373121110881591,3606.304931640625,3629.9267578125,3614.178466796875
2022-09-15,3629.9267578125,3700.793006880423,3614.178702464073,3622.0527301382863,295664100,3599.555489676339,3534.313459123884,3462.734757486979,0.006550146651389532,72.9729650459996,62.168862537464065,48.30858946517355,13.860273072290518,3606.304931640625,3590.556396484375,3590.556396484375
2022-09-16,3543.3125,3637.800833333333,3543.3125,3629.926805555556,282492200,3604.0549665178573,3548.3742327008927,3466.4093098958333,-0.023861158527809012,65.06024276416284,56.08050326170223,49.86297222447929,6.21753103722294,3629.9267578125,3606.304931640625,3511.816162109375
2022-09-19,3598.430419921875,3622.052501453091,3543.3122296823717,3559.060284036515,134432000,3600.6803850446427,3565.809587751116,3471.9211263020834,0.015555478079304352,67.41572955420284,55.0681982586575,50.90401743131494,4.1641808273425625,3543.3125,3606.304931640625,3622.052490234375
2022-09-20,3535.438232421875,3622.052532102589,3535.438232421875,3598.430450371485,138695500,3587.1820242745534,3574.2460414341517,3475.0707438151044,-0.017505462145734008,58.426960420564164,48.62250618209873,50.4477151814717,-1.8252089993729683,3598.430419921875,3629.9267578125,3629.9267578125
2022-09-21,3582.682373046875,3582.682373046875,3519.690155498798,3535.4382098858173,159976900,3586.0571637834823,3583.2449253627233,3478.745296223958,0.013363022493716903,58.88888276428489,46.78712325252036,49.715596795681435,-2.9284735431610756,3535.438232421875,3543.3125,3590.556396484375
2022-09-22,3590.556396484375,3606.30445085492,3543.3122333727383,3543.3122333727383,100425300,3583.807373046875,3589.431658063616,3485.306990559896,0.0021978011494230287,56.47058351468691,45.444085809802345,48.86129459850562,-3.4172087887032774,3582.682373046875,3598.430419921875,3606.304931640625
2022-09-23,3527.564208984375,3590.556427001953,3527.564208984375,3574.8083724975586,139074000,3572.5586983816966,3583.2449253627233,3488.7190673828127,-0.01754385129883429,43.03798014843539,38.84894937109402,46.85882555302331,-8.009876181929286,3590.556396484375,3535.438232421875,3606.304931640625
2022-09-26,3574.808349609375,3574.808349609375,3472.445995986199,3527.5641863986784,280747500,3564.684640066964,3582.1200648716517,3494.4933512369794,0.013392850654475374,48.780488727120925,37.00785996759123,44.88863243593689,-7.880772468345661,3527.564208984375,3582.682373046875,3629.9267578125
2022-09-27,3566.9345703125,3582.6826258105684,3527.564431567329,3543.3124870653974,213704600,3568.0592215401784,3586.0570940290177,3500.5301188151043,-0.002202573824058418,54.79453974839417,34.515561260622235,42.81401820087396,-8.298456940251725,3574.808349609375,3590.556396484375,3543.3125
2022-09-28,3559.060302734375,3590.5564116081305,3527.5641938606195,3551.186275515936,161815300,3562.4349190848216,3581.5576520647323,3506.829337565104,-0.002207572755514531,43.333340223510454,31.541419147669785,40.559498390233124,-9.018079242563338,3566.9345703125,3527.564208984375,3598.430419921875
2022-09-29,3527.564208984375,3574.8083724975586,3511.8161544799805,3559.060317993164,169368600,3561.31005859375,3574.2460414341517,3510.7663411458334,-0.008849553272756272,39.6825201525486,26.339295550369116,37.71545782226032,-11.376162271891204,3559.060302734375,3574.808349609375,3535.438232421875
2022-09-30,3535.438232421875,3551.186286909277,3472.446014472265,3503.9421234470697,224229200,3554.5608956473216,3570.3090297154017,3515.7532307942706,0.0022321417757458217,44.06779661016949,22.591522002764577,34.69067065836117,-12.099148655596593,3527.564208984375,3566.9345703125,3582.682373046875
2022-10-03,3566.9345703125,3582.6826258105684,3527.564431567329,3543.3124870653974,159559600,3551.186349051339,3567.4968610491073,3522.577392578125,0.008908750717743219,45.90161184646922,21.910307322807512,32.134597991250445,-10.224290668442933,3535.438232421875,3559.060302734375,3590.556396484375
2022-10-04,3653.548828125,3661.4228557718216,3590.556606950431,3590.556606950431,256367100,3569.184151785714,3570.871425083705,3531.5013020833335,0.02428254741014535,54.16664692915121,28.036301489390553,31.314938690878467,-3.278637201487914,3566.9345703125,3527.564208984375,3527.564208984375
2022-10-05,3574.808349609375,3669.296676030768,3574.808349609375,3669.296676030768,182246200,3569.184151785714,3566.934395926339,3538.062980143229,-0.021551779439618057,45.569602368059456,26.23507582390721,30.298966117484216,-4.063890293577007,3653.548828125,3535.438232421875,3574.808349609375
2022-10-06,3551.186279296875,3598.4304426578087,3551.186279296875,3574.8083609773416,123346200,3566.934395926339,3567.496808733259,3544.362198893229,-0.006607926356410498,50.70420320949494,22.640502234010455,28.767273340789465,-6.12677110677901,3574.808349609375,3566.9345703125,3566.9345703125
2022-10-07,3496.068115234375,3535.4382516671944,3488.1940879478107,3527.5642243806305,133678600,3557.9355119977677,3560.185215541295,3548.8241455078123,-0.015521056832144886,40.84507841847701,15.169338872451135,26.047686447121798,-10.878347574670663,3551.186279296875,3653.548828125,3559.060302734375
2022-10-10,3440.94970703125,3488.193867768521,3417.3276266626144,3480.319840978976,193923600,3545.56201171875,3553.43603515625,3551.9737467447917,-0.015765827891894513,41.42856067146134,4.746083289527178,21.787365815602875,-17.041282526075697,3496.068115234375,3574.808349609375,3527.564208984375
2022-10-11,3488.194091796875,3488.194091796875,3440.9499280253594,3456.697982615865,133742200,3538.8128487723216,3546.6868722098216,3556.4357014973957,0.013730042223251804,41.428586615073066,0.29441136638024545,17.48877492575835,-17.194363559378104,3440.94970703125,3551.186279296875,3535.438232421875
2022-10-12,3464.572265625,3519.690460759943,3464.572265625,3519.690460759943,128741800,3524.1896623883927,3537.688005719866,3558.0105143229166,-0.006771935720958355,38.88892477521879,-5.081083098416002,12.97480332092348,-18.05588641933948,3488.194091796875,3496.068115234375,3566.9345703125
2022-10-13,3425.201904296875,3480.320095860273,3425.201904296875,3456.698013761674,104269900,3491.568673270089,3530.3764125279017,3556.96064453125,-0.011363700425230605,40.579727077296944,-12.375404359421282,7.904761784854528,-20.28016614427581,3464.572265625,3440.94970703125,3653.548828125
2022-10-14,3362.209716796875,3456.698046074539,3362.209716796875,3448.8240186347334,180841100,3461.197440011161,3515.1907958984375,3552.23623046875,-0.018390795421717177,30.98594870684083,-22.974315981469317,1.7289462315897586,-24.703262213059077,3425.201904296875,3488.194091796875,3574.808349609375
2022-10-17,3385.83154296875,3401.5795966569767,3354.335435592297,3362.20946243641,145506000,3437.5753348214284,3502.254865373884,3544.6246663411457,0.007025684939837573,34.246559633027516,-29.132128800058126,-4.443268774739819,-24.688860025318306,3362.209716796875,3464.572265625,3551.186279296875
2022-10-18,3377.9580078125,3417.3281477636947,3370.083979822261,3370.083979822261,161444100,3420.702462332589,3489.3189871651784,3537.538053385417,-0.0023254361761148035,34.24660327039153,-34.252724225376824,-10.40515986486722,-23.8475643605096,3385.83154296875,3425.201904296875,3496.068115234375
2022-10-19,3385.83154296875,3417.3276503452034,3370.0834892805237,3370.0834892805237,81682300,3412.828438895089,3479.19522530692,3533.3385660807294,0.0023308564339876714,37.14282930087583,-37.2461540279005,-15.773358697473878,-21.472795330426624,3377.9580078125,3362.209716796875,3440.94970703125
2022-10-20,3456.697998046875,3464.572025377278,3370.083697412443,3370.083697412443,149521700,3408.3289969308034,3473.5709228515625,3527.8267496744793,0.020930295609446814,43.58974358974359,-33.51381168429725,-19.32144929483855,-14.192362389458701,3385.83154296875,3385.83154296875,3488.194091796875
2022-10-21,3488.194091796875,3511.8161736826323,3433.075900730107,3433.075900730107,165052200,3411.703543526786,3467.946602957589,3523.102327473958,0.0091116128073081,43.58972116605814,-27.695179159431063,-20.996195267757056,-6.698983891674008,3456.697998046875,3377.9580078125,3464.572265625
2022-10-24,3543.3125,3574.808611111111,3488.194305555556,3488.194305555556,186997700,3428.576485770089,3460.072579520089,3521.5275309244794,0.015801416650738087,40.54054054054053,-18.423896849848006,-20.481735584175247,2.057838734327241,3488.194091796875,3385.83154296875,3425.201904296875
2022-10-25,3614.178466796875,3629.92652111843,3582.682358153765,3590.5563853145427,233948800,3464.572021484375,3462.8847307477677,3521.7899820963544,0.01999992007390694,53.42466044340921,-5.296987183616693,-17.444785904063536,12.147798720446843,3543.3125,3456.697998046875,3362.209716796875
2022-10-26,3566.9345703125,3629.9267923047737,3543.3124870653974,3622.05276455574,178298500,3490.4438825334823,3464.009608677455,3520.47763671875,-0.013071821692924201,51.31581148269649,1.2792492989633502,-13.69997886345816,14.97922816242151,3614.178466796875,3488.194091796875,3385.83154296875
2022-10-27,3622.052490234375,3622.052490234375,3566.934300165591,3582.6823544709578,131385300,3525.314522879464,3473.0084926060267,3520.2151611328127,0.015452461724591249,60.526332967246375,10.813864094764085,-8.79721027181371,19.611074366577796,3566.9345703125,3543.3125,3377.9580078125
2022-10-28,3645.675048828125,3645.675048828125,3590.556851545626,3622.0529642784822,227256400,3562.4350237165177,3487.6317313058034,3523.62724609375,0.006521870861187162,68.055643477291,20.045189602146365,-3.0287302970216956,23.07391989916806,3622.052490234375,3614.178466796875,3385.83154296875
2022-10-31,3661.423095703125,3685.045180191532,3645.67503937752,3645.67503937752,275184000,3591.681466238839,3500.0052315848216,3525.727001953125,0.00431965182416949,66.17654568899638,28.305528828988372,3.2381215281803186,25.067407300808053,3645.675048828125,3566.9345703125,3456.697998046875
2022-11-01,3669.296630859375,3700.7927392787687,3645.67454954483,3692.918712173921,230590200,3617.5532575334823,3514.628400530134,3530.1889485677084,0.002150402985519495,69.69699247449176,35.082822721981756,9.607061766940607,25.47576095504115,3661.423095703125,3622.052490234375,3488.194091796875
2022-11-02,3629.9267578125,3685.044951531996,3598.4306471156456,3685.044951531996,163816900,3629.9267229352677,3529.2516043526784,3531.7637613932293,-0.010729542200477393,69.69705795995067,36.85224746378435,15.056098906309357,21.796148557474993,3669.296630859375,3645.675048828125,3543.3125
2022-11-03,3661.423095703125,3669.297123865927,3614.1789267263102,3645.67503937752,174423000,3636.675955636161,3550.6239885602677,3534.125984700521,0.008676852176930927,80.64530325292131,40.33110864634318,20.111100854316124,20.220007792027058,3629.9267578125,3661.423095703125,3614.178466796875
2022-11-04,3661.423095703125,3669.297123865927,3629.926983051915,3661.423095703125,85292300,3650.17431640625,3570.309099469866,3538.5879475911456,0.0,79.66117371560642,42.59709836320462,24.608300356093824,17.9887980071108,3661.423095703125,3669.296630859375,3566.9345703125
2022-11-07,3692.9189453125,3692.9189453125,3629.926724496935,3661.4228349047175,112070500,3660.298095703125,3592.806309291295,3542.524967447917,0.008602078696214432,82.25812904451845,46.399498841114564,28.966540053097972,17.43295878801659,3661.423095703125,3629.9267578125,3622.052490234375
2022-11-08,3637.800537109375,3692.9187270655775,3629.9265099727754,3692.9187270655775,80916300,3659.173165457589,3610.8040945870534,3544.887166341146,-0.014925431351015206,73.5294452917855,44.452908260981076,32.06381369467459,12.389094566306483,3692.9189453125,3661.423095703125,3645.675048828125
2022-11-09,3661.423095703125,3661.423095703125,3622.0529548891127,3622.0529548891127,126493900,3659.173165457589,3625.427315848214,3548.2992594401044,0.006493637667259522,70.96779194488563,44.30563646053861,34.5121782478474,9.793458212691206,3637.800537109375,3661.423095703125,3661.423095703125
2022-11-10,3566.9345703125,3606.304709057671,3559.060542563466,3590.556653559602,196277400,3644.5500139508927,3631.0516357421875,3549.611604817708,-0.025806502805292397,57.142876126009405,36.1477988482834,34.8393023679346,1.3084964803488006,3661.423095703125,3692.9189453125,3669.296630859375
2022-11-11,3661.423095703125,3661.423095703125,3614.1789267263102,3637.8010112147176,153238500,3649.049490792411,3639.488106863839,3553.811100260417,0.02649012016565999,60.00001653643535,36.8819360909456,35.247829112536806,1.634106978408795,3566.9345703125,3637.800537109375,3629.9267578125
2022-11-14,3606.304931640625,3653.549101050764,3582.682846935555,3637.8010445807176,140187600,3641.175467354911,3638.925711495536,3555.1234456380207,-0.015053754406909148,49.315111548684634,32.63991729783447,34.72624674959634,-2.08632945176187,3661.423095703125,3661.423095703125,3661.423095703125
2022-11-15,3606.304931640625,3629.9270163456954,3590.556875170578,3606.304931640625,87986300,3633.301443917411,3641.73788016183,3553.548649088542,0.0,53.731361241934444,28.944433430892786,33.569884085855634,-4.625450654962847,3606.304931640625,3566.9345703125,3661.423095703125
2022-11-16,3559.060302734375,3629.926547700325,3535.438221079058,3614.1784932634473,245789200,3614.178780691964,3637.238438197545,3553.023714192708,-0.013100564095881118,43.93941102244722,21.950457913776518,31.24599885143981,-9.295540937663294,3606.304931640625,3661.423095703125,3692.9189453125
2022-11-17,3677.170654296875,3677.170654296875,3543.3121936479524,3559.0602478419432,214514600,3619.8030831473216,3639.488124302455,3557.223193359375,0.03318582477283605,52.564058736077214,25.642608184112305,30.12532071797431,-4.482712533862006,3559.060302734375,3606.304931640625,3637.800537109375
2022-11-18,3629.9267578125,3685.044951531996,3629.9267578125,3677.170923857782,105313200,3615.3036063058034,3637.2383858816966,3561.6851481119793,-0.01284789337399106,47.56095947051179,24.474351175689208,28.99512680951729,-4.520775633828084,3677.170654296875,3606.304931640625,3661.423095703125
2022-11-21,3614.178466796875,3645.674575439985,3590.5563853145427,3637.800548279208,82279300,3622.052734375,3633.3013741629466,3567.459440104167,-0.004338459717329268,45.78314198172378,22.023866188633292,27.600874685340493,-5.577008496707201,3629.9267578125,3559.060302734375,3566.9345703125
2022-11-22,3614.178466796875,3677.1706840830952,3598.4304124753203,3598.4304124753203,154866000,3615.3035016741073,3632.176496233259,3571.6589192708334,0.0,48.71793240986571,19.852986313434485,26.051297010959292,-6.198310697524807,3614.178466796875,3677.170654296875,3661.423095703125
2022-11-23,3677.170654296875,3677.170654296875,3645.674545908893,3653.548573005889,147280600,3625.427176339286,3633.3013218470983,3578.7455322265623,0.01742918565829088,51.21947161649657,22.950927450376184,25.431223098842672,-2.4802956484664875,3614.178466796875,3629.9267578125,3606.304931640625
2022-11-24,3716.540771484375,3732.288825600834,3677.170636193227,3700.792717367916,156735700,3641.1751534598216,3637.238298688616,3588.456827799479,0.010706633139665467,54.022944264468464,28.257176407947554,25.99641376066365,2.2607626472839044,3677.170654296875,3614.178466796875,3606.304931640625
2022-11-25,3740.162841796875,3740.162841796875,3692.918679584704,3700.792706620066,177861100,3667.046944754464,3640.612862723214,3601.0552652994793,0.0063559292807289225,53.48834526273588,33.97685654028419,27.592502316587762,6.384354223696427,3716.540771484375,3614.178466796875,3559.060302734375
2022-11-28,3795.281005859375,3803.155032842486,3724.4147630113785,3724.4147630113785,214611600,3683.919852120536,3651.8614676339284,3614.703580729167,0.014736835371590429,61.6278818233407,42.46777734934767,30.567557323139745,11.900220026207926,3740.162841796875,3677.170654296875,3677.170654296875
2022-11-29,3818.903564453125,3826.7775924210696,3771.6593966454575,3795.2814805492912,184916300,3710.9165387834823,3663.1100725446427,3629.4017659505207,0.006224192242229254,61.6278818233407,50.52066553658506,34.55817896582881,15.962486570756248,3795.281005859375,3716.540771484375,3629.9267578125
2022-11-30,3921.265380859375,3921.265380859375,3779.532897213856,3787.406924083051,560639800,3754.7860979352677,3688.419416155134,3647.249560546875,0.02680398043015475,75.86202349526556,64.41978932210895,40.53050103708484,23.889288285024115,3818.903564453125,3740.162841796875,3614.178466796875
2022-12-01,3889.76904296875,3956.698267392301,3858.2729373576663,3937.013201385374,267382600,3794.156180245536,3704.7298409598216,3661.685262044271,-0.00803218727412991,68.35434989683706,72.06275918761685,46.83695266719124,25.225806520425607,3921.265380859375,3795.281005859375,3614.178466796875
2022-12-02,3850.3994140625,3881.895523788983,3826.7773317676383,3858.273441494121,199981400,3818.903145926339,3722.1651611328125,3673.7587727864584,-0.010121328148625097,70.12984189046894,74.08901578844052,52.2873652914411,21.80165049699942,3889.76904296875,3818.903564453125,3677.170654296875
2022-12-05,3850.3994140625,3881.895523788983,3826.7773317676383,3866.1474689257416,88463000,3838.025809151786,3739.6004813058034,3683.9950032552083,0.0,70.12984189046894,74.8322194980492,56.796336132762725,18.035883365286473,3850.3994140625,3921.265380859375,3716.540771484375
2022-12-06,3826.777099609375,3850.399180471161,3779.5329378858023,3826.777099609375,151325300,3850.3992745535716,3758.7231096540177,3691.0816243489585,-0.006135029619745769,72.97297297297297,72.67731162757264,59.972531231724716,12.70478039584792,3850.3994140625,3889.76904296875,3740.162841796875
2022-12-07,3748.037109375,3811.029329700631,3732.289054293593,3811.029329700631,253330100,3843.650146484375,3763.784999302455,3697.118375651042,-0.02057605870026047,56.52176452904595,63.87950924166444,60.75392683371266,3.125582407951775,3826.777099609375,3850.3994140625,3795.281005859375
2022-12-08,3811.029541015625,3811.029541015625,3708.66717731066,3748.037317197185,154313900,3842.5252859933034,3776.7209123883927,3703.4176106770833,0.01680677906925232,66.1971978603367,61.28370979108331,60.859883425186794,0.4238263658965167,3748.037109375,3850.3994140625,3818.903564453125
2022-12-09,3779.53369140625,3811.029805501302,3748.0375773111978,3803.1557769775386,203573100,3822.277901785714,3788.531999860491,3707.8795654296873,-0.008264393983412055,64.38363146370935,56.03908450009567,59.89572364016857,-3.8566391400729003,3811.029541015625,3826.777099609375,3921.265380859375
2022-12-12,3818.903564453125,3818.903564453125,3748.037312741624,3779.533424613402,139582400,3812.1542619977677,3803.1552211216517,3713.128914388021,0.010416595342539914,66.66671966812606,54.432042198929594,58.80298735192078,-4.370945152991183,3779.53369140625,3748.037109375,3889.76904296875
2022-12-13,3913.39208984375,3921.266118193536,3811.029721296529,3834.651806345888,194233200,3821.1532156808034,3820.0281808035716,3721.2654296875,0.02474231773489577,68.29274656166022,60.09020148474474,59.06043017848557,1.0297713062591711,3818.903564453125,3811.029541015625,3850.3994140625
2022-12-14,3921.265380859375,3937.013434597766,3834.651085298224,3937.013434597766,201275800,3831.276925223214,3834.6513671875,3730.9767171223957,0.0020118840215521683,66.66669316741744,64.4665124422877,60.14164663124599,4.324865811041704,3913.39208984375,3779.53369140625,3850.3994140625
2022-12-15,3866.147216796875,3889.769297551235,3842.525136042515,3858.273189878755,170702300,3836.9012276785716,3843.6502511160716,3737.8008544921877,-0.014056218773548124,59.75611231689518,62.76369440754479,60.666056186505756,2.097638221039034,3921.265380859375,3818.903564453125,3826.777099609375
2022-12-16,3921.265380859375,3921.265380859375,3795.2809509522463,3795.2809509522463,594601900,3861.648123604911,3852.6491350446427,3746.462263997396,0.01425661284263402,59.75611231689518,65.11121251741815,61.55508745268824,3.556125064729912,3866.147216796875,3913.39208984375,3748.037109375
2022-12-19,3913.39208984375,3921.266118193536,3874.021948094819,3913.39208984375,82959800,3876.2713448660716,3859.3983154296875,3753.8113688151043,-0.0020078444713423904,57.50004553997034,65.5803591889512,62.36014179994084,3.220217389010365,3921.265380859375,3921.265380859375,3811.029541015625
2022-12-20,3866.147216796875,3913.3913783055946,3850.3991629606353,3881.8952706331143,78671600,3888.644705636161,3855.4613037109375,3761.4229248046877,-0.012072614233950008,45.20547130639248,61.431747942806396,62.174463028513955,-0.7427150857075588,3913.39208984375,3866.147216796875,3779.53369140625
2022-12-21,3850.3994140625,3889.769551220604,3834.651359199259,3866.1474689257416,71277800,3893.144112723214,3852.649187360491,3767.722135416667,-0.004073254806738147,46.47890768361395,56.22509962080221,60.984590346971615,-4.759490726169403,3866.147216796875,3921.265380859375,3818.903564453125
2022-12-22,3905.517333984375,3913.391360867408,3858.273172686177,3866.14719956921,87321400,3892.0191476004466,3856.586181640625,3779.0082275390623,0.014314857757502297,54.794509493113075,55.90194597629579,59.96806147283645,-4.066115496540661,3850.3994140625,3913.39208984375,3913.39208984375
2022-12-23,3842.525146484375,3889.769308121478,3842.525146484375,3874.0212542424433,53350600,3880.7705426897323,3856.0237339564733,3785.044962565104,-0.016129025200289138,49.38269572849866,49.986685901809324,57.971786358631036,-7.985100456821712,3905.517333984375,3866.147216796875,3921.265380859375
2022-12-26,3881.8955078125,3881.895507812501,3850.399398215645,3858.2734256148574,43581100,3883.0202985491073,3859.960763113839,3794.2313151041667,0.01024596061892935,54.21689402449316,47.92322964282539,55.962075015469914,-8.038845372644523,3842.525146484375,3850.3994140625,3866.147216796875
2022-12-27,3834.6513671875,3897.6435867716887,3826.777339739476,3881.8955318756416,74123800,3870.6468680245534,3866.1474958147323,3801.8428629557293,-0.012170379272167131,56.962036246263594,41.99166460780498,53.16799293393693,-11.176328326131951,3881.8955078125,3905.517333984375,3921.265380859375
2022-12-28,3795.281005859375,3842.52516775804,3787.406978876265,3834.651140774929,117912500,3853.773856026786,3865.0226004464284,3809.7168863932293,-0.01026699888939342,48.68416758188408,33.72523395182452,49.279441137514446,-15.554207185689926,3834.6513671875,3842.525146484375,3913.39208984375
2022-12-29,3834.6513671875,3834.6513671875,3779.533175051335,3795.2812299473817,106690700,3849.2744489397323,3868.9595772879466,3814.966243489583,0.010373503639741655,54.545417938779146,30.005008171156987,45.42455454424296,-15.419546373085971,3795.281005859375,3881.8955078125,3866.147216796875
2022-12-30,3889.76904296875,3897.6430693715206,3834.6508581493545,3834.6508581493545,182091500,3854.898681640625,3874.02139718192,3823.627652994792,0.014373581977460415,55.696150366673805,31.14521557715898,42.56868675082616,-11.423471173667181,3834.6513671875,3834.6513671875,3850.3994140625
2023-01-02,3834.6513671875,3874.021504427618,3795.2812299473817,3866.1474769795946,100200100,3844.774972098214,3868.39705984933,3830.9767496744794,-0.014169909619925147,43.2431843569333,27.286757606979336,39.512300922056795,-12.22554331507746,3889.76904296875,3795.281005859375,3905.517333984375
2023-01-03,3818.903564453125,3858.273704292848,3803.155508517236,3803.155508517236,95136500,3841.400460379464,3861.0855015345983,3837.800919596354,-0.004106710422002502,41.33336034290023,22.696554049173756,36.14915154748019,-13.452597498306432,3834.6513671875,3834.6513671875,3842.525146484375
2023-01-04,3755.910888671875,3818.903104834087,3755.910888671875,3818.903104834087,188071000,3823.402657645089,3853.2114780970983,3840.4255940755206,-0.01649496372927417,40.78946616894111,13.816533774335312,31.682627992851213,-17.8660942185159,3818.903564453125,3889.76904296875,3881.8955078125
2023-01-05,3653.548828125,3748.0371598868537,3598.4306345972523,3740.1631322400326,292142000,3797.5308663504466,3834.0888671875,3838.325862630208,-0.027253591360648866,29.268288071703708,-1.4638349036999898,25.053335413540974,-26.517170317240964,3755.910888671875,3834.6513671875,3834.6513671875
2023-01-06,3637.800537109375,3653.548591382576,3582.6823471531725,3582.6823471531725,175932000,3775.0336565290177,3814.4037562779017,3834.913785807292,-0.004310409346221067,28.915614492343238,-14.67522577345062,17.10762317614266,-31.78284894959328,3653.548828125,3818.903564453125,3795.281005859375
2023-01-09,3614.178466796875,3653.548602600763,3582.682358153765,3606.304439636098,166164900,3743.537527901786,3796.405988420759,3828.8770345052085,-0.006493503442954074,29.99998449707344,-26.743173223130725,8.337463896287984,-35.08063711941871,3637.800537109375,3755.910888671875,3834.6513671875
2023-01-10,3532.05615234375,3643.678694404275,3516.110074906532,3627.732616967057,282510000,3692.4356863839284,3773.6671840122767,3819.3154541015624,-0.022722263221801375,27.14023144232806,-42.44442011901947,-1.818912906773507,-40.625507212245964,3614.178466796875,3653.548828125,3889.76904296875
2023-01-11,3492.191162109375,3532.0563580238654,3476.2450837435786,3516.110279658069,211610100,3643.5127999441966,3744.143886021205,3805.012980143229,-0.011286624140423696,19.654912330008543,-57.442382918038675,-12.94360690902654,-44.49877600901213,3532.05615234375,3637.800537109375,3834.6513671875
2023-01-12,3587.86767578125,3603.813754340278,3516.110322265625,3571.9215972222223,210887800,3610.5076729910716,3725.9540666852677,3794.949601236979,0.027397272723777233,32.16002999219752,-60.905995041245205,-22.536084535470273,-38.36991050577493,3492.191162109375,3614.178466796875,3818.903564453125
2023-01-13,3571.921142578125,3611.786333901541,3524.082912990025,3595.8402573721746,134592100,3584.2234235491073,3703.8130405970983,3785.6669921875,-0.004444571161519417,27.54796403727272,-64.19765396832372,-30.86839842204096,-33.32925554628276,3587.86767578125,3532.05615234375,3755.910888671875
2023-01-16,3603.813720703125,3611.78675990822,3524.0833286521706,3532.056367857266,172170900,3577.118408203125,3687.324637276786,3777.447469075521,0.008928690430713315,32.89969662913626,-63.50085454260625,-37.39488964615402,-26.105964896452228,3571.921142578125,3492.191162109375,3653.548828125
2023-01-17,3635.705810546875,3651.651888663309,3595.840615255791,3603.813654314008,150577400,3576.819161551339,3675.9264090401784,3771.0784261067706,0.008849538937192314,38.04632966248375,-59.68717426947933,-41.853346570819085,-17.833827698660244,3603.813720703125,3587.86767578125,3637.800537109375
2023-01-18,3667.597900390625,3683.5439782184094,3635.7057447350544,3635.7057447350544,178026000,3584.450509207589,3663.9940185546875,3768.397119140625,0.008771911564250834,37.344345385950206,-53.47495407628048,-44.17766807191137,-9.297286004369113,3635.705810546875,3571.921142578125,3614.178466796875
2023-01-19,3675.5712890625,3691.5173684076735,3651.65217004474,3659.6252097173274,117204100,3604.9526715959823,3648.694178989955,3763.881844075521,0.002174008407799022,32.524485726054664,-47.362375010048254,-44.81460945953875,-2.547765550509503,3667.597900390625,3603.813720703125,3532.05615234375
2023-01-20,3707.46337890625,3723.409457955309,3683.5442603326615,3691.517299857191,116038300,3635.7058454241073,3639.6093226841517,3761.479500325521,0.008676770856996363,39.21451066744068,-39.489476836603444,-43.74958293495169,4.2601060983482455,3675.5712890625,3635.705810546875,3492.191162109375
2023-01-24,3683.5439453125,3731.382178368506,3659.624828784497,3715.436100683171,81964700,3649.3738839285716,3629.9407784598216,3756.9675130208334,-0.006451697872416062,38.678465084005936,-34.77933220862997,-41.95553278968735,7.17620058105738,3707.46337890625,3667.597900390625,3587.86767578125
2023-01-25,3635.705810546875,3683.544044896176,3627.732771488658,3683.544044896176,84009300,3658.4859793526784,3621.3547014508927,3747.7113037109375,-0.012986986303367254,39.68449246261477,-34.50884979242028,-40.46619619023393,5.957346397813652,3683.5439453125,3675.5712890625,3571.921142578125
2023-01-26,3659.625,3683.544117647059,3627.7328431372553,3635.705882352941,113840400,3666.4590192522323,3621.7887137276784,3738.989957682292,0.006578967248597856,50.60255606957577,-31.99558663482776,-38.7720742791527,6.776487644324938,3635.705810546875,3707.46337890625,3603.813720703125
2023-01-27,3699.490234375,3731.382391567888,3667.598077182112,3667.598077182112,178282600,3675.5710797991073,3626.1951206752233,3733.4347249348957,0.010893256651979266,55.83832605124343,-26.48175108674468,-36.314009640671095,9.832258553926415,3659.625,3683.5439453125,3635.705810546875
2023-01-30,3675.5712890625,3731.382566770608,3643.679130372153,3707.463447752847,185972400,3676.710135323661,3630.580322265625,3725.244921875,-0.006465470591123457,55.80696665113308,-23.76807213711527,-33.80482213995993,10.036750002844663,3699.490234375,3635.705810546875,3667.597900390625
2023-01-31,3651.652099609375,3683.544257684566,3643.6790600905774,3675.571218165768,280039200,3673.2931082589284,3639.122889927455,3716.520255533854,-0.006507611353996023,62.711873203304336,-23.27919266415529,-31.699696244799004,8.420503580643715,3675.5712890625,3659.625,3675.5712890625
2023-02-01,3731.382568359375,3739.355608035357,3683.544330303485,3691.517369979467,181849300,3676.710135323661,3656.207990373884,3712.0281005859374,0.021834081280231787,73.43745963092499,-16.270612177771,-28.613879431393407,12.343267253622408,3651.652099609375,3699.490234375,3707.46337890625
2023-02-02,3667.597900390625,3731.382211701766,3667.597900390625,3707.463094960088,145413400,3674.43212890625,3661.903006417411,3705.934716796875,-0.01709411104334846,58.333286551760914,-15.682374629789592,-26.027578471072648,10.345203841283055,3731.382568359375,3675.5712890625,3683.5439453125
2023-02-03,3787.193359375,3811.1124753289473,3691.5168955592094,3707.462972861842,198479900,3696.0732073102677,3677.2795933314733,3701.990584309896,0.0326086616451704,68.49312942453608,-5.502409741537122,-21.922544725165544,16.420134983628422,3667.597900390625,3651.652099609375,3635.705810546875
2023-02-06,3779.220703125,3835.031979331488,3731.382466376583,3811.112860957279,141366300,3713.1583077566966,3689.808663504464,3699.880436197917,-0.002105162185676135,65.71428821393935,1.9000563787922147,-17.158024504373994,19.05808088316621,3787.193359375,3731.382568359375,3659.625
2023-02-07,3787.193359375,3819.085513980263,3763.2742434210527,3779.220320723684,140923100,3725.687325613839,3700.6292027064733,3696.723697916667,0.002109603242649305,64.1790867422558,8.314051628294692,-12.063609277840257,20.37766090613495,3779.220703125,3667.597900390625,3699.490234375
2023-02-08,3819.08544921875,3819.08544921875,3755.3011410898353,3755.3011410898353,168599500,3746.1893484933034,3711.4497419084823,3696.204833984375,0.008421035531445131,64.1790867422558,15.788612889619799,-6.493164844348246,22.281777733968045,3787.193359375,3787.193359375,3675.5712890625
2023-02-09,3835.0322265625,3858.95134647869,3803.140066674246,3819.086146618373,177400700,3772.3865094866073,3722.8398088727677,3697.5298746744793,0.004175548715992239,64.7058876506496,22.736931011929755,-0.6471456730926457,23.3840766850224,3819.08544921875,3779.220703125,3651.652099609375
2023-02-10,3874.896728515625,3890.842805587706,3803.139381691262,3858.950651443544,181146600,3792.8885323660716,3734.799333844866,3698.87138671875,0.010394828412917168,65.21735657377326,31.10173390160253,5.702630241846389,25.39910365975614,3835.0322265625,3787.193359375,3731.382568359375
2023-02-13,3827.05908203125,3906.789479573568,3827.05908203125,3906.789479573568,144569400,3815.668701171875,3745.0504150390625,3696.7810546875,-0.012345528109777626,62.500063793411414,33.48481013377068,11.259066220231247,22.225743913539432,3874.896728515625,3819.08544921875,3667.597900390625
2023-02-14,3882.8701171875,3882.8701171875,3835.031881657469,3843.004920912474,120995200,3829.3368094308034,3762.705008370536,3698.3883463541665,0.014583269805865662,71.23293359849026,39.42246172262003,16.891745320709006,22.53071640191102,3827.05908203125,3835.0322265625,3787.193359375
2023-02-15,3882.8701171875,3898.81619569751,3835.031881657469,3898.81619569751,84568100,3844.143868582589,3778.6510881696427,3700.5205647786456,0.0,70.00005249288722,43.625209130150324,22.23843808259727,21.386771047553054,3882.8701171875,3874.896728515625,3779.220703125
2023-02-16,3882.8701171875,3898.81619569751,3866.9240386774895,3898.81619569751,69966200,3857.8119768415177,3791.7496512276784,3704.7525390625,0.0,67.69235552607579,46.42080656761527,27.074911779600875,19.345894788014398,3882.8701171875,3827.05908203125,3787.193359375
2023-02-17,3890.843017578125,3898.816056548572,3850.97782272589,3898.816056548572,104019300,3868.063058035714,3807.126203264509,3712.662345377604,0.002053352327015201,71.42859920259393,48.71809226553523,31.403547876787748,17.314544388747485,3882.8701171875,3882.8701171875,3819.08544921875
2023-02-20,3890.843017578125,3906.7890955190182,3858.950861696337,3906.7890955190182,88432500,3876.0360281808034,3824.211268833705,3721.0970947265623,0.0,75.00005103478122,49.96276804293075,35.11539191001635,14.847376132914398,3890.843017578125,3882.8701171875,3835.0322265625
2023-02-21,3843.0048828125,3890.843117868257,3843.0048828125,3890.843117868257,59319100,3871.480050223214,3832.1842912946427,3728.724641927083,-0.012295056508191404,62.500020505058735,46.552417596135,37.40279704724008,9.149620548894923,3890.843017578125,3882.8701171875,3874.896728515625
2023-02-22,3795.1669921875,3835.032191685268,3771.247872488839,3819.086111886161,107327900,3866.9240373883927,3841.296369280134,3737.4950032552083,-0.012448043154707045,64.81495027782833,39.53385069940123,37.82900777767231,1.7048429217289183,3843.0048828125,3890.843017578125,3827.05908203125
2023-02-23,3827.05908203125,3835.0321217854816,3771.247803751628,3835.0321217854816,139144500,3858.9510323660716,3844.1439208984375,3748.657267252604,0.00840334296472367,55.8140694141993,36.128543623121004,37.48891494676205,-1.360371323641047,3795.1669921875,3890.843017578125,3882.8701171875
2023-02-24,3795.1669921875,3858.951311383928,3795.1669921875,3827.059151785714,46409300,3846.4220145089284,3845.282941545759,3755.567244466146,-0.008333315258572616,52.17395356267973,30.50474836359217,36.09208163012808,-5.587333266535907,3827.05908203125,3843.0048828125,3882.8701171875
2023-02-27,3835.0322265625,3835.0322265625,3795.167026702183,3811.1131066463095,89918800,3839.5880301339284,3848.7000034877233,3764.337613932292,0.01050421087057929,56.00010288620296,28.931141163237044,34.65989353674987,-5.728752373512826,3795.1669921875,3795.1669921875,3882.8701171875
2023-02-28,3723.4091796875,3819.085646831504,3723.4091796875,3795.166530045503,273125500,3815.6689104352677,3841.865984235491,3768.3241292317707,-0.029106156162617802,40.0,18.46415581494466,31.42074599238883,-12.95659017744417,3835.0322265625,3827.05908203125,3890.843017578125
2023-03-01,3763.2744140625,3787.193531101033,3747.3283360368114,3771.247453075344,115578600,3797.44482421875,3836.7404261997767,3772.576416015625,0.010706648786407591,42.857073422052856,13.233241195172013,27.78324503294547,-14.550003837773456,3723.4091796875,3795.1669921875,3890.843017578125
2023-03-02,3811.11279296875,3811.11279296875,3763.2745570737447,3787.193675021248,59377900,3792.8888113839284,3832.1844308035716,3777.360245768229,0.012711902891664906,43.75002691283256,12.800307075961427,24.786657441548662,-11.986350365587235,3763.2744140625,3835.0322265625,3843.0048828125
2023-03-03,3795.1669921875,3827.059151785714,3771.247872488839,3827.059151785714,84777000,3792.8888113839284,3829.906424386161,3781.3467692057293,-0.004184027513084665,46.66667006897847,11.043211540456923,22.037968261330317,-10.994756720873394,3811.11279296875,3723.4091796875,3795.1669921875
2023-03-06,3819.08544921875,3827.058487734864,3811.1124107026353,3819.08544921875,78292000,3791.7497209821427,3825.3503766741073,3785.0675048828125,0.006302346400168135,42.85708817707593,11.44874623689384,19.920123856443023,-8.471377619549184,3795.1669921875,3763.2744140625,3827.05908203125
2023-03-07,3858.951416015625,3866.92445613136,3803.140135205481,3803.140135205481,111953700,3800.8617815290177,3823.6418980189733,3790.9144205729167,0.010438616084128327,47.5410255753821,14.816193891837884,18.899337863521996,-4.0831439716841125,3819.08544921875,3811.11279296875,3795.1669921875
2023-03-08,3858.951416015625,3866.92445613136,3843.0053357841552,3866.92445613136,125766100,3804.27880859375,3821.933419363839,3798.3559407552084,0.0,47.5410255753821,17.285662067171415,18.57660270425188,-1.290940637080464,3858.951416015625,3795.1669921875,3835.0322265625
2023-03-09,3835.0322265625,3882.87046639488,3835.0322265625,3874.897426422817,79549800,3820.2249581473216,3817.946934291295,3804.202848307292,-0.006198365015391061,44.44449304884208,17.115359489566345,18.284354061314772,-1.1689945717484278,3858.951416015625,3819.08544921875,3723.4091796875
2023-03-10,3843.0048828125,3850.97792198846,3827.0588044605806,3843.0048828125,125140500,3831.6150251116073,3814.5299246651784,3808.986669921875,0.0020789020219385,45.312506728201704,17.42288008272999,18.112059265597818,-0.6891791828678286,3835.0322265625,3858.951416015625,3763.2744140625
2023-03-13,3850.9775390625,3882.869692595109,3803.1393087635865,3835.031462296196,106769300,3837.309988839286,3815.0994001116073,3814.833544921875,0.00207458915435077,50.84741804261379,18.10125905078985,18.109899222636226,-0.008640171846376887,3843.0048828125,3858.951416015625,3811.11279296875
2023-03-14,3755.30126953125,3819.08557984176,3739.355191953623,3803.139502264132,192444400,3831.6148856026784,3812.2518484933034,3818.2885172526044,-0.02484467088180986,46.153791797393936,10.79417538451662,16.646754455012307,-5.852579070495686,3850.9775390625,3835.0322265625,3795.1669921875
2023-03-15,3747.328857421875,3803.140138277094,3747.328857421875,3795.16709815492,107761200,3821.363943917411,3806.5568324497767,3818.820060221354,-0.0021229753719254063,41.935483870967744,4.310265843702837,14.179456732750413,-9.869190889047577,3755.30126953125,3843.0048828125,3819.08544921875
2023-03-16,3771.24755859375,3787.193637065605,3699.490205470402,3747.328440885968,155984500,3808.8348214285716,3804.848301478795,3822.275048828125,0.006382866858482883,47.54094410638792,1.0892044354804966,11.56140627329643,-10.472201837815934,3747.328857421875,3850.9775390625,3858.951416015625
2023-03-17,3906.788818359375,3906.788818359376,3787.1932422871496,3803.13931909678,267753300,3815.6687360491073,3809.9737723214284,3826.2615641276043,0.035940695395813904,56.16433759298992,9.36557642532216,11.122240303701577,-1.7566638783794168,3771.24755859375,3755.30126953125,3858.951416015625
2023-03-20,3890.843017578125,3890.843017578125,3843.004783755443,3858.950861696337,113829400,3823.6417061941966,3821.933332170759,3829.9823079427083,-0.004081561999541683,67.2132085672363,14.47115354677544,11.792022952316351,2.679130594459089,3906.788818359375,3747.328857421875,3835.0322265625
2023-03-21,3906.788818359375,3922.7348951690055,3858.9505879304847,3882.86970314493,214639300,3832.7536969866073,3832.1843610491073,3833.9688232421877,0.0040982894219092625,65.51730691764595,19.578365843321535,13.34929153051739,6.229074312804146,3890.843017578125,3771.24755859375,3843.0048828125
2023-03-24,3991.490478515625,4033.3300013512185,3949.650955680031,3974.754669381387,266103900,3852.826974051339,3845.0684814453125,3839.7156575520835,0.021680634427488688,68.06317871967352,30.113455309281107,16.702124286270134,13.411331023010973,3906.788818359375,3906.788818359375,3850.9775390625
2023-03-27,3966.386474609375,4008.2259943837353,3949.650666699631,3974.754378564247,144925200,3882.982003348214,3857.2984444754466,3844.094132486979,-0.006289380881997153,66.83723616905732,36.02167090052535,20.566033609121178,15.455637291404173,3991.490478515625,3890.843017578125,3755.30126953125
2023-03-28,3991.490478515625,3999.8583830827433,3966.3867648142686,3966.3867648142686,105217100,3917.862234933036,3869.6130894252233,3847.9805908203125,0.006329187553192783,66.91438078416775,42.24270996994164,24.901368881285272,17.34134108865637,3966.386474609375,3906.788818359375,3747.328857421875
2023-03-29,4024.961669921875,4033.329573601546,3991.49005520319,4016.593766242204,141800500,3954.107107979911,3881.470964704241,3854.57734375,0.008385637291736137,66.49395961953996,49.30541157559628,29.782177420147477,19.523234155448804,3991.490478515625,3991.490478515625,3771.24755859375
2023-03-30,3974.75390625,4024.961324013158,3966.3860032894736,4024.961324013158,98847200,3963.81640625,3889.7425711495534,3857.64013671875,-0.012474097342857315,60.461810939392,50.27180448853096,33.880102833824175,16.391701654706786,4024.961669921875,3966.386474609375,3906.788818359375
2023-03-31,3958.0185546875,3974.7543625297294,3941.282746845269,3958.0185546875,161561800,3973.412911551339,3898.5273088727677,3860.145084635417,-0.00421041200467398,61.25692731238156,49.12103807643098,36.92828988234554,12.19274819408544,3974.75390625,3991.490478515625,3890.843017578125
2023-04-03,4016.59423828125,4016.59423828125,3983.122619628906,3991.490524291992,133511700,3989.0994001116073,3910.9265485491073,3864.6025553385416,0.014799244314905646,64.54157616809624,52.33236065475512,40.00910403682746,12.323256617927662,3958.0185546875,4024.961669921875,3906.788818359375
2023-04-04,4033.329833984375,4033.329833984375,3983.1224086650673,4016.5940255446058,88097800,3995.0764508928573,3923.9517124720983,3869.352115885417,0.004166613481546566,65.05462406925835,55.58700722486219,43.124684674434405,12.462322550427785,4016.59423828125,3974.75390625,3991.490478515625
2023-04-05,4041.697265625,4083.5367818322975,4016.593555900621,4024.961459142081,119316500,4005.835135323661,3944.4085693359375,3874.3805908203126,0.0020745716281673765,77.62697909532723,58.17096125283297,46.133939990114115,12.037021262718852,4033.329833984375,3958.0185546875,3966.386474609375
2023-04-06,4050.065673828125,4066.801482397663,4033.3298652585872,4066.801482397663,88012300,4014.2030203683034,3966.03262765067,3881.2826171875,0.002070518312764058,79.18099033834615,60.20007504875366,48.947167001842026,11.252908046911635,4041.697265625,4016.59423828125,3991.490478515625
2023-04-10,4066.80126953125,4066.80126953125,4033.3296541441614,4066.80126953125,58886800,4020.180106026786,3987.1436070033483,3890.337093098958,0.004132178846202983,78.8886470739276,62.43882910393995,51.645499422261615,10.793329681678337,4050.065673828125,4033.329833984375,4024.961669921875
2023-04-11,4083.537109375,4091.9050132876537,4041.697589811731,4066.801301549692,67275600,4035.7205636160716,3999.768484933036,3898.8863606770833,0.004115234242975108,72.50228298580353,64.81633783438338,54.27966710468597,10.536670729697406,4066.80126953125,4041.697265625,3974.75390625
2023-04-12,4125.376953125,4142.112762265467,4091.905334844067,4142.112762265467,194839900,4059.62890625,4016.52090890067,3909.893359375,0.010245981028051299,78.01220154417592,69.27806197835616,57.27934607942001,11.998715898936155,4083.537109375,4050.065673828125,3958.0185546875
2023-04-13,4167.2158203125,4183.951626819779,4125.376304044302,4142.112110551581,141279800,4081.1462751116073,4035.1228376116073,3920.9661458333335,0.010141828895370741,79.29297617092652,75.32179466476327,60.887835796488666,14.433958868274608,4125.376953125,4066.80126953125,4016.59423828125
2023-04-14,4246.7109375,4267.630695812808,4183.951662561576,4225.791179187192,190097200,4111.629289899553,4053.352870396205,3938.4095377604167,0.01907631392643805,79.04756665016147,85.5400356657683,65.8182757703446,19.721759895423702,4167.2158203125,4083.537109375,4033.329833984375
2023-04-17,4175.583984375,4246.711166473572,4150.480273046092,4246.711166473572,121231300,4130.755964006697,4068.2955496651784,3952.1531901041667,-0.016748715458102637,71.55174972320634,86.89701983988107,70.0340245842519,16.862995255629173,4246.7109375,4125.376953125,4041.697265625
2023-04-18,4142.1123046875,4204.87158203125,4142.1123046875,4175.583919270834,95747700,4143.905482700893,4079.0542515345983,3963.1865071614584,-0.008016047530776671,65.25422345870894,84.29979914834666,72.88717949707085,11.412619651275818,4175.583984375,4167.2158203125,4050.065673828125
2023-04-26,4204.87158203125,4309.470377604167,4125.376497395833,4309.470377604167,273336000,4163.629813058035,4091.904959542411,3976.843326822917,0.015151515151515138,67.2000171787538,86.3106962391148,75.57188284547964,10.73881339363517,4142.1123046875,4246.7109375,4066.80126953125
2023-04-27,4309.470703125,4309.470703125,4175.584234678398,4175.584234678398,125947200,4195.906040736607,4115.81330217634,3993.189501953125,0.02487569930571376,78.9855930397367,95.24667716683552,79.50684170975082,15.739835457084709,4204.87158203125,4175.583984375,4083.537109375
2023-04-28,4267.630859375,4414.069173177083,4267.630859375,4330.39013671875,251912000,4216.22802734375,4137.928466796875,4006.812150065104,-0.009708812666868849,75.6944253090612,97.8247182536038,83.17041701852142,14.654301235082386,4309.470703125,4142.1123046875,4125.376953125
2023-05-02,4309.470703125,4330.390463819782,4225.791660345873,4330.390463819782,84246100,4236.550153459822,4158.848214285715,4021.8294596354167,0.009803997845335477,74.99997916011947,102.06739076313943,86.94981176744503,15.117578995694402,4267.630859375,4204.87158203125,4167.2158203125
2023-05-03,4267.630859375,4372.229654947917,4225.791341145833,4372.229654947917,183524700,4239.538713727678,4175.584001813616,4036.2494140625,-0.009708812666868849,69.17803757124592,100.8906094300055,89.73797129995714,11.15263813004836,4309.470703125,4309.470703125,4246.7109375
2023-05-04,4309.470703125,4330.390463819782,4246.711421040655,4309.470703125,140482000,4258.665387834822,4194.710675920759,4051.798274739583,0.009803997845335477,70.77921290584638,102.1565305715103,92.22168315426778,9.934847417242523,4267.630859375,4267.630859375,4175.583984375
2023-05-05,4372.22998046875,4393.149741140849,4288.550937780353,4372.22998046875,182599600,4291.539341517857,4217.722412109375,4069.1733561197916,0.014563105696075551,73.05386062213985,106.99061022180194,95.17546856777462,11.815141654027329,4309.470703125,4309.470703125,4142.1123046875
2023-05-08,4267.630859375,4393.1494140625,4225.791341145833,4393.1494140625,107804200,4300.504952566965,4232.0673828125,4086.251009114583,-0.023923517646831538,62.76592640874032,101.21463891786425,96.38330263779255,4.831336280071696,4372.22998046875,4267.630859375,4204.87158203125
2023-05-09,4288.55029296875,4288.55029296875,4204.871262862042,4225.79102038872,102987300,4297.516322544643,4246.711181640625,4104.291723632812,0.004901884507605647,62.96291493695866,97.20464882205488,96.54757187464503,0.6570769474098483,4267.630859375,4309.470703125,4309.470703125
2023-05-10,4309.470703125,4309.470703125,4225.791660345873,4246.711421040655,108369600,4303.493443080357,4259.860735212053,4122.232495117188,0.004878200960019008,61.95649002632163,94.62403803213783,96.1628651061436,-1.5388270740057663,4288.55029296875,4372.22998046875,4267.630859375
2023-05-11,4309.470703125,4330.390463819782,4267.631181735437,4330.390463819782,85618800,4303.493443080357,4270.02179827009,4135.655224609375,0.0,59.77012188087706,91.52385535591111,95.23506315609711,-3.7112078001860027,4309.470703125,4267.630859375,4309.470703125
2023-05-12,4309.470703125,4330.390463819782,4267.631181735437,4267.631181735437,92625800,4309.470563616072,4274.504638671875,4149.609480794271,0.0,54.838731536458766,88.05193040609356,93.7984366060964,-5.746506200002841,4309.470703125,4288.55029296875,4267.630859375
2023-05-15,4309.470703125,4330.390463819782,4204.8718996510925,4309.470703125,163732600,4309.470563616072,4284.067975725447,4163.032210286458,0.0,61.594178386286565,84.32832048351702,91.90441338158053,-7.576092898063507,4309.470703125,4309.470703125,4309.470703125
2023-05-16,4351.310546875,4351.310546875,4267.631497896635,4330.390784630409,73611200,4306.482073102678,4299.010707310268,4175.026212565104,0.009708812666868738,67.8571190402358,83.78760713410793,90.281052132086,-6.493444997978074,4309.470703125,4309.470703125,4372.22998046875
2023-05-17,4351.310546875,4393.150071364183,4330.390784630409,4393.150071364183,115834500,4318.436314174107,4309.470633370535,4187.857014973958,0.0,63.99999253102194,82.40912679329904,88.70666706432861,-6.297540271029575,4351.310546875,4309.470703125,4267.630859375
2023-05-19,4518.66845703125,4560.50797978154,4351.310366030093,4372.230127405238,185672200,4351.310337611607,4324.413330078125,4205.429614257812,0.038461495302017035,67.85709224617318,93.74047403967961,89.71342845939883,4.0270455802807845,4351.310546875,4309.470703125,4288.55029296875
2023-05-22,4539.58837890625,4602.347665250576,4434.989568332373,4434.989568332373,162655900,4384.184291294643,4343.8388671875,4222.583837890625,0.004629665148910833,74.07404846025572,103.21886836758767,92.4145164410366,10.804351926551078,4518.66845703125,4351.310546875,4309.470703125
2023-05-23,4602.34765625,4686.026704545455,4581.427894176137,4581.427894176137,255251600,4426.023856026785,4364.758649553572,4243.503629557292,0.013824882809941208,74.99995832034317,114.47511546824171,96.82663624647763,17.648479221764077,4539.58837890625,4351.310546875,4309.470703125
2023-05-24,4686.0263671875,4686.0263671875,4560.5078037806925,4623.267085484096,187436100,4479.817522321428,4394.64404296875,4267.770556640625,0.01818174488054236,83.33330739929293,128.66477756811855,103.19426451080582,25.47051305731273,4602.34765625,4518.66845703125,4309.470703125
2023-05-25,4581.42724609375,4665.106282552083,4560.507486979167,4602.347005208333,224391900,4518.66845703125,4414.06951032366,4286.598323567709,-0.02232149648712478,69.69691825754344,129.97167949566392,108.54974750777745,21.421931987886467,4686.0263671875,4539.58837890625,4309.470703125
2023-05-26,4686.0263671875,4686.0263671875,4539.588043212891,4539.588043212891,154003100,4566.485002790178,4436.483537946428,4308.354874674479,0.022831121280586508,71.4285333214185,137.85853619856334,114.41150524593463,23.447030952628708,4581.42724609375,4602.34765625,4351.310546875
2023-05-29,4644.18701171875,4706.946295660895,4581.427727776605,4686.026534346847,125049100,4608.324497767857,4463.380405970982,4328.4378662109375,-0.008928536075195281,78.12500227935979,139.12904758140667,119.35501371302905,19.774033868377614,4686.0263671875,4686.0263671875,4351.310546875
2023-05-30,4602.34765625,4686.026704545455,4602.34765625,4602.34765625,67363200,4620.278669084822,4485.794503348215,4346.847265625,-0.009008973015767086,72.72731130684241,135.20133386867474,122.52427774415818,12.677056124516554,4644.18701171875,4581.42724609375,4518.66845703125
2023-05-31,4665.10693359375,4665.10693359375,4497.748837321328,4665.10693359375,898453700,4638.209891183035,4511.19709123884,4366.790787760417,0.013636361707382694,74.28572571787541,135.58974742750434,125.13737168082743,10.452375746676907,4602.34765625,4686.0263671875,4539.58837890625
2023-06-05,4539.58837890625,4686.026713709677,4539.58837890625,4686.026713709677,255472600,4629.244280133928,4527.634068080357,4381.992496744791,-0.0269058258415541,63.41464803132886,124.33600158054742,124.97709766077143,-0.6410960802240169,4665.10693359375,4644.18701171875,4602.34765625
2023-06-06,4560.5078125,4602.3473337155965,4476.828770068808,4518.668291284404,92019300,4611.313058035715,4545.565290178572,4396.496858723958,0.00460822256285498,64.28571428571428,115.77081647054638,123.13584142272643,-7.36502495218005,4539.58837890625,4602.34765625,4686.0263671875
2023-06-07,4518.66845703125,4581.4277411566845,4476.828934280961,4581.4277411566845,150377000,4602.347516741072,4560.50798688616,4408.211946614583,-0.009174275582660263,61.36364721415761,104.40326340998399,119.38932582017796,-14.986062410193966,4560.5078125,4665.10693359375,4581.42724609375
2023-06-08,4581.42724609375,4581.42724609375,4476.828450520833,4497.748209635417,92794100,4587.40478515625,4576.944893973215,4419.369156901042,0.013888779329416012,62.22220032230909,99.31367921754918,115.37419649965221,-16.060517282103035,4518.66845703125,4539.58837890625,4686.0263671875
2023-06-09,4539.58837890625,4560.508141021025,4497.748854676699,4539.58837890625,77251000,4572.462123325893,4590.393310546875,4431.50263671875,-0.009132277986772075,59.574483934389754,90.85675998381703,110.47070919648519,-19.61394921266816,4581.42724609375,4560.5078125,4644.18701171875
2023-06-12,4518.66845703125,4518.66845703125,4497.748695656105,4518.66845703125,92314200,4560.507952008928,4590.393310546875,4444.054508463541,-0.004608330123543114,50.0,81.5267382125594,104.68191499970003,-23.155176787140633,4539.58837890625,4518.66845703125,4602.34765625
2023-06-13,4644.18701171875,4644.18701171875,4518.668443834459,4518.668443834459,108831400,4557.519391741072,4597.864641462053,4458.698356119791,0.02777777477614829,55.55555555555556,83.30068861513428,100.40566972278688,-17.104981107652605,4518.66845703125,4581.42724609375,4665.10693359375
2023-06-14,4644.18701171875,4665.106773032799,4581.427727776605,4665.106773032799,79137600,4572.462053571428,4600.853166852678,4469.85556640625,0.0,52.38094708827401,83.74124019988449,97.07278381820642,-13.33154361832193,4644.18701171875,4539.58837890625,4539.58837890625
2023-06-15,4623.26708984375,4623.26708984375,4560.507808081165,4581.427568668693,74388400,4581.427664620535,4596.370361328125,4481.710107421875,-0.004504539076960579,46.15384155015767,81.46325989363686,93.95087903329252,-12.487619139655664,4644.18701171875,4518.66845703125,4560.5078125
2023-06-16,4644.18701171875,4644.18701171875,4518.668443834459,4581.427727776605,189062600,4599.35888671875,4600.85320172991,4492.867317708334,0.004524921763866097,54.28575429835828,80.41898692699033,91.2445006120321,-10.82551368504177,4623.26708984375,4644.18701171875,4518.66845703125
2023-06-19,4623.26708984375,4623.26708984375,4560.507808081165,4602.347329256221,55144200,4605.336007254465,4596.370396205357,4504.721858723959,-0.004504539076960579,45.16128060740082,77.01554297817074,88.39870908525984,-11.383166107089096,4644.18701171875,4644.18701171875,4581.42724609375
2023-06-20,4644.18701171875,4644.18701171875,4581.427727776605,4581.427727776605,102926800,4620.278669084822,4596.370396205357,4515.879069010417,0.004524921763866097,50.0,75.14018273504189,85.74700381521626,-10.60682108017437,4623.26708984375,4623.26708984375,4539.58837890625
2023-06-21,4665.10693359375,4665.10693359375,4602.347647491592,4602.347647491592,84605400,4641.198451450893,4600.85320172991,4525.641634114583,0.00450453907696069,55.17241934380445,74.48341069714843,83.4942851916027,-9.01087449445427,4644.18701171875,4644.18701171875,4518.66845703125
2023-06-22,4581.42724609375,4686.026041666667,4581.42724609375,4644.1865234375,94143200,4632.232770647322,4594.876081194197,4536.101513671875,-0.017937356783274794,43.33328146517182,66.44472920652424,80.08437399458701,-13.639644788062768,4665.10693359375,4623.26708984375,4644.18701171875
2023-06-23,4518.66845703125,4581.4277411566845,4518.66845703125,4539.588218406395,123350300,4614.301548549107,4593.381801060268,4543.772119140625,-0.013698523558572262,48.14813213944249,54.38301290881009,74.94410177743163,-20.56108886862154,4581.42724609375,4644.18701171875,4644.18701171875
2023-06-26,4560.5078125,4581.427573107799,4497.748530676606,4539.588051892202,85472100,4605.3359375,4593.381801060268,4552.140022786459,0.009259222239163423,50.0,47.65081324960374,69.48544407186606,-21.834630822262312,4518.66845703125,4665.10693359375,4623.26708984375
2023-06-27,4539.58837890625,4602.347665250576,4539.58837890625,4560.508141021025,110716500,4590.393275669643,4594.876081194197,4559.810611979166,-0.004587084257681062,51.85186786055751,40.16448191084237,63.621251639661324,-23.456769728818955,4560.5078125,4581.42724609375,4644.18701171875
2023-07-03,4581.42724609375,4644.1865234375,4560.507486979167,4602.347005208333,168559800,4584.416155133928,4594.876081194197,4568.875830078125,0.00921644512570996,50.0,37.17898115713069,58.3327975431552,-21.15381638602451,4539.58837890625,4518.66845703125,4623.26708984375
2023-07-04,4560.5078125,4602.3473337155965,4539.588051892202,4602.3473337155965,94462600,4572.461983816965,4596.370326450893,4577.243733723958,-0.004566138993386093,51.99997012392038,32.747434796662674,53.215724993856696,-20.468290197194023,4581.42724609375,4560.5078125,4644.18701171875
2023-07-05,4560.5078125,4560.5078125,4518.668291284404,4518.668291284404,109632800,4557.519252232143,4599.358851841518,4584.216975911459,0.0,54.16665451005449,28.9022353997525,48.35302707503586,-19.450791675283362,4560.5078125,4539.58837890625,4665.10693359375
2023-07-06,4539.58837890625,4581.4279031358,4518.668616791474,4560.508141021025,109446200,4551.542271205357,4591.88752092634,4590.492903645833,-0.004587084257681062,36.842098797584356,23.891457860225273,43.46071323207375,-19.569255371848477,4560.5078125,4581.42724609375,4581.42724609375
2023-07-07,4497.74853515625,4539.588056413518,4497.74853515625,4518.668295784883,114043800,4548.5537109375,4581.427629743303,4589.795572916667,-0.009216660247086228,33.33329628460537,16.355716322302214,38.03971385011944,-21.683997527817226,4539.58837890625,4560.5078125,4518.66845703125
2023-07-10,4518.66845703125,4602.347502531829,4518.66845703125,4539.588218406395,78972100,4542.57666015625,4573.956298828125,4589.0982421875,0.00465119864116037,38.09524338791352,11.934081063845952,32.81858729286475,-20.884506229018797,4497.74853515625,4560.5078125,4560.5078125
2023-07-11,4539.58837890625,4560.508141021025,4497.748854676699,4497.748854676699,122094700,4542.57666015625,4566.484967912947,4587.006266276042,0.004629665148910833,38.09524338791352,10.00266166831716,28.255402167955232,-18.252740499638072,4518.66845703125,4539.58837890625,4539.58837890625
2023-07-12,4560.5078125,4581.427573107799,4539.588051892202,4560.5078125,104993700,4539.588169642857,4562.002162388393,4582.822314453125,0.00460822256285498,42.857126979098936,10.0442376232495,24.61316925901409,-14.568931635764589,4539.58837890625,4497.74853515625,4581.42724609375
2023-07-13,4560.5078125,4581.427573107799,4539.588051892202,4539.588051892202,134905700,4539.588169642857,4556.02507672991,4582.125,0.0,39.999953318527524,9.96234713069498,21.683004833350267,-11.720657702655288,4560.5078125,4518.66845703125,4560.5078125
2023-07-14,4623.26708984375,4623.26708984375,4539.588047493637,4560.507808081165,127814200,4548.553780691965,4553.036516462053,4580.033024088541,0.013761466907639575,45.4544972298787,14.791094970152699,20.304622860710758,-5.513527890558059,4560.5078125,4539.58837890625,4560.5078125
2023-07-17,4665.10693359375,4706.946457661856,4623.267409525644,4644.187171559697,166951300,4566.485002790178,4559.013636997768,4580.730354817709,0.009049843527732193,60.00011670381738,21.743393833316077,20.59237705523182,1.151016778084255,4623.26708984375,4560.5078125,4539.58837890625
2023-07-18,4706.94580078125,4769.705078125,4686.026041666667,4706.94580078125,120810300,4596.370326450893,4572.462018694197,4584.216959635417,0.008968469058279416,73.68425578544174,30.280137119033498,22.529929067992157,7.750208051041341,4665.10693359375,4560.5078125,4497.74853515625
2023-07-20,4706.94580078125,4727.865559895833,4644.1865234375,4665.106282552083,111117300,4623.26708984375,4582.921875,4585.611588541667,0.0,70.58828375248339,36.62339596546008,25.34862244748574,11.274773517974335,4706.94580078125,4623.26708984375,4518.66845703125
2023-07-21,4706.94580078125,4706.94580078125,4665.106282552083,4686.026041666667,63094600,4647.17529296875,4594.8759765625,4591.190169270833,0.0,75.0,41.1758250221701,28.514062962422614,12.661762059747488,4706.94580078125,4665.10693359375,4539.58837890625
2023-07-24,4686.0263671875,4727.865888323103,4686.0263671875,4686.0263671875,62962500,4665.106515066965,4602.34734235491,4595.37412109375,-0.004444375286895785,66.66677040331251,42.604516047475045,31.332153579433104,11.27236246804194,4706.94580078125,4706.94580078125,4560.5078125
2023-07-25,4727.86572265625,4769.705242325775,4706.945962821488,4706.945962821488,111248100,4689.014787946428,4614.301478794643,4602.34736328125,0.008928536075195392,75.00003646988972,46.57595171953744,34.38091320745397,12.195038512083471,4686.0263671875,4706.94580078125,4560.5078125
2023-07-26,4748.78515625,4769.704914647577,4727.865397852423,4769.704914647577,76200300,4706.945940290178,4627.749860491072,4607.925960286459,0.00442470975719611,76.47060438806052,50.82548204308114,37.66982697457941,13.15565506850173,4727.86572265625,4706.94580078125,4623.26708984375
2023-07-27,4727.86572265625,4811.544761995299,4727.86572265625,4748.785482491013,109859200,4715.911481584822,4641.1982421875,4614.201871744792,-0.004405217946366169,76.47060438806052,51.906891644725874,40.5172399086087,11.389651736117173,4748.78515625,4686.0263671875,4665.10693359375
2023-07-28,4769.70556640625,4769.70556640625,4706.946282637747,4706.946282637747,74036700,4724.877162388393,4660.623744419643,4622.569775390625,0.008849626069010519,88.23543949254469,55.50026970419367,43.5138458677257,11.98642383646797,4727.86572265625,4727.86572265625,4706.94580078125
2023-07-31,4727.86572265625,4769.705242325775,4727.86572265625,4769.705242325775,186727400,4727.86572265625,4675.56640625,4625.359065755209,-0.0087719971741409,77.77780659349779,54.34546133535332,45.680168961251226,8.665292374102094,4769.70556640625,4748.78515625,4706.94580078125
2023-08-01,4769.70556640625,4811.545088918585,4727.866043893914,4727.866043893914,100137500,4736.831403459822,4692.003348214285,4629.543017578125,0.008849626069010519,78.94740721449385,56.159026800389256,47.77594052907883,8.383086271310425,4727.86572265625,4727.86572265625,4706.94580078125
2023-08-02,4769.70556640625,4790.6253276624175,4727.866043893914,4727.866043893914,90611300,4748.785574776785,4706.946044921875,4634.424300130208,0.0,77.77783540914308,56.939922514586215,49.608736926180306,7.3311855884059085,4769.70556640625,4769.70556640625,4686.0263671875
2023-08-03,4769.70556640625,4811.545088918585,4727.866043893914,4748.7858051500825,82775000,4754.7626953125,4721.888741629465,4638.608251953125,0.0,77.77783540914308,56.902847390215356,51.06755901898732,5.835288371228039,4769.70556640625,4727.86572265625,4727.86572265625
2023-08-04,4665.10693359375,4790.625505798066,4665.10693359375,4769.705743764013,150738500,4742.808663504465,4724.877301897322,4640.002913411458,-0.021929788192630584,55.00004668141799,47.881283950007855,50.43030400519143,-2.5490200551835756,4769.70556640625,4769.70556640625,4748.78515625
2023-08-07,4769.70556640625,4790.6253276624175,4665.106760125411,4686.026521381579,88104900,4748.785784040178,4732.3486328125,4644.186865234375,0.02242148664573551,60.86957404186312,48.61150228873521,50.066543661900184,-1.455041373164974,4665.10693359375,4769.70556640625,4727.86572265625
2023-08-08,4706.94580078125,4811.544596354167,4686.026041666667,4769.705078125,89189600,4739.820103236607,4732.3486328125,4645.581494140625,-0.01315799576121146,50.0,43.623156409802505,48.77786621148066,-5.154709801678152,4769.70556640625,4769.70556640625,4769.70556640625
2023-08-09,4769.70556640625,4790.6253276624175,4706.946282637747,4727.866043893914,91930000,4745.797223772322,4736.831473214285,4651.857438151042,0.013333437069656284,55.55559397638272,44.224255256396646,47.867144020463854,-3.6428887640672087,4706.94580078125,4665.10693359375,4727.86572265625
2023-08-10,4769.70556640625,4790.6253276624175,4748.7858051500825,4748.7858051500825,85474200,4745.797223772322,4741.314313616072,4660.225341796875,0.0,55.55559397638272,44.191221529296854,47.13195952223045,-2.940737992933599,4769.70556640625,4769.70556640625,4769.70556640625
2023-08-11,4727.86572265625,4769.705242325775,4727.86572265625,4748.785482491013,74321000,4739.820103236607,4744.302839006697,4665.803938802083,-0.0087719971741409,53.57140773158279,40.32408538664822,45.770384695114004,-5.4462993084657825,4769.70556640625,4706.94580078125,4769.70556640625
2023-08-14,4727.86572265625,4748.785482491013,4665.106443151964,4727.86572265625,127358400,4733.842982700893,4744.302839006697,4672.079850260417,0.0,50.0,36.83474413087788,43.983256582266776,-7.148512451388896,4727.86572265625,4769.70556640625,4769.70556640625
2023-08-15,4665.10693359375,4748.785981729961,4665.10693359375,4727.8662196959085,89597300,4733.842982700893,4738.325823102678,4674.869173177083,-0.013274232548897369,42.857226216526,28.674761465322263,40.92155755887787,-12.24679609355561,4727.86572265625,4769.70556640625,4665.10693359375
2023-08-16,4623.26708984375,4665.106611018807,4560.507808081165,4644.186850431278,188191900,4712.923200334822,4730.8544921875,4676.961149088542,-0.008968678391637397,41.37934919957826,18.61718339156414,36.460682725415126,-17.843499333850986,4665.10693359375,4727.86572265625,4769.70556640625
2023-08-18,4665.10693359375,4686.026695627803,4602.347647491592,4602.347647491592,121561200,4706.946219308035,4723.383161272322,4680.447786458333,0.009049843527732193,41.37934919957826,13.862804249542023,31.941107030240506,-18.078302780698483,4623.26708984375,4727.86572265625,4706.94580078125
2023-08-21,4602.34765625,4665.106942471592,4602.34765625,4644.187180397727,91640000,4683.037946428572,4714.417585100447,4682.539762369792,-0.013452912920777105,40.00006224164853,4.973444572393419,26.54757453867109,-21.57412996627767,4665.10693359375,4665.10693359375,4769.70556640625
2023-08-22,4665.10693359375,4706.946457661856,4602.347647491592,4602.347647491592,101221500,4668.095284598215,4706.946254185268,4688.118375651042,0.013636361707382694,41.935510587611695,2.9586071824205646,21.82978106742099,-18.871173885000424,4602.34765625,4623.26708984375,4769.70556640625
2023-08-23,4686.0263671875,4706.946127755302,4665.106606619699,4686.0263671875,78686900,4662.118233816965,4700.969168526785,4693.69697265625,0.004484234529139597,43.749995441280404,3.0151012839951363,18.06684511073582,-15.051743826740683,4665.10693359375,4665.10693359375,4727.86572265625
2023-08-24,4644.18701171875,4706.946295660895,4644.18701171875,4706.946295660895,74407500,4650.164132254465,4692.003557477678,4697.18359375,-0.008928536075195281,41.17647866458522,-0.31260948617091344,14.390954191354474,-14.703563677525388,4686.0263671875,4602.34765625,4727.86572265625
2023-08-25,4686.0263671875,4686.0263671875,4623.267085484096,4644.186846051897,65096500,4653.152622767857,4693.497802734375,4701.367545572916,0.009008973015766975,51.61287650914239,0.42138461432568874,11.597040275948718,-11.17565566162303,4644.18701171875,4665.10693359375,4665.10693359375
2023-08-28,4644.18701171875,4706.946295660895,4644.18701171875,4686.026534346847,37126600,4656.141183035715,4684.532191685268,4704.156852213541,-0.008928536075195281,39.28572619420752,-2.3459632886533655,8.808439563028301,-11.154402851681667,4686.0263671875,4686.0263671875,4623.26708984375
2023-08-29,4686.0263671875,4686.0263671875,4623.267085484096,4623.267085484096,57547200,4659.129673549107,4683.037946428572,4706.248828125,0.009008973015766975,48.14817696379343,-1.1497663286527313,6.816798384692095,-7.966564713344827,4644.18701171875,4644.18701171875,4665.10693359375
2023-08-30,4623.26708984375,4686.026371606335,4602.347329256221,4686.026371606335,171282700,4662.1181640625,4672.578055245535,4704.854166666667,-0.013392856212505189,37.037011423107984,-5.205910306744045,4.412256646404868,-9.618166953148911,4686.0263671875,4686.0263671875,4602.34765625
2023-08-31,4644.18701171875,4644.18701171875,4581.427727776605,4623.267250404701,175088200,4659.129603794643,4663.612444196428,4702.76220703125,0.004524921763866097,39.28570833145774,-6.655648598049993,2.198675597513896,-8.854324195563889,4623.26708984375,4644.18701171875,4665.10693359375
2023-09-01,4665.10693359375,4686.026695627803,4623.267409525644,4686.026695627803,87366100,4656.14111328125,4659.129673549107,4701.367578125,0.00450453907696069,44.44448286533803,-6.046809917756036,0.5495784944599096,-6.596388412215946,4644.18701171875,4686.0263671875,4686.0263671875
2023-09-04,4706.94580078125,4706.94580078125,4665.106282552083,4686.026041666667,43898200,4665.106654575893,4657.635393415178,4701.367578125,0.008968469058279416,48.2758454168491,-2.1633165901157554,0.006999477544776589,-2.170316067660532,4665.10693359375,4623.26708984375,4644.18701171875
2023-09-05,4706.94580078125,4727.865559895833,4686.026041666667,4706.94580078125,72464300,4668.095145089285,4660.623883928572,4702.064892578125,0.0,53.84609860189203,0.9039595678941623,0.18639149561465376,0.7175680722795086,4706.94580078125,4644.18701171875,4686.0263671875
2023-09-06,4665.10693359375,4727.8662196959085,4665.10693359375,4706.946457661856,106367800,4671.083705357143,4663.612444196428,4699.972932942708,-0.00888875057379157,53.84619527942459,-0.04077882546334877,0.14095743139905328,-0.18173625686240205,4706.94580078125,4665.10693359375,4644.18701171875
2023-09-07,4560.5078125,4644.186854931193,4560.5078125,4623.267094323394,157998600,4653.152483258928,4656.141078404018,4693.697021484375,-0.02242159131241439,41.37926038843813,-9.124583194399747,-1.712150693760707,-7.41243250063904,4665.10693359375,4706.94580078125,4686.0263671875
2023-09-08,4476.8291015625,4560.508150189837,4434.989577248832,4539.588388033002,243324500,4632.232770647322,4647.17546735491,4685.329134114583,-0.018348551165320526,39.999968879006246,-22.812764889356913,-5.9322735328799485,-16.880491356476966,4560.5078125,4706.94580078125,4623.26708984375
2023-09-11,4539.58837890625,4539.58837890625,4434.989568332373,4476.829092561924,80474100,4617.290108816965,4638.209856305803,4677.658561197916,0.014018689550120644,39.999968879006246,-28.27071115981471,-10.399961058266902,-17.870750101547806,4476.8291015625,4665.10693359375,4644.18701171875
2023-09-12,4497.74853515625,4581.427577670785,4497.74853515625,4560.507817042151,121654400,4593.381766183035,4624.761439732143,4669.98798828125,-0.009216660247086228,35.48384182220245,-35.5623578969562,-15.432440426004762,-20.12991747095144,4539.58837890625,4560.5078125,4665.10693359375
2023-09-13,4518.66845703125,4539.588218406395,4476.828934280961,4476.828934280961,59408000,4566.485002790178,4615.795828683035,4661.620084635417,0.00465119864116037,39.99998443952733,-39.20109182466604,-20.18617070573702,-19.014921118929017,4497.74853515625,4476.8291015625,4706.94580078125
2023-09-14,4539.58837890625,4539.58837890625,4455.909330447148,4455.909330447148,76831700,4542.576799665178,4605.335972377232,4653.94951171875,0.004629665148910833,37.93104835951113,-39.93638997373091,-24.136214559335798,-15.800175414395113,4518.66845703125,4539.58837890625,4706.94580078125
2023-09-15,4497.74853515625,4560.507817042151,4497.74853515625,4518.668295784883,141455400,4518.66845703125,4594.876081194197,4644.88427734375,-0.009216660247086228,37.93101783066901,-43.39501406517775,-27.98797446050419,-15.407039604673557,4539.58837890625,4497.74853515625,4665.10693359375
2023-09-18,4455.9091796875,4518.668463908451,4434.9894182805165,4476.828941094484,61329000,4503.725795200893,4578.43913922991,4637.911018880209,-0.009302288721060425,31.034491084665504,-48.94784461222025,-32.17994849084741,-16.767896121372843,4497.74853515625,4518.66845703125,4560.5078125
2023-09-19,4497.74853515625,4497.74853515625,4434.989253270349,4455.909013898982,50612700,4506.714285714285,4569.473528180803,4628.845784505208,0.009389633805706232,39.28570833145774,-49.40293027849657,-35.62454484837724,-13.778385430119329,4455.9091796875,4539.58837890625,4476.8291015625
2023-09-20,4497.74853515625,4560.507817042151,4476.828774527617,4476.828774527617,98710100,4500.737165178572,4559.013636997768,4621.872542317708,0.0,37.037011423107984,-49.19648252098159,-38.338932382898115,-10.857550138083475,4497.74853515625,4497.74853515625,4539.58837890625
2023-09-21,4476.8291015625,4539.588388033002,4476.8291015625,4539.588388033002,68584900,4497.748674665178,4545.565220424107,4612.109993489584,-0.004651090079900055,33.333304517638226,-50.14287875239006,-40.699721656796505,-9.443157095593556,4497.74853515625,4455.9091796875,4497.74853515625
2023-09-22,4476.8291015625,4539.588388033002,4476.8291015625,4476.8291015625,83184100,4491.771623883928,4529.128313337053,4602.347444661458,0.0,28.00004854862938,-50.31292846357974,-42.62236301815315,-7.690565445426586,4476.8291015625,4497.74853515625,4518.66845703125
2023-09-25,4434.9892578125,4476.828779112619,4351.310215212265,4455.909018462559,120196700,4476.828892299107,4509.702845982143,4592.584895833334,-0.009345865745779114,25.925954741571203,-53.210442941423025,-44.73997900280713,-8.470463938615893,4476.8291015625,4497.74853515625,4539.58837890625
2023-09-26,4351.310546875,4414.069833608774,4351.310546875,4393.150071364183,180280600,4455.9091796875,4487.288818359375,4580.033056640625,-0.01886784974509126,24.137944911212927,-61.54941335706735,-48.10186587365918,-13.447547483408172,4434.9892578125,4476.8291015625,4497.74853515625
2023-09-27,4372.22998046875,4434.989262485048,4330.390459124552,4330.390459124552,119774700,4443.955008370535,4473.840401785715,4570.270491536458,0.004807616778529811,31.999988796470134,-65.7125901953832,-51.62401073800399,-14.088579457379211,4351.310546875,4476.8291015625,4455.9091796875
2023-09-29,4372.22998046875,4455.909023157147,4372.22998046875,4434.989262485048,140331100,4426.023786272322,4466.369035993303,4561.902587890625,0.0,38.0952010465513,-68.22547700380255,-54.94430399116371,-13.281173012638845,4372.22998046875,4434.9892578125,4497.74853515625
2023-10-02,4393.14990234375,4434.989425223214,4393.14990234375,4393.14990234375,81674600,4411.081124441965,4455.909144810268,4552.837353515625,0.004784725864936501,31.578934437305747,-67.7479389747441,-57.50503098787979,-10.24290798686431,4372.22998046875,4351.310546875,4497.74853515625
2023-10-03,4414.06982421875,4434.989586418838,4393.150062018661,4393.150062018661,54462700,4402.115513392857,4449.932094029018,4546.56142578125,0.004761941281320459,38.888932112356805,-64.9329175320363,-58.9906082967111,-5.942309235325197,4393.14990234375,4372.22998046875,4476.8291015625
2023-10-04,4393.14990234375,4414.069663783483,4351.310379464286,4393.14990234375,121445000,4390.161342075893,4440.96648297991,4537.49619140625,-0.00473937266697011,33.33333333333333,-63.6562658101775,-59.92373979940439,-3.732526010773114,4414.06982421875,4372.22998046875,4476.8291015625
2023-10-05,4330.39013671875,4414.069173177083,4330.39013671875,4393.1494140625,116814800,4375.218610491072,4426.02375139509,4525.641650390625,-0.014285823843961598,24.999941648363702,-66.93708960148251,-61.32640975982001,-5.6106798416625026,4393.14990234375,4393.14990234375,4434.9892578125
2023-10-06,4330.39013671875,4393.1494140625,4330.39013671875,4351.309895833333,70202300,4372.22998046875,4414.069580078125,4515.181754557291,0.0,27.77773455430986,-68.74471975590586,-62.810071759037186,-5.9346479968686765,4330.39013671875,4414.06982421875,4351.310546875
2023-10-09,4288.55029296875,4372.229323075458,4288.55029296875,4351.3095655487805,144477000,4360.275739397322,4402.115373883928,4501.932552083334,-0.009661910920040873,27.777698534856015,-72.71518995089991,-64.79109539740973,-7.924094553490178,4330.39013671875,4393.14990234375,4372.22998046875
2023-10-10,4330.39013671875,4393.1494140625,4288.550618489583,4288.550618489583,98457000,4354.298618861607,4390.161202566965,4491.47265625,0.009756174206140944,27.777792185563058,-71.65964271106986,-66.16480486014177,-5.494837850928093,4288.55029296875,4330.39013671875,4372.22998046875
2023-10-11,4393.14990234375,4414.069663783483,4309.470856584821,4309.470856584821,100394800,4354.298618861607,4382.689871651785,4481.710107421875,0.014492866380061198,38.09529631440892,-65.00953587546519,-65.93375106320646,0.9242151877412681,4330.39013671875,4330.39013671875,4393.14990234375
2023-10-12,4434.9892578125,4497.748539762677,4414.069497162442,4434.9892578125,174022400,4357.287109375,4379.701311383928,4475.4341796875,0.009523771416592997,45.45452616480154,-55.72087639849087,-63.89117613026335,8.170299731772474,4393.14990234375,4288.55029296875,4414.06982421875
2023-10-13,4414.06982421875,4455.909348618928,4393.150062018661,4414.06982421875,84648800,4360.275669642857,4375.218505859375,4467.763606770834,-0.004716907387520508,43.478278518419295,-49.47722762032299,-61.00838642827528,11.531158807952288,4434.9892578125,4330.39013671875,4393.14990234375
2023-10-16,4393.14990234375,4455.909186662946,4393.14990234375,4455.909186662946,45782300,4369.241350446428,4372.22998046875,4458.698372395834,-0.00473937266697011,45.454574389192025,-45.690462628934256,-57.94480166840708,12.254339039472825,4414.06982421875,4393.14990234375,4330.39013671875
2023-10-17,4309.470703125,4414.069506598908,4309.470703125,4393.149745904126,127287200,4366.252859933035,4369.241420200893,4445.449202473958,-0.019047653979234136,45.45452616480154,-48.87819868299994,-56.13148107132565,7.253282388325715,4393.14990234375,4434.9892578125,4330.39013671875
2023-10-18,4309.470703125,4372.229985209345,4288.550942430218,4288.550942430218,77217600,4369.241489955357,4364.75861467634,4432.200032552083,0.0,42.85717461301892,-50.8186961762658,-55.06892409231369,4.2502279160478835,4309.470703125,4414.06982421875,4288.55029296875
2023-10-19,4183.9521484375,4309.470712890625,4183.9521484375,4267.63119140625,195831400,4348.32177734375,4351.310198102678,4416.161539713542,-0.02912621139215088,33.33339096442462,-61.77277468678676,-56.409694211208304,-5.363080475578457,4309.470703125,4393.14990234375,4330.39013671875
2023-10-20,4225.791015625,4267.630530631189,4150.4798886138615,4167.215694616337,173353600,4324.413364955357,4339.355991908482,4405.004313151042,0.009999843617505277,35.714244034594145,-66.31349323492395,-58.390454015951434,-7.923039218972519,4183.9521484375,4309.470703125,4393.14990234375
2023-10-23,4183.9521484375,4246.711430664062,4175.584244140625,4183.9521484375,82756100,4288.550920758928,4322.919015066965,4395.241748046875,-0.00990083679784437,31.03446610654447,-72.45290038320854,-61.20294328940285,-11.24995709380569,4225.791015625,4309.470703125,4434.9892578125
2023-10-24,4267.630859375,4267.630859375,4142.1123046875,4183.951822916667,104021500,4267.631068638393,4313.953369140625,4386.176497395833,0.01999992064171896,40.624961250826956,-69.7620783262164,-62.91477029676557,-6.847308029450829,4183.9521484375,4183.9521484375,4414.06982421875
2023-10-25,4330.39013671875,4351.309895833333,4267.630859375,4267.630859375,142215000,4258.665387834822,4313.953369140625,4380.597884114583,0.014705882352941124,50.0,-61.852436888601915,-62.702303615132834,0.8498667265309194,4267.630859375,4225.791015625,4393.14990234375
2023-10-26,4117.0087890625,4330.390342154154,4117.0087890625,4330.390342154154,330618800,4231.170828683035,4298.711844308035,4367.209228515625,-0.04927531721609146,37.91469141886537,-71.9724271777086,-64.55632832764799,-7.416098850060607,4330.39013671875,4183.9521484375,4309.470703125
2023-10-27,4183.9521484375,4225.791669921875,4133.74472265625,4142.112626953125,129599800,4213.239606584822,4291.24054827009,4355.3546875,0.016260193457163785,44.239660581054345,-73.74078489364456,-66.3932196408473,-7.347565252797253,4117.0087890625,4267.630859375,4309.470703125
2023-10-30,4183.9521484375,4204.871909179688,4158.8484355468745,4167.21633984375,108523700,4213.239606584822,4280.780691964285,4344.894807942708,0.0,41.545899167007285,-74.28589951560389,-67.97175561579863,-6.314143899805259,4183.9521484375,4330.39013671875,4183.9521484375
2023-10-31,4150.48046875,4183.952085433468,4150.48046875,4167.216277091734,106760300,4202.48095703125,4263.447160993303,4334.713850911458,-0.008000014938029376,35.499955360868,-76.53652616582167,-69.68470972580323,-6.851816440018439,4183.9521484375,4117.0087890625,4225.791015625
2023-11-01,4041.697265625,4150.480007763976,4041.697265625,4117.008394798137,191567200,4182.158830915178,4235.354875837053,4319.512141927084,-0.026209785576406297,28.240683709702168,-86.105488877065,-72.96886555605559,-13.13662332100941,4150.48046875,4183.9521484375,4183.9521484375
2023-11-02,4183.9521484375,4246.711430664062,4108.641009765624,4133.74472265625,208075400,4170.204729352678,4218.917898995535,4309.052262369792,0.03519681793646212,38.77549076161592,-81.27331244211837,-74.62975493326815,-6.643557508850222,4041.697265625,4183.9521484375,4267.630859375
2023-11-03,4267.630859375,4330.39013671875,4204.87158203125,4204.87158203125,125504000,4161.239118303572,4209.952253069197,4302.078987630209,0.01999992064171896,44.23074247184192,-69.8860028249428,-73.68100451160308,3.795001686660271,4183.9521484375,4150.48046875,4330.39013671875
2023-11-06,4351.310546875,4351.310546875,4267.631497896635,4267.631497896635,122333800,4194.710797991072,4212.940813337053,4297.895035807292,0.019607995690671176,51.92309246051161,-53.49259710977731,-69.64332303123793,16.15072592146062,4267.630859375,4041.697265625,4117.0087890625
2023-11-07,4393.14990234375,4414.069663783483,4330.390618024554,4372.230140904018,137039400,4224.59619140625,4218.917898995535,4296.500390625,0.009615345771815331,53.70371250848802,-36.70154607492077,-63.0549676399745,26.35342156505373,4351.310546875,4183.9521484375,4183.9521484375
2023-11-08,4372.22998046875,4393.149741140849,4330.390459124552,4351.310219796651,86713700,4251.493024553572,4232.366315569197,4297.197705078125,-0.00476194128132057,59.183676385757614,-24.796738649321924,-55.40332184184398,30.60658319252206,4393.14990234375,4267.630859375,4183.9521484375
2023-11-09,4351.310546875,4414.069833608774,4351.310546875,4372.230309119592,66236400,4280.183035714285,4241.331996372768,4296.500390625,-0.004784614187085201,56.25004862640141,-16.85581313361854,-47.6938201001989,30.83800696658036,4372.22998046875,4351.310546875,4150.48046875
2023-11-10,4246.7109375,4309.470212438424,4225.791179187192,4309.470212438424,113811900,4309.470703125,4245.81476702009,4292.316422526042,-0.024038644966427603,52.94114954943411,-18.786329638311145,-41.91232200782135,23.125992369510207,4351.310546875,4393.14990234375,4041.697265625
2023-11-13,4204.87158203125,4288.550618489583,4204.87158203125,4246.711100260417,63126900,4312.459193638393,4241.331961495535,4286.040478515625,-0.009852178800137557,46.93878037081125,-23.422365744756462,-38.21433075520837,14.79196501045191,4246.7109375,4372.22998046875,4183.9521484375
2023-11-14,4246.7109375,4288.550454125616,4225.791179187192,4246.7109375,85419500,4309.470633370535,4235.354875837053,4280.461848958334,0.009950210048635721,45.833331307236236,-23.45005381646115,-35.26147536745893,11.811421550997778,4204.87158203125,4351.310546875,4267.630859375
2023-11-15,4393.14990234375,4434.989425223214,4330.390618024554,4351.310379464286,193790400,4315.447684151785,4255.079241071428,4280.461848958334,0.03448291324720043,64.73212215686038,-11.522768884346988,-30.51373407083654,18.990965186489554,4246.7109375,4246.7109375,4351.310546875
2023-11-16,4393.14990234375,4414.069663783483,4330.390618024554,4414.069663783483,99488800,4315.447684151785,4270.021937779018,4282.553841145834,0.0,62.019209998760026,-2.0467163718994925,-24.820330531049134,22.77361415914964,4393.14990234375,4204.87158203125,4393.14990234375
2023-11-17,4372.22998046875,4393.149741140849,4330.390459124552,4330.390459124552,70727500,4315.447684151785,4283.470354352678,4283.948502604167,-0.00476194128132057,60.56335250076021,3.732040021008288,-19.10985642063765,22.84189644164594,4393.14990234375,4246.7109375,4372.22998046875
2023-11-20,4393.14990234375,4414.069663783483,4330.390618024554,4330.390618024554,54123600,4321.424734933035,4300.80388532366,4287.43515625,0.004784725864936501,63.809498404780605,9.885851019485017,-13.310714932613118,23.196565952098133,4372.22998046875,4393.14990234375,4351.310546875
2023-11-21,4351.310546875,4393.150071364183,4330.390784630409,4372.230309119592,104110500,4336.367536272322,4322.91911969866,4288.132503255209,-0.009523771416593108,69.07217425096461,11.256941239936168,-8.397183698103262,19.65412493803943,4393.14990234375,4393.14990234375,4246.7109375
2023-11-22,4414.06982421875,4434.989586418838,4330.390775418395,4330.390775418395,103585500,4366.252999441965,4339.356096540178,4288.829833984375,0.014423074765100852,65.71427999821277,17.209311072669152,-3.27588474394878,20.48519581661793,4351.310546875,4372.22998046875,4204.87158203125
2023-11-23,4476.8291015625,4518.668625876168,4434.989577248832,4455.909339405666,174572400,4399.127022879465,4354.298828125,4290.224495442709,0.01421800738162493,64.70589446744944,26.68316926450916,2.7159260577428084,23.96724320676635,4414.06982421875,4393.14990234375,4246.7109375
2023-11-24,4518.66845703125,4560.50797978154,4497.748695656105,4518.66845703125,92571400,4417.058244977678,4366.252964564732,4293.711116536459,0.009345756677231032,62.49997264768246,37.13923843494467,9.600588533183181,27.53864990176149,4476.8291015625,4351.310546875,4393.14990234375
2023-11-27,4476.8291015625,4560.508150189837,4476.8291015625,4539.588388033002,76019100,4429.012416294643,4372.230050223215,4296.500423177084,-0.009259222239163423,56.250004558719596,41.5704638338193,15.994563593310406,25.575900240508897,4518.66845703125,4414.06982421875,4393.14990234375
2023-11-28,4476.8291015625,4539.588388033002,4455.909339405666,4455.909339405666,147993400,4443.955147879465,4379.701416015625,4302.079036458334,0.0,58.06453313054576,44.56848414537217,21.70934770372276,22.859136441649408,4476.8291015625,4476.8291015625,4372.22998046875
2023-11-29,4434.9892578125,4497.748539762677,4434.9892578125,4476.828779112619,106197800,4449.932198660715,4385.678466796875,4306.26298828125,-0.009345865745779114,56.24996353026987,43.07180615134348,25.981839393246908,17.089966758096573,4476.8291015625,4518.66845703125,4393.14990234375
2023-11-30,4414.06982421875,4497.748873019105,4414.06982421875,4497.748873019105,224426400,4458.897809709822,4397.632672991072,4313.933577473958,-0.004716907387520508,64.28577978248165,39.73956166818607,28.733383848234745,11.006177819951326,4434.9892578125,4476.8291015625,4351.310546875
2023-12-01,4476.8291015625,4497.748863719335,4414.069815091998,4414.069815091998,99499500,4467.863420758928,4417.058210100447,4322.301513671875,0.01421800738162493,72.4138347336388,41.68239439207173,31.323185957002146,10.359208435069583,4414.06982421875,4476.8291015625,4414.06982421875
2023-12-04,4602.34765625,4665.106942471592,4560.508132102273,4560.508132102273,235595700,4485.794642857143,4442.460832868303,4336.248030598958,0.02803737910024129,75.75761648048368,52.742419898482694,35.607032745298255,17.13538715318444,4476.8291015625,4434.9892578125,4476.8291015625
2023-12-05,4560.5078125,4602.3473337155965,4539.588051892202,4539.588051892202,114689900,4491.771693638393,4454.414969308035,4346.010595703125,-0.009090978534222915,64.28569642295955,57.468977475888096,39.97942169141623,17.489555784471868,4602.34765625,4414.06982421875,4518.66845703125
2023-12-06,4539.58837890625,4560.508141021025,4518.668616791474,4539.58837890625,119716700,4500.7373046875,4464.874860491072,4352.983870442708,-0.004587084257681062,62.06898216933099,58.84841702932954,43.75322075899889,15.095196270330646,4560.5078125,4476.8291015625,4476.8291015625
2023-12-07,4581.42724609375,4581.42724609375,4518.66796875,4518.66796875,102126600,4515.679896763393,4479.817522321428,4368.464485677084,0.00921644512570996,66.66666666666666,62.59611073396991,47.521798753993096,15.074311979976812,4539.58837890625,4602.34765625,4476.8291015625
2023-12-08,4497.74853515625,4560.507817042151,4497.74853515625,4539.588056413518,130542600,4524.6455078125,4487.288853236607,4378.924365234375,-0.018264769130372338,57.57576186239159,58.14376720003929,49.64619244320234,8.497574756836954,4581.42724609375,4560.5078125,4434.9892578125
2023-12-11,4434.9892578125,4497.748539762677,4434.9892578125,4455.909018462559,124468600,4527.633998325893,4493.265904017857,4387.292268880208,-0.013953487362220796,55.8823408266183,48.98641874916757,49.514237704395384,-0.527818955227815,4497.74853515625,4539.58837890625,4414.06982421875
2023-12-12,4455.9091796875,4518.668463908451,4455.9091796875,4497.748702501467,134501600,4524.645438058035,4496.254429408482,4397.473225911458,0.004717017485025066,53.12499316190066,42.922433887383704,48.19587694099305,-5.273443053609348,4434.9892578125,4581.42724609375,4476.8291015625
2023-12-13,4434.9892578125,4476.828779112619,4414.069497162442,4434.9892578125,98881600,4500.737095424107,4493.265869140625,4410.582958984375,-0.00469487169315852,46.666635545721334,36.013478374447914,45.759397227684026,-9.745918853236113,4455.9091796875,4497.74853515625,4602.34765625
2023-12-14,4644.18701171875,4644.18701171875,4539.588205148508,4560.507966462556,239261700,4512.691266741072,4502.231480189732,4425.92412109375,0.04716984455773732,57.894743307670865,46.878208943735444,45.98315957089431,0.895049372841136,4434.9892578125,4434.9892578125,4560.5078125
2023-12-15,4644.18701171875,4686.026534346847,4644.18701171875,4665.106773032799,252448800,4527.633928571428,4514.185616629465,4438.475992838542,0.0,61.111107509153115,54.85623763541298,47.757775183798046,7.098462451614935,4644.18701171875,4455.9091796875,4539.58837890625
2023-12-18,4602.34765625,4665.106942471592,4602.34765625,4665.106942471592,102780900,4530.62255859375,4523.151227678572,4446.843896484375,-0.009008973015767086,57.894743307670865,57.144075203917055,49.63503518782185,7.509040016095206,4644.18701171875,4434.9892578125,4581.42724609375
2023-12-19,4644.18701171875,4644.18701171875,4560.507966462556,4560.507966462556,135207300,4551.542340959822,4538.09392438616,4455.211800130209,0.00909087244027118,63.15792383190515,61.622938405193054,52.0326158312961,9.590322573896955,4602.34765625,4644.18701171875,4497.74853515625
2023-12-20,4644.18701171875,4769.705579603041,4644.18701171875,4769.705579603041,138470900,4581.427734375,4554.530866350447,4464.277034505209,0.0,64.8648699796999,64.4297635525727,54.512045375551416,9.917718177021278,4644.18701171875,4644.18701171875,4434.9892578125
2023-12-21,4665.10693359375,4686.026695627803,4623.267409525644,4644.187171559697,99049600,4611.313127790178,4567.979282924107,4474.7369140625,0.00450453907696069,62.85715428931923,67.56342644094548,57.122321588630236,10.441104852315242,4644.18701171875,4602.34765625,4455.9091796875
2023-12-22,4748.78515625,4769.704914647577,4686.025881057269,4727.865397852423,109411300,4656.14111328125,4578.439104352678,4491.472721354166,0.01793704278323771,60.60602416967149,75.92380770280852,60.882618811465896,15.041188891342621,4665.10693359375,4644.18701171875,4434.9892578125
2023-12-27,4706.94580078125,4790.624837239583,4706.94580078125,4769.705078125,122236700,4665.106654575893,4588.898960658482,4508.208528645833,-0.008810538715082528,60.60606703601618,78.27112298222801,64.36031964561832,13.910803336609689,4748.78515625,4644.18701171875,4644.18701171875
2023-12-28,4790.62548828125,4811.54525023881,4748.7859643661295,4769.70572632369,121434600,4686.026436941965,4606.830182756697,4526.339013671875,0.017777916092875046,66.66668827842865,85.89351175690445,68.66695806787554,17.226553689028904,4706.94580078125,4665.10693359375,4644.18701171875
2023-12-29,4790.62548828125,4811.54525023881,4748.7859643661295,4811.54525023881,93126000,4712.923270089285,4621.772914341518,4539.588199869791,0.0,64.70593484928784,90.88662533527622,73.11089152135568,17.77573381392054,4790.62548828125,4748.78515625,4602.34765625
2024-01-02,4819.49951171875,4819.49951171875,4777.036960954708,4798.268236336729,91143100,4737.967912946428,4644.755126953125,4553.799853515625,0.00602719279729369,74.5062642995915,96.06620479100548,77.70195417528565,18.364250615719826,4790.62548828125,4706.94580078125,4644.18701171875
2024-01-03,4755.80615234375,4798.268707275391,4755.80615234375,4777.03742980957,83659700,4753.913504464285,4667.670619419643,4566.585725911458,-0.013215762180310953,74.40040048813205,93.94855655357424,80.95127465094338,12.99728190263086,4819.49951171875,4790.62548828125,4644.18701171875
2024-01-04,4840.7314453125,4840.7314453125,4734.575053967928,4755.8063322368425,92683500,4779.002720424107,4695.157924107143,4581.505110677083,0.01785718135860037,76.67167533030107,97.99345886587435,84.35971149392958,13.633747371944764,4755.80615234375,4790.62548828125,4665.10693359375
2024-01-05,4883.19384765625,4968.118958050271,4840.731292459239,4861.962570057744,134929600,4798.203962053572,4727.17253766741,4599.234554036459,0.008771897971094456,80.16389768651757,103.43312144719584,88.17439348458284,15.258727962613008,4840.7314453125,4819.49951171875,4748.78515625
2024-01-08,4777.037109375,4925.656041666666,4777.037109375,4883.193489583333,152015000,4808.217006138393,4736.661830357143,4611.333463541667,-0.0217392021683106,60.380410688491914,98.04789652468753,90.14909409260379,7.898802432083741,4883.19384765625,4755.80615234375,4706.94580078125
2024-01-09,4840.7314453125,4840.7314453125,4777.037610505757,4777.037610505757,105666200,4815.375,4750.700718470982,4623.463541666667,0.013333439636149969,63.9670168226141,97.79237791061769,91.67775085620657,6.114627054411116,4777.037109375,4840.7314453125,4790.62548828125
2024-01-10,4840.7314453125,4840.7314453125,4777.037610505757,4777.037610505757,82626400,4822.532993861607,4767.728131975447,4634.198974609375,0.0,68.01127433980919,96.47774221115469,92.6377491271962,3.8399930839584897,4840.7314453125,4883.19384765625,4790.62548828125
2024-01-11,4883.19384765625,4925.656402853261,4840.731292459239,4883.19384765625,116804400,4831.632184709822,4784.800048828125,4647.744466145833,0.008771897971094456,68.04136326577549,97.73560967391222,93.65732123653942,4.078288437372805,4840.7314453125,4777.037109375,4819.49951171875
2024-01-12,4968.11865234375,4968.11865234375,4904.424823467548,4925.656099759615,109715700,4861.962541852678,4807.938023158482,4664.120784505209,0.017391241744019847,71.6731613102192,104.38195054232438,95.80224709769641,8.579703444627967,4883.19384765625,4840.7314453125,4755.80615234375
2024-01-15,4946.88720703125,5010.581033731223,4904.424655897935,4968.118482597908,115126700,4877.127650669643,4828.065185546875,4681.184049479167,-0.004273538294517931,68.84510133038997,106.70598321438683,97.9829943210345,8.722988893352337,4968.11865234375,4840.7314453125,4840.7314453125
2024-01-16,4946.88720703125,4989.349758164565,4904.424655897935,4946.88720703125,97074300,4886.226702008928,4842.21533203125,4698.94462890625,0.0,64.91858471771059,107.31078393222015,99.84855224327163,7.4622316889485205,4946.88720703125,4883.19384765625,4883.19384765625
2024-01-17,4904.4248046875,4946.887357109037,4883.193528476731,4946.887357109037,107941600,4904.424944196428,4856.32097516741,4713.197819010416,-0.008583660909712298,64.85772203906886,103.17440158478621,100.51372211157454,2.6606794732116725,4946.88720703125,4968.11865234375,4777.037109375
2024-01-18,4883.19384765625,4925.656402853261,4840.731292459239,4925.656402853261,87259100,4910.491001674107,4862.933000837053,4722.559358723958,-0.004328939249095609,57.68689311334174,97.06423193020237,99.82382407530011,-2.7595921450977414,4904.4248046875,4946.88720703125,4840.7314453125
2024-01-19,4925.65625,4925.65625,4840.73114224138,4883.193696120689,75370700,4922.623116629465,4872.578055245535,4734.730973307292,0.008695620872009924,60.47431219277919,94.5582310267664,98.77070546559337,-4.212474438826959,4883.19384765625,4946.88720703125,4840.7314453125
2024-01-22,4904.4248046875,4925.656080898269,4840.730976055195,4904.4248046875,97545600,4925.656110491072,4878.644147600447,4746.8921875,-0.004310379010411092,56.66668455416808,89.82357677804248,96.9812797280832,-7.157702950040715,4925.65625,4904.4248046875,4883.19384765625
2024-01-23,4840.7314453125,4883.194001850329,4798.268888774672,4840.7314453125,122999700,4907.457938058035,4884.710239955357,4755.535660807292,-0.012986917306617496,56.66668455416808,80.00950758142972,93.5869252987525,-13.577417717322788,4904.4248046875,4883.19384765625,4968.11865234375
2024-01-24,4798.2685546875,4840.731108268806,4734.574724315542,4819.499831478153,104225000,4886.226702008928,4881.677176339285,4765.552994791667,-0.008771998840406359,46.428542094118534,68.0212796700489,88.47379617301179,-20.452516502962894,4840.7314453125,4925.65625,4946.88720703125
2024-01-25,4692.1123046875,4798.26869167138,4692.1123046875,4734.574859481052,120478800,4849.830287388393,4868.02849469866,4774.123763020833,-0.022123865888309724,35.483863788279976,49.385317293097614,80.65610039702895,-31.270783103931336,4798.2685546875,4904.4248046875,4946.88720703125
2024-01-26,4607.1875,4649.650057603687,4585.9562211981565,4628.418778801844,185244400,4807.367815290178,4855.896379743303,4779.166373697916,-0.018099482530002264,36.66669733097831,27.44706813616449,70.01429394485605,-42.56722580869156,4692.1123046875,4840.7314453125,4904.4248046875
2024-01-29,4734.5751953125,4734.5751953125,4585.956242993274,4585.956242993274,145629600,4786.136579241072,4848.31379045759,4789.152571614583,0.027649774469239663,42.424238200505684,20.10817548103205,60.03307025209125,-39.9248947710592,4607.1875,4798.2685546875,4883.19384765625
2024-01-30,4777.037109375,4798.268385416666,4649.649453125,4692.112005208333,150513700,4764.9052734375,4843.764195033482,4793.580908203125,0.008968473899102936,45.714240656462444,17.516453007141536,51.529746803101304,-34.01329379595977,4734.5751953125,4692.1123046875,4925.65625
2024-01-31,4840.7314453125,4904.425280119243,4819.500167043586,4861.962723581415,245117200,4755.806222098215,4840.731166294643,4800.132389322916,0.013333439636149969,47.22222754588948,20.367313160708363,45.29726007462271,-24.92994691391435,4777.037109375,4607.1875,4904.4248046875
2024-02-01,4883.19384765625,4925.656402853261,4861.962570057744,4904.425125254756,156633900,4761.872279575893,4834.665108816965,4809.493929036458,0.008771897971094456,44.11765899562628,25.756101067296186,41.389028273157415,-15.632927205861229,4840.7314453125,4734.5751953125,4840.7314453125
2024-02-02,4968.11865234375,4968.11865234375,4883.1935471754805,4925.656099759615,177209700,4786.136579241072,4836.181640625,4820.291650390625,0.017391241744019847,51.351364790796715,36.45919736727501,40.40306209198094,-3.943864724705932,4883.19384765625,4777.037109375,4798.2685546875
2024-02-05,4904.4248046875,4946.887357109037,4883.193528476731,4925.656080898269,113760000,4816.466936383928,4833.14861188616,4828.966243489584,-0.012820516600625442,47.5000043121713,39.34833400160733,40.192116473906225,-0.8437824722988978,4968.11865234375,4840.7314453125,4692.1123046875
2024-02-06,4946.88720703125,5010.581033731223,4925.655931464592,5010.581033731223,126704300,4864.995465959822,4836.181640625,4838.358919270833,0.008657978057521776,52.4999956878287,44.55080267414178,41.063853713953336,3.4869489601884425,4904.4248046875,4883.19384765625,4607.1875
2024-02-07,4968.11865234375,5010.581204927885,4946.887376051683,4968.11865234375,147005300,4898.358816964285,4842.247698102678,4845.670035807291,0.004291879807229559,54.99998850088313,49.81278598753306,42.81364016866928,6.999145818863781,4946.88720703125,4968.11865234375,4734.5751953125
2024-02-12,5116.73779296875,5116.73779296875,4968.118852924014,4989.350130073262,171514600,4946.887486049107,4855.896379743303,4859.329768880209,0.029914571495768927,60.000010221431985,65.22341335144301,47.29559480522403,17.927818546218987,4968.11865234375,4904.4248046875,4777.037109375
2024-02-13,5095.50634765625,5137.9689005533855,5053.0437947591145,5137.9689005533855,145852200,4983.283900669643,4869.545061383928,4869.492464192708,-0.004149410458686331,60.000010221431985,74.86030338825185,52.808536521829595,22.051766866422255,5116.73779296875,4946.88720703125,4840.7314453125
2024-02-15,5201.6630859375,5329.050753348214,5180.431808035714,5329.050753348214,308685100,5028.779506138393,4895.325892857143,4883.193717447916,0.020833403206352186,68.0851011774101,90.02580828410373,60.251990874284424,29.77381740981931,5095.50634765625,4968.11865234375,4883.19384765625
2024-02-16,5222.89404296875,5265.356596163618,5201.662766371316,5222.89404296875,130814400,5065.175990513393,4925.656284877232,4896.640201822916,0.004081570966917747,71.73914021663322,102.57531657498112,68.71665601442376,33.858660560557354,5201.6630859375,5116.73779296875,4968.11865234375
2024-02-19,5180.431640625,5244.125472272029,5159.200363409324,5201.6629178406765,111382900,5104.605538504465,4960.536237444197,4910.794384765625,-0.008130052418144351,76.74420097234331,107.85128879169497,76.54358256987801,31.307706221816957,5222.89404296875,5095.50634765625,4904.4248046875
2024-02-20,5350.28173828125,5350.28173828125,5244.125354585194,5244.125354585194,160872600,5162.233328683035,5013.614397321428,4927.77939453125,0.0327868620684586,87.2340342242776,124.30510628116645,86.0958873121357,38.20921896903074,5180.431640625,5201.6630859375,4946.88720703125
2024-02-21,5350.28173828125,5413.975568498884,5286.587908063616,5371.513015020461,168423000,5216.828055245535,5057.59343610491,4943.348990885416,0.0,85.36584271352021,135.77969142213442,96.03264813413544,39.74704328799898,5350.28173828125,5222.89404296875,4968.11865234375
2024-02-22,5307.8193359375,5350.281890625,5286.588058593749,5307.8193359375,100256000,5244.125418526785,5095.506452287947,4961.041731770833,-0.007936479688523956,80.48781992743787,139.83508994764088,104.79313649683654,35.04195345080434,5350.28173828125,5180.431640625,5116.73779296875
2024-02-23,5201.6630859375,5244.125641741071,5137.969252232143,5201.6630859375,148643000,5259.290666852678,5121.28728376116,4973.072786458333,-0.019999974242011387,69.76745056720026,132.95052936280808,110.42461507003085,22.52591429277723,5307.8193359375,5350.28173828125,5095.50634765625
2024-02-26,5244.12548828125,5265.356765561741,5159.200379159286,5180.431656439777,98920800,5265.356724330357,5147.068115234375,4986.519254557292,0.008163235804053759,69.76745056720026,129.428851264076,114.2254623088399,15.203388955236107,5201.6630859375,5350.28173828125,5201.6630859375
2024-02-27,5201.6630859375,5265.356919642857,5201.6630859375,5201.6630859375,99187500,5262.32373046875,5163.749860491072,4997.134895833334,-0.008097136965665386,63.41466287700947,121.80741494546328,115.74185283616458,6.065562109298696,5244.12548828125,5307.8193359375,5222.89404296875
2024-02-28,5286.587890625,5286.587890625,5180.431507279117,5180.431507279117,97236700,5277.488909040178,5191.047223772322,5007.750537109375,0.016326471608107518,71.42859489614659,121.2227137598502,116.83802502090171,4.384688738948483,5201.6630859375,5201.6630859375,5180.431640625
2024-02-29,5201.6630859375,5265.356919642857,5201.6630859375,5222.894363839286,173774600,5256.257672991072,5209.245500837053,5016.24306640625,-0.016064199904460508,63.63640640166089,112.60853081873029,115.99212618046744,-3.38359536173715,5286.587890625,5244.12548828125,5350.28173828125
2024-03-01,5201.6630859375,5244.125641741071,5159.200530133929,5244.125641741071,76286400,5235.026436941965,5225.92724609375,5024.735595703125,0.0,62.79073374519778,104.57623898943439,113.70894874226083,-9.132709752826443,5201.6630859375,5201.6630859375,5350.28173828125
2024-03-04,5137.96923828125,5201.663071813662,5137.96923828125,5201.663071813662,70354900,5210.762137276785,5227.443777901785,5032.52041015625,-0.012244900641189882,51.282063378429534,92.01039014787057,109.36923702338278,-17.358846875512214,5201.6630859375,5286.587890625,5307.8193359375
2024-03-05,5201.6630859375,5244.125641741071,5159.200530133929,5180.431808035714,115084600,5210.762137276785,5235.026402064732,5043.136051432291,0.012396696963790532,56.097591074438576,86.19779112323522,104.73494784335327,-18.53715672011805,5137.96923828125,5201.6630859375,5201.6630859375
2024-03-06,5265.3564453125,5265.3564453125,5180.431341355847,5180.431341355847,84108800,5213.795131138393,5239.575927734375,5054.459391276042,0.012244806770971506,53.84613570156506,85.74240128344172,100.93643853137097,-15.194037247929245,5201.6630859375,5201.6630859375,5244.12548828125
2024-03-07,5286.587890625,5329.050443963353,5265.356613955823,5265.356613955823,117724700,5225.92724609375,5244.12548828125,5067.198160807292,0.004032290222516943,53.846162918442886,86.10216953892086,97.96958473288095,-11.867415193960085,5265.3564453125,5137.96923828125,5201.6630859375
2024-03-08,5392.744140625,5435.206692913385,5307.819036048228,5329.050312192421,163060000,5241.092424665178,5259.290666852678,5085.598583984375,0.020080296061709912,61.90476972729552,93.87112279276971,97.1498923448587,-3.2787695520889883,5286.587890625,5201.6630859375,5286.587890625
2024-03-13,5435.20703125,5477.669586181641,5392.744476318359,5392.744476318359,195173100,5274.455845424107,5265.35675920759,5106.829866536458,0.007874078487261293,55.55557685022458,102.27550624330343,98.17501512454764,4.100491118755784,5392.744140625,5265.3564453125,5201.6630859375
2024-03-14,5421.982421875,5466.063579776423,5333.820106072154,5444.023000825711,271254000,5305.930036272322,5270.478236607143,5131.158870442709,-0.0024331381121205364,54.61068398369526,106.6396497231417,99.86794204426646,6.771707678875245,5435.20703125,5286.587890625,5201.6630859375
2024-03-15,5267.6982421875,5355.860555864279,5245.657663768306,5289.738820606695,305995800,5324.462751116072,5267.612444196428,5153.175895182291,-0.028455307982010458,47.744412088949794,96.53601390209678,99.20155641583253,-2.665542513735744,5421.982421875,5392.744140625,5137.96923828125
2024-03-18,5289.73876953125,5377.901082356771,5267.69819132487,5289.73876953125,110564700,5337.044991629465,5273.903564453125,5171.68134765625,0.00418409072243997,55.46880447839298,89.27815310218102,97.21687575310223,-7.938722650921207,5267.6982421875,5435.20703125,5201.6630859375
2024-03-19,5289.73876953125,5333.819925944011,5267.69819132487,5289.73876953125,114338600,5340.528180803572,5277.161655970982,5188.771402994792,0.0,52.989886058123155,82.5743800754417,94.28837661757012,-11.713996542128427,5289.73876953125,5421.982421875,5265.3564453125
2024-03-20,5377.9013671875,5377.9013671875,5289.739049692623,5289.739049692623,120885400,5353.572963169643,5289.750104631697,5206.677067057291,0.016666720512563682,60.899181903062825,83.41403144786273,92.11350758362866,-8.699476135765934,5289.73876953125,5267.6982421875,5286.587890625
2024-03-21,5377.9013671875,5466.063684682377,5377.9013671875,5444.023105308658,136020000,5351.452566964285,5296.272495814732,5223.167317708333,0.0,56.30994123633145,83.12129071174877,90.3150642092527,-7.193773497503926,5377.9013671875,5289.73876953125,5392.744140625
2024-03-22,5399.94189453125,5399.94189453125,5333.820157047194,5333.820157047194,46529200,5346.414690290178,5310.435267857143,5237.56142578125,0.004098350980965781,65.00556877230558,83.70290296345047,88.99263196009225,-5.289728996641784,5377.9013671875,5289.73876953125,5435.20703125
2024-03-25,5510.14501953125,5510.14501953125,5399.9421191406245,5510.14501953125,115729600,5359.009347098215,5332.469691685268,5257.752099609375,0.020408205708955407,70.00824055582264,91.99583532061206,89.59327263219622,2.4025626884158413,5399.94189453125,5377.9013671875,5421.982421875
2024-03-26,5554.22607421875,5554.22607421875,5466.063755580357,5554.22607421875,120748400,5399.94189453125,5362.20232282366,5277.996728515625,0.007999980859169753,77.70338162367332,100.96119881972118,91.86685786970122,9.094340950019955,5510.14501953125,5377.9013671875,5267.6982421875
2024-03-27,5510.14501953125,5576.266759765625,5488.1044394531245,5554.2261796875,73308900,5431.428501674107,5384.236746651785,5296.064274088541,-0.007936489098294475,71.08091532343906,103.31835162805692,94.15715662137237,9.161195006684551,5554.22607421875,5399.94189453125,5289.73876953125
2024-03-28,5333.81982421875,5466.063290934918,5311.779246432722,5377.900979790806,288926900,5437.725795200893,5389.126988002232,5303.300341796875,-0.032000100666588316,54.054477642583215,89.9218791124731,93.31010111959252,-3.38822200711941,5510.14501953125,5510.14501953125,5289.73876953125
2024-04-01,5223.6171875,5311.779502900844,5135.454872099156,5289.738924050633,217207800,5415.685198102678,5384.62908063616,5307.570703125,-0.020661109739471106,46.62632120318565,69.61022302597576,88.57012550086917,-18.95990247489341,5333.81982421875,5554.22607421875,5377.9013671875
2024-04-02,5003.21142578125,5245.657794431443,4959.130267844851,5157.495478558645,412180900,5362.158063616072,5356.805315290178,5300.955647786458,-0.04219408769964539,31.406804334480483,35.3210274589801,77.92030589249136,-42.59927843351126,5223.6171875,5510.14501953125,5377.9013671875
2024-04-03,4959.1298828125,5003.211037326389,4870.967573784722,4915.0487282986105,333518700,5299.184919084822,5322.7998046875,5292.163509114584,-0.008810649644266588,27.310920849808994,4.537277903752511,63.24370029474359,-58.70642239099108,5003.21142578125,5333.81982421875,5399.94189453125
2024-04-04,5025.251953125,5069.3331106085525,4981.170795641448,4981.170795641448,131936100,5229.914481026785,5294.4619140625,5286.990852864584,0.01333340159967733,32.00001949526752,-14.358056200385363,47.7233489957178,-62.08140519610316,4959.1298828125,5223.6171875,5510.14501953125
2024-04-05,4981.1708984375,5025.252056830752,4959.130319240874,4959.130319240874,178817800,5148.049455915178,5273.995675223215,5274.687158203125,-0.008771909368661124,35.555580717800055,-32.51490573054616,31.675698050465012,-64.19060378101118,5025.251953125,5003.21142578125,5554.22607421875
2024-04-16,4716.68408203125,4915.0493004344335,4716.68408203125,4738.724661853826,600717500,5034.697893415178,5233.063197544643,5253.567236328125,-0.053097318240820535,26.785748194471694,-67.4684808224174,11.84686227588853,-79.31534309830593,4981.1708984375,4959.1298828125,5510.14501953125
2024-04-17,4672.6025390625,4848.927163178066,4672.6025390625,4826.88658516362,244002000,4940.23828125,5188.982038225447,5232.393343098958,-0.009345875662244096,25.8620946490756,-97.60136523865822,-10.042783227020822,-87.5585820116374,4716.68408203125,5025.251953125,5333.81982421875
2024-04-18,4826.88671875,4848.927297374429,4672.602668378996,4672.602668378996,247410700,4883.5625,5149.62384905134,5219.900797526042,0.03301889651381629,29.50820922408232,-107.78991430492988,-29.592209442602634,-78.19770486232724,4672.6025390625,4981.1708984375,5223.6171875
2024-04-19,4650.56201171875,4738.724324737114,4628.521433464159,4716.683746482523,258211500,4833.184012276785,5097.671037946428,5200.115348307291,-0.03652969653220117,26.08696908528573,-128.60980927039873,-49.395729408161856,-79.21407986223687,4826.88671875,4716.68408203125,5003.21142578125
2024-04-22,4672.6025390625,4694.643117076946,4540.3590709758255,4584.440227004717,342282800,4792.251534598215,5045.718226841518,5182.479996744792,0.004739325545646045,26.08696908528573,-141.69783523278602,-67.8561505730867,-73.84168465969933,4650.56201171875,4672.6025390625,4959.1298828125
2024-04-23,4672.6025390625,4760.764851120283,4606.480805019163,4716.683695091391,281403100,4741.873046875,4985.893763950893,5162.013818359375,0.0,20.312505949486052,-150.33719648271563,-84.35235975501249,-65.98483672770314,4672.6025390625,4826.88671875,5025.251953125
2024-04-24,4606.4814453125,4716.684350702752,4540.359702078349,4628.52202639055,471241400,4688.345982142857,4918.197719029018,5142.174430338541,-0.014150806364811475,16.923098945720966,-160.66729956761537,-99.61534771753307,-61.051951850082304,4672.6025390625,4650.56201171875,4981.1708984375
2024-04-25,4540.359375,4584.440533980583,4452.197057038835,4518.318795509709,479170900,4663.15673828125,4848.927315848215,5120.130973307291,-0.014354137989589622,16.66668344979145,-172.2044138662677,-114.13316094728,-58.07125291898771,4606.4814453125,4672.6025390625,4716.68408203125
2024-04-26,4258.2392578125,4496.277477193323,4258.2392578125,4452.196325456133,782589900,4603.961983816965,4772.100132533482,5090.806640625,-0.06213607643943386,15.536738101995368,-201.7863285611793,-131.66379447005988,-70.1225340911194,4540.359375,4672.6025390625,4672.6025390625
2024-04-29,4205.34228515625,4311.13705962559,4125.996204304245,4143.628666715802,700644800,4515.169921875,4699.3662109375,5057.595947265625,-0.012422264098758906,16.1290490237256,-226.88318457608239,-150.7076724912644,-76.175512084818,4258.2392578125,4606.4814453125,4826.88671875
2024-04-30,4355.21826171875,4452.1968060080335,4249.42348613044,4275.872180027518,565609200,4472.977957589285,4653.080984933035,5027.2580078125,0.03563942395165376,27.384626815412446,-232.00448178988336,-166.9670343509882,-65.03744743889516,4205.34228515625,4540.359375,4650.56201171875
2024-05-02,4196.52587890625,4337.585572314863,4143.62849387802,4328.7693414768255,636922100,4404.967006138393,4598.609270368303,4990.922607421875,-0.03643729734680934,25.35614010118131,-246.03218983941588,-182.78006544867375,-63.252124390742125,4355.21826171875,4258.2392578125,4672.6025390625
2024-05-03,4187.7099609375,4258.239812911184,4152.445034950658,4196.52619243421,321697200,4335.696637834822,4538.78484235491,4950.754801432292,-0.002100765781777536,21.893495584327738,-254.92203786616483,-197.208459932172,-57.71357793399284,4196.52587890625,4205.34228515625,4672.6025390625
2024-05-06,4222.974609375,4267.055763961378,4170.077223871346,4231.790840292276,262707400,4280.909946986607,4484.627964564732,4910.347054036459,0.008420986354462201,24.404750130878483,-256.16878971699407,-209.0005258891364,-47.16826382785766,4187.7099609375,4355.21826171875,4606.4814453125
2024-05-07,4117.18017578125,4214.158723818924,4117.18017578125,4205.342492179136,304013600,4220.455775669643,4441.806256975447,4866.853645833334,-0.025052112167306517,27.33332447183632,-262.6657291492875,-219.73356654116662,-42.93216260812085,4222.974609375,4196.52587890625,4540.359375
2024-05-08,4125.99609375,4178.893479567308,4029.017553084936,4099.547400841346,572275800,4201.563895089285,4402.762939453125,4828.796907552083,0.0021412514372356473,28.76710561954266,-264.0593181070035,-228.59871685433401,-35.46060125266948,4117.18017578125,4187.7099609375,4258.2392578125
2024-05-13,4125.99609375,4143.628555689103,4081.914938902244,4099.547400841346,320067100,4190.228724888393,4352.699323381697,4790.005485026041,0.0,19.06611129979639,-262.14193830912245,-235.30736114529174,-26.834577163830716,4125.99609375,4222.974609375,4205.34228515625
2024-05-14,4170.07763671875,4240.607491039575,4143.628941348441,4161.261404928647,341458900,4163.780064174107,4318.379010881697,4752.683447265625,0.010683854750983324,25.99118534299771,-254.13586879123523,-239.07306267448047,-15.062806116754757,4125.99609375,4117.18017578125,4355.21826171875
2024-05-15,4249.423828125,4293.504988167791,4196.526436073652,4214.158900090768,298990300,4171.3369140625,4288.151960100447,4715.067529296875,0.01902750939397002,30.000009230729475,-238.63756123579697,-238.98596238674378,0.34840115094681323,4170.07763671875,4125.99609375,4196.52587890625
2024-05-16,4267.05615234375,4372.850932980372,4267.05615234375,4346.402237821217,371295000,4182.672084263393,4259.184361049107,4678.03935546875,0.0041493446951677004,31.147541727820254,-222.36892903974604,-235.66255571734425,13.293626677598212,4249.423828125,4125.99609375,4187.7099609375
2024-05-17,4337.5859375,4372.850863821138,4249.423621697154,4267.056084857723,208991800,4199.045131138393,4239.9775390625,4642.627490234375,0.016528909542826264,37.55099881726147,-201.46242318661825,-228.82252921119908,27.36010602458083,4267.05615234375,4170.07763671875,4222.974609375
2024-05-20,4249.423828125,4452.197164321836,4249.423828125,4399.299772270488,335150700,4217.937081473215,4219.196428571428,4600.603450520834,-0.02032515566154125,36.79999680985966,-189.81968888503252,-221.0219611459658,31.202272260933285,4337.5859375,4249.423828125,4117.18017578125
2024-05-21,4125.99609375,4293.504482171475,4125.99609375,4240.607096354167,271568800,4217.937081473215,4209.75048828125,4552.995784505209,-0.0290457575820251,42.990664364332034,-188.38078824122476,-214.4937265650176,26.112938323792832,4249.423828125,4267.05615234375,4125.99609375
2024-05-22,4161.26123046875,4205.342387571173,4099.547610525357,4099.547610525357,215066000,4222.974958147322,4206.601841517857,4508.032991536458,0.008547060132259698,47.619052642572534,-182.2934815228864,-208.05367755659137,25.760196033704972,4125.99609375,4337.5859375,4125.99609375
2024-05-27,4011.38525390625,4161.26118646978,4011.38525390625,4143.628723815247,363719300,4200.304617745535,4182.042340959822,4463.951839192709,-0.036016959345188004,31.42856841445648,-187.40272388788708,-203.92348682285052,16.520762934963443,4161.26123046875,4249.423828125,4170.07763671875
2024-05-28,3993.752685546875,4081.9149964860994,3984.936454452952,4037.833841016487,258070200,4163.780168805803,4167.558541434152,4422.956355794271,-0.004395630746811152,37.07865483183531,-190.67663462545534,-201.2741163833715,10.59748175791617,4011.38525390625,4125.99609375,4249.423828125
2024-05-29,3887.957763671875,3967.303840481505,3879.1415329152496,3949.671378968254,465008500,4109.623256138393,4146.147670200893,4385.781233723958,-0.02649010347031877,32.9999842154628,-199.50819225174928,-200.92093155704706,1.4127393052977766,3993.752685546875,4161.26123046875,4267.05615234375
2024-05-30,3861.50927734375,3949.671589611872,3799.795658756064,3879.141739797374,502927800,4041.6123046875,4120.328717912947,4349.193880208333,-0.006802668119302413,29.292943420145022,-206.26375691104113,-201.98949662784588,-4.274260283195247,3887.957763671875,4011.38525390625,4337.5859375
2024-05-31,3826.244384765625,3940.855391682568,3817.428153464322,3905.5904664773534,655144100,3981.1580984933034,4099.547589983259,4309.226961263021,-0.009132411719177114,31.868134208973544,-212.01914792485468,-203.99542688724765,-8.023721037607032,3861.50927734375,3993.752685546875,4249.423828125
2024-06-03,3993.752685546875,4020.201378828642,3879.141681325883,3905.59037460765,345770100,3962.266183035714,4090.101632254464,4276.313020833333,0.043778777290910176,43.11927467898062,-200.74969925027972,-203.34628135985406,2.596582109574342,3826.244384765625,3887.957763671875,4125.99609375
2024-06-04,3923.222900390625,4046.6501377062855,3923.222900390625,4020.2014439957866,332902200,3928.2607073102677,4075.617832728795,4249.864314778646,-0.017660028226457958,40.17095291552259,-195.258920908017,-201.72880926948667,6.469888361469685,3993.752685546875,3861.50927734375,4161.26123046875
2024-06-05,3879.14208984375,3967.304410067472,3879.14208984375,3967.304410067472,240788500,3909.368826729911,4054.8367222377233,4223.415633138021,-0.011235866955835228,35.89743953874775,-192.24827409194404,-199.83270223397815,7.584428142034113,3923.222900390625,3826.244384765625,4011.38525390625
2024-06-06,3967.304443359375,3967.304443359375,3870.325890299479,3923.223282877604,281534200,3905.590506417411,4034.6853376116073,4194.762890625,0.022727281309557812,36.44067736945896,-180.66574739899397,-195.99931126698132,15.333563867987351,3879.14208984375,3993.752685546875,3993.752685546875
2024-06-07,3835.060791015625,3967.304266567888,3835.060791015625,3958.488034864404,375439600,3898.0337960379466,4003.82852608817,4167.579516601562,-0.033333376410046966,31.297712182800453,-180.081600491495,-192.8157691118841,12.734168620389084,3967.304443359375,3923.222900390625,3887.957763671875
2024-06-10,3879.14208984375,3905.5907859108665,3808.6122336647727,3835.060929731889,181387000,3900.5527692522323,3971.082536969866,4141.130834960937,0.01149428945986819,29.687515549799812,-174.05526667749018,-189.0636686250053,15.008401947515125,3835.060791015625,3879.14208984375,3861.50927734375
2024-06-11,3826.244384765625,3914.406697778658,3826.244384765625,3861.5093099708383,197854400,3900.5527692522323,3940.8554338727677,4112.918896484375,-0.013636444309843676,30.64516237092164,-171.57000421773546,-185.56493574355133,13.994931525815872,3879.14208984375,3967.304443359375,3826.244384765625
2024-06-12,3835.060791015625,3843.877022719109,3799.795864201688,3826.2445593121406,187332500,3877.882498604911,3920.0743408203125,4087.204874674479,0.002304193188783943,35.13516143155982,-166.964344478979,-181.84481749063687,14.88047301165787,3826.244384765625,3835.060791015625,3993.752685546875
2024-06-13,3799.795654296875,3896.7741976780017,3790.979423080409,3879.141735245069,238349600,3860.2500348772323,3894.25537109375,4062.5194173177083,-0.009195457031962895,31.531538498960288,-164.2663673338252,-178.32912745927456,14.062760125449358,3835.060791015625,3879.14208984375,3923.222900390625
2024-06-14,3685.184814453125,3808.612057042464,3676.368582839601,3790.979593815416,358893200,3832.5418526785716,3870.955339704241,4043.4176025390625,-0.030162369314293502,32.7102941606544,-169.42333124086963,-176.54796821559358,7.1246369747239555,3799.795654296875,3826.244384765625,3879.14208984375
2024-06-19,3614.65478515625,3738.082021722561,3605.838553972942,3614.65478515625,410338400,3782.163330078125,3843.8769182477677,4023.728019205729,-0.019138803845131336,30.97346282155685,-177.15926448812343,-176.67022747009955,-0.489037018023879,3685.184814453125,3835.060791015625,3967.304443359375
2024-06-20,3764.53076171875,3764.53076171875,3641.10352362961,3641.10352362961,387133400,3772.0876116071427,3835.060703822545,4004.038435872396,0.04146342748357945,44.06781013406528,-169.2453534946544,-175.18525267501053,5.939899180356122,3614.65478515625,3799.795654296875,3835.060791015625
2024-06-21,3914.406982421875,3958.488142133833,3755.714807458826,3773.347271343609,532713300,3777.1254534040177,3838.839111328125,3994.63447265625,0.039812723069553746,52.27273919255971,-149.16033606767405,-169.98026935354324,20.819933285869183,3764.53076171875,3685.184814453125,3879.14208984375
2024-06-24,3879.14208984375,3976.120642089844,3879.14208984375,3914.4070179332384,303830800,3784.6822684151784,3842.617518833705,3984.348876953125,-0.00900900001877325,52.27273919255971,-134.53753223718195,-162.891721930271,28.35418969308904,3914.406982421875,3614.65478515625,3826.244384765625
2024-06-25,3861.50927734375,3879.141739797374,3773.346965075628,3808.6118899828766,383572500,3788.460623604911,3833.171561104911,3972.3000325520834,-0.004545544373372068,43.47827238614498,-122.95433442426429,-154.90424442906965,31.94991000480536,3879.14208984375,3764.53076171875,3835.060791015625
2024-06-26,3852.69287109375,3905.590256051559,3835.060409441147,3870.325332746353,150303400,3796.0173688616073,3828.13370186942,3963.4837890625,-0.0022831503479034954,46.29629297248094,-113.18129350902382,-146.55965424506047,33.378360736036655,3861.50927734375,3914.406982421875,3799.795654296875
2024-06-27,3932.0390625,3967.303986827354,3861.509213845292,3887.957907090807,299430600,3831.2822614397323,3831.9120570591517,3957.0185546875,0.020594995256843385,52.67854493738614,-97.90492659990105,-136.8287087160286,38.92378211612754,3852.69287109375,3879.14208984375,3685.184814453125
2024-06-28,4055.46630859375,4090.731233016304,4037.833846382473,4046.650077488112,581319300,3894.2553362165177,3838.2093331473216,3954.6675618489585,0.031390137313456634,54.31031457534251,-74.97448928641552,-124.45786483010598,49.48337554369046,3932.0390625,3861.50927734375,3614.65478515625
2024-07-01,4081.915283203125,4117.180210055852,4020.201661210853,4081.915283203125,261421200,3939.5959821428573,3855.841796875,3951.7288167317706,0.006521808491745551,63.46150876215724,-54.04474710004342,-110.37524128409348,56.33049418405005,4055.46630859375,3852.69287109375,3764.53076171875
2024-07-02,4029.017822265625,4081.9152116170335,4029.017822265625,4064.2827484998975,234403100,3955.9689592633927,3866.547206333705,3944.3819498697917,-0.012958980593049119,58.09520971238969,-41.250646862429676,-96.55032239976072,55.29967553733104,4081.915283203125,3932.0390625,3914.406982421875
2024-07-03,4055.46630859375,4090.731233016304,4020.201384171196,4081.9150019106655,176310400,3981.158133370536,3882.9202008928573,3937.328955078125,0.006564499710565164,62.74507195474128,-28.64683555194233,-82.96962503019705,54.32278947825472,4029.017822265625,4055.46630859375,3879.14208984375
2024-07-04,4222.974609375,4258.239533044102,4108.3636074504175,4125.996069284968,422261500,4032.7960379464284,3910.62833077567,3933.508577473958,0.04130432557811936,68.33329525663578,-5.083109413860257,-67.3923219069297,62.30921249306944,4055.46630859375,4081.915283203125,3861.50927734375
2024-07-05,4231.791015625,4293.504634602865,4222.974784342448,4275.872172037761,218278000,4086.9529157366073,3941.4851422991073,3932.9208170572915,0.00208772419100689,70.94014828314626,14.139729619268564,-51.08591160169005,65.22564122095861,4222.974609375,4029.017822265625,3852.69287109375
2024-07-08,4187.7099609375,4258.239812911184,4178.89372944079,4231.7911184210525,222042100,4123.477329799107,3977.37979561942,3934.9779459635415,-0.010416642628319761,76.14675309662906,25.52278456053091,-35.76417236924586,61.28695692977677,4231.791015625,4055.46630859375,3932.0390625
2024-07-09,4293.5048828125,4346.402273565837,4187.710101305826,4214.158796682495,291320400,4157.482840401785,4025.8690883091517,3939.3860677083335,0.025263192260649214,84.07076935141573,42.589755452568625,-20.093386804882968,62.68314225745159,4187.7099609375,4222.974609375,4055.46630859375
2024-07-10,4275.87255859375,4337.586183150773,4267.056326514175,4293.505022752899,167619700,4185.191022600447,4062.3935023716517,3948.2023111979165,-0.0041067437210412505,79.59182347106878,54.06939333112996,-5.260830777680383,59.33022410881034,4293.5048828125,4231.791015625,4081.915283203125
2024-07-11,4267.05615234375,4337.586006101497,4267.05615234375,4328.769774381779,170461300,4219.196498325893,4087.5827287946427,3957.3124267578123,-0.002061896403409036,74.39020724865415,61.743933126798765,8.140122003215447,53.60381112358332,4275.87255859375,4187.7099609375,4029.017822265625
2024-07-12,4319.953125,4390.482971938775,4302.320663265306,4381.666741071429,301125400,4256.980329241072,4119.069231305803,3971.7122721354167,0.012396596334265597,79.76184746237658,71.27281616291475,20.76666083515531,50.506155327759444,4267.05615234375,4293.5048828125,4055.46630859375
2024-07-15,4249.423828125,4346.402380219139,4240.6075961164415,4337.586148210581,188713000,4260.7587890625,4146.777413504465,3984.642757161458,-0.01632640328128565,74.4444793160891,72.29997074348557,31.073322816821367,41.22664792666421,4319.953125,4275.87255859375,4222.974609375
2024-07-16,4170.07763671875,4267.056186409884,4170.07763671875,4249.423722829677,189271400,4251.942592075893,4169.44775390625,3996.103865559896,-0.01867222348618036,68.36738153959531,65.9511794822547,38.04889414990804,27.902285332346665,4249.423828125,4267.05615234375,4231.791015625
2024-07-17,4196.52587890625,4240.607033096441,4161.260955554097,4187.709648068211,263325400,4253.202008928572,4188.33966936384,4002.862972005208,0.006342386039678294,66.30436025878971,62.33530616738972,42.90617655340437,19.429129613985346,4170.07763671875,4319.953125,4187.7099609375
2024-07-18,4311.13720703125,4311.13720703125,4187.709965930151,4196.5261974373725,296614900,4255.720912388393,4206.60187639509,4015.793448893229,0.02731100234627215,65.934091348957,67.9347671395908,47.91189467064166,20.022872468949146,4196.52587890625,4249.423828125,4293.5048828125
2024-07-19,4319.953125,4328.769355867347,4275.8719706632655,4293.504432397959,135104800,4262.018136160715,4223.604579380581,4030.4871500651043,0.0020449170474954315,65.16853827702738,72.2508879427869,52.77969332507071,19.471194617716193,4311.13720703125,4170.07763671875,4275.87255859375
2024-07-22,4328.76953125,4355.218224923626,4302.320837576375,4337.585762474542,140128300,4270.834333147322,4245.015415736607,4042.535986328125,0.002040856924807599,70.23811682358375,75.51239519095725,57.32623369824802,18.186161492709232,4319.953125,4196.52587890625,4267.05615234375
2024-07-23,4222.974609375,4328.769380382307,4214.158378457724,4319.953149465031,170919500,4256.980259486607,4256.98029436384,4055.466446940104,-0.024439952534144327,60.21505824593416,68.76768607410031,59.61452417341848,9.15316190068183,4328.76953125,4311.13720703125,4319.953125
2024-07-24,4214.1591796875,4231.791644874476,4196.526714500523,4205.342947094011,116037600,4251.942452566965,4256.350620814732,4066.633683268229,-0.002087492941096447,49.33339241011099,61.9964673200202,60.09091280273883,1.9055545172813737,4222.974609375,4319.953125,4249.423828125
2024-07-25,4143.62890625,4196.526296542554,4108.363979388298,4196.526296542554,274397700,4248.1640625,4250.053327287947,4077.213167317708,-0.016736499602924337,43.90244231912249,50.35852235448783,58.14443471308863,-7.785912358600797,4214.1591796875,4328.76953125,4170.07763671875
2024-07-26,4196.52587890625,4240.607033096441,4178.893417230173,4196.52587890625,192267300,4248.1640625,4250.683035714285,4089.262003580729,0.012765856656821617,50.602389539674974,44.88628953236639,55.49280567694418,-10.606516144577789,4143.62890625,4222.974609375,4196.52587890625
2024-07-29,4214.1591796875,4231.791644874476,4196.526714500523,4231.791644874476,126109900,4234.31005859375,4245.015485491072,4103.07412109375,0.0042018806246097995,43.835637224405566,41.494048044223746,52.693054150400094,-11.199006106176348,4196.52587890625,4214.1591796875,4311.13720703125
2024-07-30,4117.18017578125,4178.89379725977,4117.18017578125,4161.261333980193,201835700,4205.342494419643,4233.680315290178,4117.473966471354,-0.023012657987314444,39.02437047553565,30.627225506357718,48.27988842159162,-17.652662915233904,4214.1591796875,4143.62890625,4319.953125
2024-07-31,4117.18017578125,4152.445102340404,4099.547712501673,4099.547712501673,168490300,4175.115443638393,4222.974888392857,4134.2248128255205,0.0,39.50616270975983,21.764304993712358,42.97677173601577,-21.212466742303413,4117.18017578125,4196.52587890625,4328.76953125
2024-08-01,4187.7099609375,4187.7099609375,4134.812571957236,4152.445034950658,169636700,4170.07763671875,4213.528948102678,4148.330786132812,0.01713060447806769,40.96387471657221,20.19870278124108,38.421157945060834,-18.222455163819752,4117.18017578125,4214.1591796875,4222.974609375
2024-08-02,4152.44482421875,4187.709748415937,4134.812362120157,4170.077286317343,113328400,4161.261300223215,4206.60187639509,4156.265380859375,-0.008421102953093507,43.03794806074326,15.928733414632916,33.922673038975255,-17.99393962434234,4187.7099609375,4117.18017578125,4214.1591796875
2024-08-05,3993.752685546875,4117.1799208617895,3976.1202233590298,4108.363689767867,329430900,4139.85041155134,4194.007237025669,4160.0857340494795,-0.038216555641225614,38.63635004775323,-0.25741015313997195,27.08665640055221,-27.344066553692183,4152.44482421875,4117.18017578125,4143.62890625
2024-08-06,4055.46630859375,4099.547464121943,3984.936459748641,4011.385153065557,238051800,4119.69904436384,4183.931553431919,4166.550968424479,0.015452539980808755,41.30436614792059,-8.012904156594232,20.066744289122923,-28.079648445717154,3993.752685546875,4187.7099609375,4196.52587890625
2024-08-07,4073.098876953125,4090.731339623917,4046.650182946936,4090.731339623917,125937500,4099.547572544643,4166.928815569197,4173.897835286459,0.004347852261036067,33.333344729278494,-12.59124410035838,13.535146611226661,-26.126390711585042,4055.46630859375,4152.44482421875,4214.1591796875
2024-08-08,4108.3642578125,4134.812954751207,4046.650631622184,4055.4668639350857,131343400,4098.288155691965,4151.815325055803,4179.775341796875,0.008658120493690413,35.714361066990534,-13.221579838452271,8.183801321290876,-21.405381159743147,4073.098876953125,3993.752685546875,4117.18017578125
2024-08-09,4117.18017578125,4170.077565619981,4117.18017578125,4143.628870700616,98730900,4098.288155691965,4136.701799665178,4181.832470703125,0.0021458462335675055,35.7143186811158,-12.86149523872973,3.974742009286754,-16.836237248016484,4108.3642578125,4055.46630859375,4117.18017578125
2024-08-12,4125.99609375,4161.261017628205,4099.547400841346,4161.261017628205,83552800,4089.4718889508927,4129.774762834822,4183.301831054688,0.0021412514372356473,42.46576225870843,-11.72954381706677,0.8338848440160493,-12.563428661082819,4117.18017578125,4073.098876953125,4187.7099609375
2024-08-13,4161.26123046875,4187.709924730204,4134.812536207296,4143.628767627781,109533400,4090.731375558036,4125.996337890625,4187.709944661458,0.008547060132259698,46.052598977432396,-7.895843975612479,-0.9120609199096564,-6.983783055702823,4125.99609375,4108.3642578125,4152.44482421875
2024-08-14,4249.423828125,4267.056292142116,4196.526436073652,4205.3426680822095,262716500,4127.255824497768,4133.553118024553,4194.1751953125,0.02118650879467099,57.69230223035156,2.2306619123583005,-0.2835163534560651,2.5141782658143654,4161.26123046875,4117.18017578125,3993.752685546875
2024-08-15,4258.2392578125,4293.504179202251,4222.974336422748,4275.871718507376,214394900,4156.223388671875,4137.961216517857,4195.35068359375,0.0020744999896584737,54.794494045812655,10.842338558490155,1.9416546289331793,8.900683929556976,4249.423828125,4125.99609375,4055.46630859375
2024-08-16,4258.2392578125,4293.504179202251,4258.2392578125,4275.871718507376,149701700,4182.672014508928,4141.109793526785,4196.232291666666,0.0,53.52103941570309,17.465819252086476,5.046487553563839,12.419331698522637,4258.2392578125,4161.26123046875,4073.098876953125
2024-08-19,4249.423828125,4249.423828125,4187.710204065093,4249.423828125,196203200,4202.823381696428,4150.555768694197,4198.289420572916,-0.0020702053486840732,62.29512289902233,21.752890142344768,8.387768071320025,13.365122071024743,4258.2392578125,4249.423828125,4108.3642578125
2024-08-20,4364.0341796875,4364.0341796875,4267.055642361112,4284.688103693182,310085500,4238.088239397322,4168.188197544643,4200.640397135417,0.026970797971232363,68.91893206717391,34.00651629049753,13.511517715155527,20.494998575342002,4249.423828125,4258.2392578125,4117.18017578125
2024-08-21,4496.27783203125,4496.27783203125,4390.483059512868,4399.299290556066,390307000,4290.985630580357,4190.228759765625,4207.987239583334,0.03030307437995816,71.60496655051884,53.76874817427324,21.56296380697907,32.20578436729417,4364.0341796875,4258.2392578125,4125.99609375
2024-08-22,4452.19677734375,4540.359089766399,4430.156199238088,4518.3185116607365,474043100,4332.5478515625,4211.639613560268,4214.15859375,-0.00980389921046887,70.73176415124287,65.12279160473281,30.27492936652982,34.84786223820299,4496.27783203125,4249.423828125,4161.26123046875
2024-08-23,4540.359375,4584.440533980583,4518.318795509709,4540.359375,217759300,4374.110072544643,4250.682948521206,4221.50546875,0.01980204426383181,91.89201224895022,80.30918337491039,40.281780168205934,40.027403206704456,4452.19677734375,4364.0341796875,4249.423828125
2024-08-26,4672.6025390625,4694.643117076946,4584.440227004717,4584.440227004717,361169800,4433.304827008928,4294.764107840402,4235.61142578125,0.029126144681554056,92.68303390813875,101.84146142918144,52.59371642040104,49.2477450087804,4540.359375,4496.27783203125,4258.2392578125
2024-08-27,4562.39990234375,4650.562219297252,4496.278164628623,4628.521640058877,271088700,4476.75634765625,4329.71418108259,4248.688834635416,-0.02358485143931388,80.00008981269562,108.75979986531456,63.826933109383745,44.93286675593082,4672.6025390625,4452.19677734375,4258.2392578125
2024-08-28,4540.359375,4562.399954490291,4430.156477548544,4496.278216019417,277561700,4518.318568638393,4360.57097516741,4260.149951171875,-0.0048309064999820794,76.92315183030667,111.18250386773707,73.29804726105442,37.88445660668265,4562.39990234375,4540.359375,4249.423828125
2024-08-29,4518.318359375,4562.39951410061,4496.277782012196,4518.318359375,160041900,4540.359165736607,4389.223702566965,4267.055989583333,-0.00485446498934905,74.59463051966209,110.0553390463574,80.64950561811503,29.405833428242374,4540.359375,4672.6025390625,4364.0341796875
2024-08-30,4540.359375,4562.399954490291,4518.318795509709,4562.399954490291,275298000,4546.656529017857,4418.821079799107,4274.402864583333,0.0048781457772375525,75.00005891960302,109.67629846355067,86.45486418720216,23.221434276348504,4518.318359375,4562.39990234375,4496.27783203125
2024-09-02,4562.39990234375,4606.481060820502,4540.359323105375,4540.359323105375,136717200,4562.399832589285,4447.473842075893,4282.190543619791,0.00485435744692575,74.59464573114653,109.887675704289,91.14142649061952,18.746249213669472,4540.359375,4540.359375,4452.19677734375
2024-09-03,4562.39990234375,4628.521640058877,4540.359323105375,4606.481060820502,166033900,4565.548479352678,4469.82927594866,4293.504720052083,0.0,71.51519179477265,108.80100344897801,94.67334188229123,14.127661566686783,4562.39990234375,4518.318359375,4540.359375
2024-09-04,4496.27783203125,4562.399564855239,4496.27783203125,4496.27783203125,141890400,4540.359235491072,4486.83203125,4302.908675130208,-0.014492826522842117,65.16857079027301,101.43502950950005,96.025679407733,5.40935010176706,4562.39990234375,4540.359375,4672.6025390625
2024-09-05,4540.359375,4540.359375,4474.237636529127,4518.318795509709,166436800,4537.210588727678,4506.983468191965,4316.133024088542,0.009804007807239001,67.0213229792073,98.0244889161404,96.42544130941448,1.599047606725918,4496.27783203125,4562.39990234375,4562.39990234375
2024-09-06,4606.4814453125,4628.52202639055,4540.359702078349,4584.44086423445,170520700,4546.656598772322,4532.487583705357,4329.798209635416,0.014563179883200217,70.1492455061573,99.51001982756952,97.04235701304549,2.467662814524033,4540.359375,4562.39990234375,4540.359375
2024-09-09,4562.39990234375,4672.602798535628,4540.359323105375,4650.562219297252,201448700,4552.953962053572,4546.65656389509,4341.406233723958,-0.009569460659307971,62.16216378040069,96.02340364012616,96.83856633846163,-0.8151626983354703,4606.4814453125,4496.27783203125,4518.318359375
2024-09-10,4628.521484375,4628.521484375,4518.318591889881,4584.440327380953,202326400,4565.548549107143,4556.1025390625,4358.450944010417,0.014492719499946238,58.823521746127824,97.47209660527551,96.96527239182441,0.5068242134510967,4562.39990234375,4540.359375,4540.359375
2024-09-11,4562.39990234375,4628.521640058877,4518.318743866999,4606.481060820502,165284900,4565.548549107143,4563.974190848215,4373.2916015625,-0.014285681130456807,57.14285714285714,92.22166322100293,96.01655055766012,-3.7948873366571974,4628.521484375,4606.4814453125,4562.39990234375
2024-09-12,4562.39990234375,4606.481060820502,4540.359323105375,4562.39990234375,138542100,4565.548549107143,4565.54851422991,4385.781266276042,0.0,51.61289630998024,87.05711668664662,94.22466378345743,-7.167547096810807,4562.39990234375,4562.39990234375,4562.39990234375
2024-09-13,4672.6025390625,4672.6025390625,4562.399648990271,4584.440227004717,259722600,4590.73779296875,4565.54851422991,4403.119856770833,0.024154532499910397,50.0,90.80980917790112,93.54169286234618,-2.731883684445066,4562.39990234375,4628.521484375,4496.27783203125
2024-09-17,4672.6025390625,4716.683695091391,4628.521383033609,4716.683695091391,201331600,4609.629673549107,4573.420131138393,4425.748185221354,0.0,59.99994683118281,92.71508324736897,93.37637093935075,-0.6612876919817836,4672.6025390625,4562.39990234375,4540.359375
2024-09-18,4716.68408203125,4738.724661853826,4694.643502208674,4716.68408203125,186877300,4625.372907366072,4586.014753069197,4447.7887776692705,0.009434045074502295,65.38456622708694,96.66771355859237,94.03463946319908,2.633074095393283,4672.6025390625,4562.39990234375,4606.4814453125
2024-09-19,4760.7646484375,4848.926956741899,4760.7646484375,4782.8052255136,332941100,4653.710728236607,4603.33234514509,4470.710970052083,0.009345668617955605,70.37032782554043,102.17927578288618,95.6635667271365,6.5157090557496815,4716.68408203125,4672.6025390625,4562.39990234375
2024-09-20,4738.724609375,4804.846348110465,4738.724609375,4760.765188953488,260437400,4669.454031808035,4617.50129045759,4491.722981770833,-0.004629516619716445,66.66666666666666,103.57483536920881,97.24582045555097,6.3290149136578435,4760.7646484375,4672.6025390625,4628.521484375
2024-09-23,4848.927734375,4848.927734375,4716.684250710227,4716.684250710227,245292000,4710.386579241072,4637.967564174107,4516.114567057291,0.023255861879370787,70.96775346187736,112.27901498391475,100.25245936122373,12.02655562269102,4738.724609375,4716.68408203125,4562.39990234375
2024-09-24,4870.96826171875,4915.049422458286,4870.96826171875,4893.008842088519,195415700,4754.4677734375,4660.008161272322,4540.94697265625,0.00454544356012998,71.87500865380089,119.57721469825537,104.11741042863007,15.459804269625309,4848.927734375,4760.7646484375,4562.39990234375
2024-09-25,4694.64306640625,4782.805377512471,4584.440177523475,4760.764799735915,607065900,4757.616420200893,4674.177106584822,4558.7263671875,-0.036199208419864015,62.16215568919641,109.86664658970949,105.26725766084596,4.599388928863533,4870.96826171875,4738.724609375,4672.6025390625
2024-09-26,4452.19677734375,4584.440245977723,4430.156199238088,4540.359089766399,855266800,4726.1298828125,4667.879778180803,4565.485465494791,-0.05164317832752574,45.65216030252374,81.66616536475613,100.547039201628,-18.88087383687187,4694.64306640625,4848.927734375,4672.6025390625
2024-09-27,4496.27783203125,4540.358987247242,4408.115521599265,4452.196676815257,304694300,4694.643275669643,4660.008091517857,4573.420084635417,0.009900967295924268,44.444406154015816,62.15754010244473,92.86913938179136,-30.71159927934663,4452.19677734375,4870.96826171875,4716.68408203125
2024-09-30,4364.0341796875,4452.196486347853,4364.0341796875,4452.196486347853,539169900,4637.967494419643,4645.839111328125,4576.94658203125,-0.02941180622817685,40.81629792726788,35.615305421048106,81.41837258964271,-45.80306716859461,4496.27783203125,4694.64306640625,4760.7646484375
2024-10-01,4474.23779296875,4474.23779296875,4381.667355872845,4381.667355872845,197069300,4600.183663504465,4634.81884765625,4584.440380859375,0.025252692518815678,43.137272788481795,23.205406312235937,69.77577933416136,-46.57037302192542,4364.0341796875,4452.19677734375,4738.724609375
2024-10-02,4355.21826171875,4474.237384255598,4319.953336522647,4408.115649512904,307487600,4529.653738839285,4620.020159040178,4584.146516927083,-0.026601074139832037,41.198499852723366,3.7236662690093,56.56535672113095,-52.84169045212165,4474.23779296875,4496.27783203125,4848.927734375
2024-10-03,4337.5859375,4372.850863821138,4284.688548018293,4319.953474339431,354814800,4453.456263950893,4603.962018694197,4578.856787109375,-0.0040485512227328435,40.59040907141961,-12.988807392211129,42.654523898462536,-55.643331290673665,4355.21826171875,4364.0341796875,4870.96826171875
2024-10-04,4284.68798828125,4337.585370852624,4275.871757852688,4293.504218709812,289960700,4394.891252790178,4576.253836495535,4573.273160807292,-0.012195250994666895,32.945743589699546,-30.154384615550043,28.092742195660023,-58.247126811210066,4337.5859375,4474.23779296875,4694.64306640625
2024-10-07,4249.423828125,4346.402380219139,4240.6075961164415,4284.688756159232,308452200,4365.923688616072,4546.026785714285,4563.575309244791,-0.008230274935467574,31.9549163363735,-46.07265436578109,13.259662883371801,-59.332317249152894,4284.68798828125,4355.21826171875,4452.19677734375
2024-10-08,4408.11572265625,4452.196879882813,4196.52616796875,4231.79109375,527474400,4353.3291015625,4523.986188616072,4554.75908203125,0.03734433206707721,38.0136897960794,-45.36000626599525,1.5357290534983896,-46.89573531949364,4249.423828125,4337.5859375,4496.27783203125
2024-10-09,4346.40234375,4474.237706801471,4346.40234375,4408.115967292089,309336600,4350.810267857143,4494.388881138393,4547.559163411458,-0.013999945280261938,34.12164943515468,-49.20774517445716,-8.612965792092721,-40.594779382364436,4408.11572265625,4284.68798828125,4364.0341796875
2024-10-10,4284.68798828125,4381.666522995435,4284.68798828125,4337.585370852624,226564700,4323.731724330357,4461.95769391741,4539.036783854167,-0.014198951359736256,33.11475004984585,-56.58466589312957,-18.207305812300092,-38.377360080829476,4346.40234375,4249.423828125,4474.23779296875
2024-10-11,4319.953125,4355.218048469388,4311.136894132654,4328.769355867347,104875300,4318.69384765625,4424.173793247768,4532.424609375,0.008230502854630561,29.166666666666657,-58.90629183597048,-26.347103017034172,-32.559188818936306,4284.68798828125,4408.11572265625,4355.21826171875
2024-10-14,4319.953125,4346.401817602041,4293.504432397959,4319.953125,125414400,4316.174874441965,4384.815569196428,4525.077734375,0.0,27.91519904872132,-60.05393276741688,-33.088468967110714,-26.965463800306168,4319.953125,4346.40234375,4337.5859375
2024-10-15,4337.5859375,4399.299558561992,4337.5859375,4346.402169080285,142372200,4323.731724330357,4359.311488560268,4517.583935546875,0.004081713849614976,33.603273726105726,-58.86210021778152,-38.243195217244875,-20.618905000536643,4319.953125,4284.68798828125,4284.68798828125
2024-10-16,4364.0341796875,4381.666641019571,4337.5854876893945,4364.0341796875,118014300,4340.104631696428,4353.01416015625,4510.971744791666,0.006097456642609744,44.949485625543005,-55.14770382669576,-41.62409693913506,-13.523606887560703,4337.5859375,4319.953125,4249.423828125
2024-10-17,4390.48291015625,4452.19652535925,4355.217987183108,4372.850448669678,188127700,4337.585658482143,4345.457380022322,4507.445247395834,0.006060614875991632,43.814434166952154,-49.499230105954666,-43.199123572498976,-6.30010653345569,4364.0341796875,4319.953125,4408.11572265625
2024-10-18,4381.6669921875,4452.196843168385,4372.850760814889,4430.156264736859,157113000,4342.623465401785,4346.716866629465,4502.155501302083,-0.0020079608893036616,51.20484178777809,-45.21295805324098,-43.601890468647376,-1.6110675845936058,4390.48291015625,4337.5859375,4346.40234375
2024-10-21,4399.2998046875,4430.156616944827,4381.667340540456,4390.483572613978,110708200,4358.99658203125,4341.364153180803,4495.249446614584,0.004024224691524747,44.13793366869488,-39.93291418797162,-42.86809521251223,2.9351810245406114,4381.6669921875,4364.0341796875,4284.68798828125
2024-10-22,4319.953125,4381.666741071429,4319.953125,4372.850510204082,199707500,4358.99658203125,4338.84521484375,4487.167887369792,-0.01803620648971349,47.05880915632623,-41.670701400363214,-42.62861645008243,0.9579150497192188,4399.2998046875,4390.48291015625,4319.953125
2024-10-23,4284.68798828125,4311.136679566936,4240.606836138439,4258.239296995564,222147300,4353.958705357143,4335.066789899553,4475.706770833333,-0.008163314669936361,45.71424728439105,-45.37050910956805,-43.176994981979554,-2.193514127588493,4319.953125,4381.6669921875,4319.953125
2024-10-24,4249.423828125,4319.953684193465,4240.6075961164415,4249.423828125,218162100,4341.364118303572,4332.547921316965,4465.274235026041,-0.008230274935467574,47.05888581288387,-50.56527141147217,-44.65465026787808,-5.910621143594085,4284.68798828125,4399.2998046875,4337.5859375
2024-10-25,4205.34228515625,4284.688366008255,4205.34228515625,4249.423441185141,195647800,4318.69384765625,4329.39923967634,4453.372314453125,-0.01037353409584485,46.37678483851471,-57.57547582885854,-47.23881538007418,-10.336660448784365,4249.423828125,4319.953125,4364.0341796875
2024-10-28,4196.52587890625,4231.790802258403,4152.444724716058,4205.342109744288,191211000,4290.985700334822,4314.285679408482,4437.503092447917,-0.002096477682950959,26.923109694790483,-63.11497351109665,-50.41404700627867,-12.700926504817978,4205.34228515625,4284.68798828125,4390.48291015625
2024-10-29,4143.62890625,4214.158759973404,4143.62890625,4170.077601396277,203658600,4256.980259486607,4299.801862444197,4419.870638020833,-0.012604943751719833,27.451022979019157,-70.95547836279547,-54.522333277582035,-16.43314508521344,4196.52587890625,4249.423828125,4381.6669921875
2024-10-30,4152.44482421875,4187.709748415937,4081.914975824376,4081.914975824376,296314500,4221.715262276785,4290.355922154018,4401.062662760417,0.0021275838566172656,33.33337435877239,-75.58645049282677,-58.73515672063099,-16.85129377219578,4143.62890625,4205.34228515625,4399.2998046875
2024-10-31,4231.791015625,4293.504634602865,4152.444934082031,4152.444934082031,307110400,4209.120675223215,4284.058628627232,4383.430208333333,0.019108307217827525,40.00002215374254,-72.0237102489873,-61.39286742630226,-10.63084282268504,4152.44482421875,4196.52587890625,4319.953125
2024-11-01,4143.62890625,4249.423686835106,4143.62890625,4205.342528257979,235656400,4188.969377790178,4271.46404157366,4363.593684895834,-0.020833285256639522,33.33336410243156,-75.44448134428058,-64.20319020989793,-11.24129113438265,4231.791015625,4143.62890625,4284.68798828125
2024-11-04,4161.26123046875,4205.342387571173,4099.547610525357,4152.444999048265,209831500,4176.374720982143,4258.869419642857,4340.671468098958,0.004255285552273946,33.333302564206704,-75.85823931494542,-66.53420003090743,-9.324039284037994,4143.62890625,4152.44482421875,4249.423828125
2024-11-05,4152.44482421875,4178.89351736664,4125.99613107086,4134.812362120157,199499300,4168.817940848215,4243.755894252232,4316.720686848958,-0.0021186860813847685,29.310359645043533,-76.02123036814555,-68.43160609835506,-7.589624269790491,4161.26123046875,4231.791015625,4205.34228515625
2024-11-06,4055.46630859375,4170.077312967052,4055.46630859375,4152.444850755775,249059500,4148.666573660715,4219.826136997768,4295.414794921875,-0.02335455851439172,21.212128840821975,-83.0187689882523,-71.34903867633452,-11.669730311917789,4152.44482421875,4143.62890625,4196.52587890625
2024-11-07,4011.38525390625,4090.731335851649,4011.38525390625,4064.282641869849,296218600,4129.774623325893,4193.37744140625,4280.721077473959,-0.010869540352015705,20.0,-91.07152561453859,-75.29353606397532,-15.777989550563262,4055.46630859375,4161.26123046875,4143.62890625
2024-11-08,3984.9365234375,4090.731298396018,3984.9365234375,4055.466373409845,198589900,4105.844866071428,4163.780064174107,4263.6763671875,-0.006593415689254645,16.901361207535402,-98.45268351452523,-79.92536555408532,-18.527317960439916,4011.38525390625,4152.44482421875,4152.44482421875
2024-11-11,3932.0390625,4002.568911154709,3852.6929827634526,3940.8552935818384,507192300,4063.0231584821427,4136.071916852678,4249.276529947917,-0.013274354717166092,17.64702528624788,-107.33341455352365,-85.406975353973,-21.926439199550657,3984.9365234375,4055.46630859375,4231.791015625
2024-11-12,3967.304443359375,3984.936907552083,3905.590818684896,3905.590818684896,252380100,4037.8339494977677,4113.401663643973,4232.378751627604,0.008968725971138625,23.52945248853115,-110.2548866716088,-90.37655761750015,-19.878329054108647,3932.0390625,4011.38525390625,4143.62890625
2024-11-13,4037.833984375,4064.282678595797,3932.039207491812,3940.855438898745,209627200,4020.201485770089,4098.288103376116,4221.7992757161455,0.01777769818842101,33.33330769242603,-105.66103521106606,-93.43345313621333,-12.227582074852734,3967.304443359375,3984.9365234375,4161.26123046875
2024-11-14,3967.304443359375,4046.6505322265625,3967.304443359375,4029.018068033854,159871800,3993.752859933036,4081.285400390625,4209.456559244792,-0.01746717207506543,32.00000886150683,-106.48403764965269,-96.04357003890121,-10.440467610751483,4037.833984375,3932.0390625,4152.44482421875
2024-11-15,3940.855712890625,3976.120640970183,3923.223248850846,3923.223248850846,106365600,3977.3799176897323,4063.0232456752233,4197.9954833984375,-0.006666675282009371,31.168845180745635,-108.02521706030166,-98.4398994431813,-9.585317617120353,3967.304443359375,3967.304443359375,4055.46630859375
2024-11-18,3835.060791015625,3932.039339753951,3835.060791015625,3914.406876346983,253272300,3952.1907087053573,4040.982666015625,4184.183382161458,-0.026845672509384855,28.915650591294977,-116.44111814915414,-102.04014318437588,-14.400974964778257,3940.855712890625,4037.833984375,4011.38525390625
2024-11-19,3843.876953125,3887.958110844324,3835.060721581135,3835.060721581135,294838700,3932.0393415178573,4018.9421037946427,4165.375423177084,0.002298832427905406,28.915674307929038,-121.00452495193349,-105.83301953788741,-15.17150541404608,3835.060791015625,3967.304443359375,3984.9365234375
2024-11-20,3817.428466796875,3914.40701907116,3817.4284667968745,3879.14209097142,298734600,3915.6663992745534,3989.3447788783483,4147.7429606119795,-0.0068806797539715525,19.480523217027326,-125.310725487956,-109.72856072790113,-15.58216476005488,3843.876953125,3940.855712890625,3932.0390625
2024-11-21,3746.8984375,3808.6120588235294,3746.8984375,3773.347132352941,376788400,3884.1798270089284,3961.0068882533483,4129.816642252604,-0.01847579592134574,19.999992615419146,-132.8828139944144,-114.35941138120378,-18.523402613210607,3817.428466796875,3835.060791015625,3967.304443359375
2024-11-22,3879.14208984375,3896.774553888494,3746.898609508168,3746.898609508168,280188100,3861.5095563616073,3940.8555210658483,4115.122941080729,0.03529416517411277,31.81820470426969,-126.7516767228285,-116.83786444952874,-9.913812273299769,3746.8984375,3843.876953125,4037.833984375
2024-11-25,3940.855712890625,3993.7531050099615,3896.7745527911775,3896.7745527911775,401446400,3857.7311662946427,3925.742013113839,4102.486360677083,0.01590909062301482,37.23407044594119,-115.58059153225895,-116.58640986607479,1.0058183338158386,3879.14208984375,3817.428466796875,3967.304443359375
2024-11-26,3879.14208984375,3940.855714000355,3861.509625799006,3923.2232499556103,266677500,3848.9149344308034,3913.1474260602677,4087.204899088542,-0.015659954980084212,38.88891623918159,-110.43418313276288,-115.35596451941242,4.921781386649542,3940.855712890625,3746.8984375,3940.855712890625
2024-11-28,3817.428466796875,3870.325858946485,3817.4284667968745,3835.0609308467447,277081800,3846.3960309709823,3899.29336983817,4068.9847086588543,-0.01590909062301471,38.0435001816546,-110.06661163111039,-114.29809394175203,4.231482310641638,3879.14208984375,3879.14208984375,3835.060791015625
2024-11-29,3746.8984375,3790.979595588236,3746.8984375,3773.347132352941,412519800,3832.5419573102677,3882.2906494140625,4047.5318929036457,-0.01847579592134574,36.082489531220205,-114.15063502379917,-114.26860215816146,0.11796713436228856,3817.428466796875,3940.855712890625,3843.876953125
2024-12-02,3676.368408203125,3773.346951345174,3667.552177008393,3764.5307201504415,337188900,3812.3905203683034,3864.0284598214284,4024.021940104167,-0.018823576478879445,35.35354637276053,-121.67583363692347,-115.75004845391388,-5.9257851830095944,3746.8984375,3879.14208984375,3817.428466796875
2024-12-03,3738.08203125,3746.8982624557775,3711.633337632665,3738.08203125,384146700,3811.131033761161,3847.655430385045,4001.98134765625,0.016786572017421397,37.254880134964054,-121.26200126868662,-116.85243901686843,-4.409562251818187,3676.368408203125,3817.428466796875,3746.8984375
2024-12-04,3835.060791015625,3852.693254422593,3720.44977887033,3738.082242277299,345762200,3804.8337053571427,3833.171630859375,3985.8182698567707,0.02594345414436927,39.047632359949546,-111.8196731211724,-115.84588583772924,4.0262127165568415,3738.08203125,3746.8984375,3879.14208984375
2024-12-05,3755.714599609375,3826.244451245232,3746.898368154893,3799.7957568817856,183249300,3778.3849748883927,3818.0580705915177,3968.185823567708,-0.020689682831660394,38.67924133967292,-109.47715011924674,-114.57213869403276,5.094988574786015,3835.060791015625,3676.368408203125,3940.855712890625
2024-12-06,3799.795654296875,3799.795654296875,3720.4495733486806,3746.898266998079,151433000,3767.0497698102677,3807.982352120536,3953.1982177734376,0.01173706188752588,42.59258024698322,-102.87779981367248,-112.23327091796071,9.355471104288227,3755.714599609375,3738.08203125,3879.14208984375
2024-12-09,3870.32568359375,3870.32568359375,3790.9795989642657,3799.795830589764,158897200,3774.606515066964,3810.5012730189733,3942.030997721354,0.01856153217532075,51.92307333866408,-90.9086449601109,-107.96834572639077,17.05970076627986,3799.795654296875,3835.060791015625,3817.428466796875
2024-12-10,3843.876953125,3861.509416212729,3782.163332317947,3843.876953125,196160900,3788.4605887276784,3810.5012730189733,3930.2760335286457,-0.006833722180245916,50.0,-82.60497626653614,-102.89567183441986,20.290695567883716,3870.32568359375,3755.714599609375,3746.8984375
2024-12-11,3861.50927734375,3905.590433477811,3826.244352436501,3826.244352436501,203980300,3814.9092843191966,3813.64990234375,3920.8720458984376,0.004587119835981035,52.38093103099963,-73.75131850606795,-97.06680116874949,23.315482662681546,3843.876953125,3799.795654296875,3676.368408203125
2024-12-12,3755.714599609375,3843.876914154196,3755.714599609375,3826.244451245232,226698900,3817.42822265625,3814.279628208705,3907.647705078125,-0.02739723515753123,50.45871163398188,-74.41368266108066,-92.53617746721572,18.122494806135066,3861.50927734375,3870.32568359375,3738.08203125
2024-12-13,3676.368408203125,3773.346951345174,3676.368408203125,3729.265795371516,287838100,3794.757882254464,3799.7957938058034,3889.1336181640627,-0.02112678940367374,38.834939971205536,-80.41422047122069,-90.11178606801671,9.697565596796025,3755.714599609375,3843.876953125,3835.060791015625
2024-12-16,3746.8984375,3773.347132352941,3658.7361213235295,3658.7361213235295,325441900,3793.4984305245534,3785.9417027064733,3875.9092692057293,0.019184701168549978,39.42307666704743,-78.57276803700779,-87.80398246181493,9.231214424807135,3676.368408203125,3861.50927734375,3755.714599609375
2024-12-17,3658.736083984375,3782.1633253718,3658.736083984375,3746.898399261107,327919000,3773.3470633370534,3770.198416573661,3859.1584309895834,-0.0235294217300559,38.31775628372393,-83.26751278595611,-86.89668852664317,3.62917574068706,3746.8984375,3755.714599609375,3799.795654296875
2024-12-18,3658.736083984375,3711.6334731504144,3641.1036209290287,3676.368547039721,205055500,3743.1199776785716,3758.8632463727677,3842.7014729817706,0.0,40.999996676942295,-85.99681408173092,-86.71671363766072,0.7198995559297998,3658.736083984375,3676.368408203125,3870.32568359375
2024-12-19,3605.838623046875,3623.471085751261,3570.573697638104,3605.838623046875,381986300,3709.114501953125,3748.7875453404017,3827.7138834635416,-0.014457850941764105,41.83673555889683,-91.37487535312948,-87.64834598075447,-3.726529372375012,3658.736083984375,3746.8984375,3843.876953125
2024-12-20,3579.389892578125,3632.287280153171,3570.5736613156173,3588.2061238406327,252689600,3668.8117327008927,3741.860508510045,3813.3140380859377,-0.007334973423297919,44.08602790892676,-96.6570172373099,-89.45008023206556,-7.206937005244342,3605.838623046875,3658.736083984375,3861.50927734375
2024-12-23,3711.63330078125,3711.63330078125,3623.4709895987976,3641.103451835288,167689800,3662.514404296875,3739.9713134765625,3804.2039306640627,0.036945795840048534,48.51485039928801,-89.14461130999644,-89.38898644765175,0.24437513765531094,3579.389892578125,3658.736083984375,3755.714599609375
2024-12-24,3702.8173828125,3746.898542131697,3676.368687220982,3720.4498465401775,199536100,3666.2928292410716,3730.5253557477677,3796.5632080078126,-0.0023752125423851522,41.758246105521785,-82.9461942953917,-88.10042801719973,5.154233721808026,3711.63330078125,3605.838623046875,3676.368408203125
2024-12-27,3734.698974609375,3752.917018387957,3716.4809308307927,3734.698974609375,143104400,3664.550048828125,3729.024239676339,3788.8096923828125,0.008610090236926382,48.6078910325412,-74.60136800903774,-85.40061601556734,10.799248006529595,3702.8173828125,3579.389892578125,3746.8984375
2024-12-30,3716.480712890625,3752.916798311121,3707.3716915355008,3716.480712890625,153934700,3672.7992815290177,3723.073172433036,3778.0979166666666,-0.004878107135972143,44.28527506063746,-68.66654928351454,-82.0538026691568,13.387253385642254,3734.698974609375,3711.63330078125,3658.736083984375
2025-01-02,3834.89794921875,3844.0069704758016,3725.58969413413,3734.698715391182,181361700,3697.965262276786,3720.5426199776784,3773.684366861979,0.03186273398847317,47.7197444062146,-53.787848531832424,-76.40061184169193,22.612763309859503,3716.480712890625,3702.8173828125,3658.736083984375
2025-01-03,3780.244140625,3862.225338855422,3780.244140625,3844.007294804217,134632300,3722.8803362165177,3715.9974190848216,3768.3306477864585,-0.0142516983026586,46.04785755789622,-45.877627847459735,-70.2960150428455,24.418387195385762,3834.89794921875,3734.698974609375,3605.838623046875
2025-01-06,3734.698974609375,3807.571149723704,3734.698974609375,3807.571149723704,153048700,3745.0673479352677,3706.93954031808,3764.98525390625,-0.012048207555212298,42.3879244371638,-42.79057214616387,-64.79492646350917,22.004354317345303,3780.244140625,3716.480712890625,3579.389892578125
2025-01-07,3670.935791015625,3725.589921899232,3670.935791015625,3716.480900085298,171997400,3739.25341796875,3700.8839111328125,3759.2205485026043,-0.01707317886320925,44.64051670225724,-44.97081868230043,-60.830104907267426,15.859286224966993,3734.698974609375,3834.89794921875,3711.63330078125
2025-01-08,3716.480712890625,3734.698755600873,3670.9356061150047,3670.9356061150047,133655700,3741.205322265625,3703.7490757533483,3755.8556233723957,0.012406896897098507,52.64899850766098,-42.53328794215349,-57.17074151424464,14.637453572091147,3670.935791015625,3780.244140625,3702.8173828125
2025-01-09,3670.935791015625,3734.698943713167,3670.935791015625,3707.371878271363,99300400,3732.0962960379466,3698.323172433036,3753.32353515625,-0.012254852209249267,44.812265304536794,-43.77204494269745,-54.4910021999352,10.718957257237754,3716.480712890625,3734.698974609375,3734.698974609375
2025-01-10,3652.7177734375,3698.262882831983,3652.7177734375,3670.9358171952927,132774300,3722.9873046875,3697.893293108259,3745.776057942708,-0.0049627720601140846,49.5455770494934,-45.69704348277219,-52.73221045650261,7.035166973730419,3670.935791015625,3670.935791015625,3716.480712890625
2025-01-13,3506.97314453125,3634.499440696023,3506.97314453125,3634.499440696023,413408100,3676.1409040178573,3687.0530831473216,3731.3133056640627,-0.03990032571530777,40.60799967123065,-58.31082135731458,-53.84793263666501,-4.462888720649573,3652.7177734375,3716.480712890625,3834.89794921875
2025-01-14,3461.42822265625,3570.736482319079,3461.42822265625,3479.6462659333883,293621700,3630.595772879464,3676.738054547991,3717.389510091146,-0.012986960549162596,40.98094196898934,-71.16211321648825,-57.31076875262966,-13.851344463858588,3506.97314453125,3670.935791015625,3780.244140625
2025-01-15,3725.58984375,3725.58984375,3497.864303178484,3497.864303178484,407813500,3629.2944684709823,3687.180908203125,3714.32822265625,0.07631578761758528,57.04036829743323,-59.347103010738465,-57.718035604251426,-1.6290674064870387,3461.42822265625,3652.7177734375,3734.698974609375
2025-01-16,3789.35302734375,3862.225200946514,3762.0259622427134,3834.898135845478,349387500,3646.2112165178573,3692.7323172433034,3715.743375651042,0.01711492307740703,54.00692583675446,-44.32748660262132,-55.03992580392541,10.712439201304086,3725.58984375,3506.97314453125,3670.935791015625
2025-01-17,3725.58984375,3816.680059978607,3716.48082212714,3780.243973487164,268758600,3647.512520926339,3694.3589215959823,3717.3840901692706,-0.01682693144017955,51.11110687572127,-37.14134609544817,-51.460209862229966,14.318863766781796,3789.35302734375,3461.42822265625,3716.480712890625
2025-01-20,3844.007080078125,3844.007080078125,3762.02588642717,3762.02588642717,167348600,3672.236990792411,3702.1666434151784,3720.9149251302083,0.031784829059156916,54.91802738469285,-21.64152660530044,-45.49647321084406,23.854946605543617,3725.58984375,3725.58984375,3670.935791015625
2025-01-21,3880.443115234375,3989.751372001541,3871.334093837111,3889.552136631639,345223800,3704.7691824776784,3713.878243582589,3722.427669270833,0.009478659741570805,57.258069048219106,-6.344587999639771,-37.666096168603204,31.321508168963433,3844.007080078125,3789.35302734375,3652.7177734375
2025-01-22,3880.443115234375,3935.0972436179577,3853.116051042584,3925.988222220694,193218900,3758.1220354352677,3717.1314697265625,3726.5852864583335,0.0,52.25225638535506,5.712495956357998,-28.990377743610964,34.70287369996896,3880.443115234375,3725.58984375,3506.97314453125
2025-01-23,3916.879150390625,3953.315235510538,3880.443065270712,3880.443065270712,216018100,3823.186453683036,3726.89111328125,3730.488069661458,0.009389658364840958,56.88072018410322,18.00040788926117,-19.59222061703654,37.59262850629771,3880.443115234375,3844.007080078125,3461.42822265625
2025-01-24,3816.679931640625,3962.4242727056608,3816.679931640625,3962.4242727056608,276421900,3836.1993233816966,3732.746895926339,3728.6998779296873,-0.025581391435068213,53.913033547812105,19.42945639351001,-11.787885214927229,31.217341608437238,3916.879150390625,3880.443115234375,3725.58984375
2025-01-30,3752.9169921875,3798.462101315989,3725.5899267104064,3762.0260140131977,220222400,3830.9941755022323,3738.602696010045,3725.6678792317707,-0.01670638895457921,53.91304611287034,15.241160690964989,-6.382076033748786,21.623236724713774,3816.679931640625,3880.443115234375,3789.35302734375
2025-01-31,3844.007080078125,3898.661209178762,3780.243929460716,3798.461972494261,192622700,3847.9109235491073,3747.7117222377233,3725.08447265625,0.02427180992285427,55.833339289351706,19.052489750719815,-1.2951628768550654,20.34765262757488,3752.9169921875,3916.879150390625,3725.58984375
2025-02-03,3871.334228515625,3889.5522719439336,3780.244011374081,3825.7891199448527,220285800,3851.8148018973216,3762.025896344866,3728.9384602864584,0.007109026562184262,59.32203466825843,24.001394846673065,3.7641486678505607,20.237246178822506,3844.007080078125,3816.679931640625,3844.007080078125
2025-02-04,3880.443115234375,3916.8792008234304,3825.788986850792,3880.443115234375,231917500,3851.8148018973216,3778.2919921875,3735.7409505208334,0.0023529063059590793,60.68375539735457,28.33185681284249,8.677690296848947,19.65416651599354,3871.334228515625,3752.9169921875,3880.443115234375
2025-02-05,3771.135009765625,3871.3342491555327,3771.135009765625,3871.3342491555327,209834400,3836.1993582589284,3797.1606968470983,3736.548836263021,-0.028168975094522875,62.83188044654655,22.682063822301643,11.478565001939486,11.203498820362157,3880.443115234375,3844.007080078125,3880.443115234375
2025-02-06,3616.281494140625,3789.352900661209,3588.9544299531644,3752.916815077928,378545500,3793.2568359375,3808.2216448102677,3735.133683268229,-0.041062840557019475,56.79999879926679,5.644115773333397,10.31167515621827,-4.667559382884873,3771.135009765625,3871.334228515625,3916.879150390625
2025-02-07,3670.935791015625,3670.935791015625,3588.954594690214,3616.281660132018,259636200,3772.4362444196427,3804.31778390067,3735.5403401692706,0.015113396720790373,47.0588266207703,-3.409137400625241,7.567512644849567,-10.976650045474809,3616.281494140625,3880.443115234375,3816.679931640625
2025-02-10,3616.281494140625,3689.153665307186,3598.0634513489845,3643.6085583280856,201999400,3752.9168875558034,3791.9555315290177,3735.888435872396,-0.014888382686715107,40.5940507355312,-14.823178385629035,3.089374438753847,-17.91255282438288,3670.935791015625,3771.135009765625,3752.9169921875
2025-02-11,3652.7177734375,3680.044839074189,3552.518532769638,3616.281685921914,276382800,3725.58984375,3786.7503836495534,3738.332698567708,0.010075620317697043,45.91837292837776,-20.690280200503366,-1.6665564890975961,-19.023723711405772,3616.281494140625,3616.281494140625,3844.007080078125
2025-02-12,3670.935791015625,3698.262856457429,3598.0636165041487,3607.172638318083,362571900,3696.961495535714,3774.3881487165177,3736.976114908854,0.004987524004894661,39.08046720628166,-23.597936571161426,-6.052832505510362,-17.545104065651064,3652.7177734375,3670.935791015625,3871.334228515625
2025-02-13,3634.499755859375,3670.935843637414,3607.172690025846,3643.608777803885,341640600,3661.826729910714,3756.8207659040177,3734.6988606770833,-0.009925544120228058,34.48277243071357,-28.513670873216142,-10.54500017905152,-17.968670694164622,3670.935791015625,3616.281494140625,3880.443115234375
2025-02-14,3516.08251953125,3652.717850601117,3506.973497459925,3643.608828529793,524909600,3625.3906598772323,3730.79500906808,3727.4116455078124,-0.03258144016579401,30.00001340103536,-41.48647676142127,-16.73329549552547,-24.7531812658958,3634.499755859375,3652.7177734375,3771.135009765625
2025-02-17,3670.935791015625,3670.935791015625,3525.191441992672,3525.191441992672,265737100,3633.198416573661,3713.22762625558,3725.8934814453123,0.04404142127614774,38.05310700051137,-38.82460813078842,-21.15155802257806,-17.673050108210358,3516.08251953125,3670.935791015625,3616.281494140625
2025-02-18,3780.244140625,3807.571206701808,3670.935876317771,3670.935876317771,374350700,3648.813895089286,3710.625069754464,3724.0716878255207,0.02977669886705736,48.245628265179676,-27.5768984583965,-22.43662610974175,-5.140272348654751,3670.935791015625,3634.499755859375,3670.935791015625
2025-02-19,3661.82666015625,3807.571004839086,3652.717638613573,3789.352961753732,348358600,3655.3203473772323,3704.1186174665177,3720.1244384765623,-0.03132535256021096,45.833329610825174,-27.896732359774433,-23.528647359748284,-4.368085000026149,3780.244140625,3516.08251953125,3616.281494140625
2025-02-20,3561.62744140625,3661.826678888267,3561.62744140625,3616.281570941896,312753300,3642.307442801339,3683.94864327567,3714.3553873697915,-0.02736317910409347,37.19009015015575,-35.82250306758033,-25.987418501314693,-9.835084566265635,3661.82666015625,3670.935791015625,3652.7177734375
2025-02-21,3543.409423828125,3579.8455104484656,3525.1913805179547,3561.6274671382957,205268800,3624.0893903459823,3660.5254429408483,3710.1045084635416,-0.005115082326222153,35.00000446700979,-43.077207980867115,-29.405376397225183,-13.671831583641932,3561.62744140625,3780.244140625,3670.935791015625
2025-02-24,3570.736572265625,3588.9546160016744,3525.1914629255025,3552.518528529576,138610800,3614.9803641183034,3638.403547014509,3705.246370442708,0.007712105819252857,36.06559033720059,-46.090241778532345,-32.74234947348662,-13.347892305045725,3543.409423828125,3661.82666015625,3634.499755859375
2025-02-25,3461.42822265625,3570.736482319079,3461.42822265625,3534.300395764803,404555100,3607.172607421875,3616.2816336495534,3698.2627848307293,-0.030612269316753093,36.06558241399014,-56.64539025803742,-37.52295763039678,-19.12243262764064,3570.736572265625,3561.62744140625,3516.08251953125
2025-02-26,3479.646240234375,3516.082326519552,3424.99211080661,3461.428197091787,242834100,3579.845528738839,3606.52197265625,3692.4937337239585,0.005263150470341094,42.99066286728827,-62.81627281827741,-42.58162066797291,-20.2346521503045,3461.42822265625,3543.409423828125,3670.935791015625
2025-02-27,3306.574951171875,3461.4283235408056,3288.356907363765,3452.319301636751,410928000,3512.1785016741073,3580.4961983816966,3685.8137939453127,-0.04973818518138862,33.33334077834965,-80.7414115833567,-50.213578851049675,-30.52783273230702,3479.646240234375,3570.736572265625,3780.244140625
2025-02-28,3060.631103515625,3224.593484061105,3060.631103515625,3188.157399495443,1000597600,3426.2934221540177,3540.806884765625,3672.453889973958,-0.07438024278538902,28.36880012317542,-113.48464590939193,-62.86779226271813,-50.616853646673796,3306.574951171875,3461.42822265625,3661.82666015625
2025-03-03,3343.010986328125,3406.7741386559096,3160.830551105884,3206.375659911444,744626800,3395.0625,3518.68497140067,3659.7012613932293,0.09226197906965705,39.880954185229356,-115.31887422070895,-73.35800865431631,-41.96086556639264,3060.631103515625,3479.646240234375,3561.62744140625
2025-03-04,3343.010986328125,3388.556095133685,3279.2478340003404,3352.120008089237,338434700,3366.434151785714,3495.2617710658483,3644.823193359375,0.0,39.15662961847108,-115.44177247919697,-81.77476141929245,-33.667011059904524,3343.010986328125,3306.574951171875,3543.409423828125
2025-03-05,3497.8642578125,3552.5183868408203,3379.446978251139,3379.446978251139,441151000,3356.0238211495534,3485.5020926339284,3637.2323404947915,0.04632149643470407,45.81005185075714,-101.8695170079859,-85.79371253703115,-16.07580447095475,3343.010986328125,3060.631103515625,3570.736572265625
2025-03-06,3598.0634765625,3634.499562401108,3525.191304885285,3525.191304885285,434485100,3375.543143136161,3491.3578752790177,3629.034220377604,0.028645828243964777,52.542364668525146,-82.08197727119114,-85.05136548386315,2.9693882126720155,3497.8642578125,3343.010986328125,3461.42822265625
2025-03-07,3470.537353515625,3579.84561661848,3470.537353515625,3579.84561661848,243793600,3374.241873604911,3477.043701171875,3615.3706949869793,-0.035442988673649034,43.67816392941631,-75.81653598517732,-83.204399584126,7.38786359894867,3598.0634765625,3343.010986328125,3479.646240234375
2025-03-10,3424.9921875,3470.53729637633,3397.665122174202,3452.319252825798,232192200,3391.158621651786,3451.6685616629466,3600.188997395833,-0.013123375828094197,38.32335290900267,-73.67694097333424,-81.29890786196765,7.621966888633409,3470.537353515625,3497.8642578125,3306.574951171875
2025-03-11,3452.3193359375,3452.3193359375,3333.902050008245,3370.3381379864777,273961800,3447.114083426339,3436.7037527901784,3584.7036702473956,0.007978747670501107,42.67516684711113,-68.98105337105426,-78.83533696378498,9.854283592730724,3424.9921875,3598.0634765625,3060.631103515625
2025-03-12,3543.409423828125,3570.7364887933804,3470.537250587444,3470.537250587444,271631200,3475.742431640625,3435.4024658203125,3575.5946533203123,0.02638518602332285,49.358975350174994,-57.24938452476135,-74.51814647598026,17.268761951218906,3452.3193359375,3470.537353515625,3343.010986328125
2025-03-13,3461.42822265625,3616.2815905119246,3461.42822265625,3607.172568873355,209225700,3492.6591796875,3429.5466657366073,3565.8783610026044,-0.02313624855783858,47.23926400543539,-53.94530236516857,-70.40357765381793,16.45827528864936,3543.409423828125,3424.9921875,3343.010986328125
2025-03-14,3415.88330078125,3497.8645,3415.88330078125,3415.88330078125,156131900,3480.9476143973216,3418.4857177734375,3551.607568359375,-0.013157840909972518,44.8484879003275,-54.375085867024154,-67.19787929645918,12.822793429435023,3461.42822265625,3452.3193359375,3497.8642578125
2025-03-17,3488.755126953125,3497.864148172324,3397.6649147611374,3443.210020857131,162467700,3465.3321358816966,3420.4376395089284,3538.854931640625,0.021333230603987063,50.93167184867914,-48.27901460414569,-63.41410635799648,15.135091753850794,3415.88330078125,3543.409423828125,3598.0634765625
2025-03-18,3352.119873046875,3516.082258141559,3188.157487952191,3497.864215353261,416894600,3448.415352957589,3411.32861328125,3521.2441569010416,-0.039164472407548834,45.977008130271656,-53.852380569009256,-61.50176120019904,7.649380631189786,3488.755126953125,3461.42822265625,3470.537353515625
2025-03-19,3379.447021484375,3443.2101728331368,3352.11995662062,3379.447021484375,352217700,3441.9089006696427,3416.533761160714,3508.187890625,0.0081521990479001,52.531642563459,-55.4253320271614,-60.286475365591514,4.861143338430111,3352.119873046875,3415.88330078125,3424.9921875
2025-03-20,3333.90185546875,3424.992070099044,3315.683812542692,3397.665005709956,313033000,3424.992117745536,3436.0531005859375,3498.7752360026043,-0.013477106084539225,61.02942060405977,-59.6593063044279,-60.1610415533588,0.501735248930899,3379.447021484375,3488.755126953125,3452.3193359375
2025-03-21,3370.337890625,3370.337890625,3233.702570734797,3279.247677364865,627645600,3400.2676130022323,3438.0050223214284,3488.755305989583,0.010928946542467122,51.37613979576807,-59.39006618093981,-60.006846478875005,0.6167802979351933,3333.90185546875,3352.119873046875,3543.409423828125
2025-03-24,3288.356689453125,3406.7739663586394,3206.375497749308,3324.7927746548216,342883200,3375.5431082589284,3434.101143973214,3477.8244791666666,-0.024324327065222584,47.45761749422279,-65.04212411293247,-61.013902005686504,-4.028222107245966,3370.337890625,3379.447021484375,3461.42822265625
2025-03-25,3461.42822265625,3497.8643092105262,3333.901919716283,3333.901919716283,331285900,3382.0495256696427,3431.4985700334823,3471.4481608072915,0.052631618023137205,48.33333482233793,-54.92287768888309,-59.79569714232583,4.872819453442737,3288.356689453125,3333.90185546875,3415.88330078125
2025-03-26,3643.608642578125,3661.826685791016,3516.0823400878903,3525.191361694336,540888800,3404.171456473214,3434.751796177455,3470.537255859375,0.05263157523517048,51.93798787839501,-31.83588043765394,-54.20373380139145,22.36785336373751,3461.42822265625,3370.337890625,3488.755126953125
2025-03-27,3689.15380859375,3689.15380859375,3579.84554759838,3643.608699845679,322553200,3452.319161551339,3450.367257254464,3472.3590576171873,0.012500015913728513,60.0,-9.751742505243328,-45.31333554216183,35.5615930369185,3643.608642578125,3288.356689453125,3352.119873046875
2025-04-08,3315.68408203125,3415.8833262684584,3142.6126601669816,3151.7216823703643,734807100,3443.2101702008927,3442.5595354352677,3465.6791097005207,-0.10123452312899395,46.153850118650745,-22.130681087340236,-40.676804651197514,18.54612356385728,3689.15380859375,3461.42822265625,3379.447021484375
2025-04-09,3306.574951171875,3379.4471264043127,3279.2478854597107,3288.356907363765,366649900,3439.306326729911,3432.1492222377233,3453.5337483723956,-0.0027472855175618704,44.805191527828136,-32.30373251124274,-39.00219022320656,6.698457711963819,3315.68408203125,3643.608642578125,3333.90185546875
2025-04-10,3461.42822265625,3579.845503957648,3434.101157740543,3570.736482319079,417562900,3452.3192313058034,3426.2934221540177,3442.9065511067706,0.046831925412576414,47.20496780670941,-27.552970716273194,-36.71234632181989,9.1593756055467,3306.574951171875,3689.15380859375,3370.337890625
2025-04-11,3498.4365234375,3517.711655798037,3459.886258716426,3469.5238248966944,301200600,3482.330636160714,3428.9368722098216,3437.460213216146,0.010691627386353986,51.30166167822013,-20.56464080642536,-33.482805218740985,12.918164412315626,3461.42822265625,3315.68408203125,3288.356689453125
2025-04-14,3556.261962890625,3556.261962890625,3488.798998824949,3498.436565120045,169458300,3495.8783133370534,3438.9639195033483,3437.2813639322917,0.016528937731391746,54.89513269763152,-10.242243105224588,-28.834692796037707,18.59244969081312,3498.4365234375,3306.574951171875,3461.42822265625
2025-04-15,3556.261962890625,3643.000059546494,3546.624396595528,3594.8122280710118,254224400,3483.400216238839,3443.7858363560267,3437.709781901042,0.0,52.480067649624026,-2.0381737597799656,-23.47538898878616,21.437215229006195,3556.261962890625,3461.42822265625,3643.608642578125
2025-04-16,3517.711669921875,3565.899501016695,3469.5238388270545,3556.261934797731,233772400,3458.9084821428573,3455.6138218470983,3435.94228515625,-0.01084011621500891,56.55599911074166,1.3375059037853134,-18.512810010271867,19.85031591405718,3556.261962890625,3498.4365234375,3689.15380859375
2025-04-17,3508.07421875,3536.9869183550827,3479.1615191449177,3536.9869183550827,121059300,3486.3927873883927,3464.8014787946427,3437.4971516927085,-0.0027396933223037268,55.164866707330205,3.1982274167562537,-14.170602524866243,17.368829941622497,3517.711669921875,3556.261962890625,3315.68408203125
2025-04-21,3488.799072265625,3527.34933825751,3440.6112397757684,3488.799072265625,107470200,3512.4248046875,3475.865565708705,3437.80224609375,-0.005494509318347052,56.35375083795816,3.081992102902859,-10.720083599312424,13.802075702215284,3508.07421875,3556.261962890625,3306.574951171875
2025-04-22,3498.4365234375,3517.711655798037,3469.5238248966944,3469.5238248966944,147116900,3517.7117047991073,3485.015468052455,3444.1976318359375,0.002762397883125045,55.37261336417761,3.7246016558697193,-7.831146548275996,11.555748204145715,3488.799072265625,3517.711669921875,3461.42822265625
2025-04-23,3623.724853515625,3652.637551814952,3508.074060318318,3527.349192517869,432999900,3535.610037667411,3508.9703369140625,3462.967423502604,0.0358126635251963,63.57269470260315,14.180135737436103,-3.428890091133576,17.609025828569678,3498.4365234375,3508.07421875,3498.4365234375
2025-04-24,3594.812255859375,3700.825485924933,3585.1746894897788,3652.637654076952,272537300,3541.1172223772323,3518.4977678571427,3471.360799153646,-0.007978695630878274,56.11128573458004,19.90377845853618,1.2376436188003752,18.666134839735804,3623.724853515625,3488.799072265625,3556.261962890625
2025-04-25,3604.44970703125,3652.637537339154,3594.812140969669,3633.362405215993,136517100,3548.0011858258927,3515.700701032366,3480.0754231770834,0.0026809331019070903,47.86890090053702,24.93008976133069,5.976132847306438,18.953956914024253,3594.812255859375,3498.4365234375,3556.261962890625
2025-04-28,3700.825439453125,3710.4630057017007,3643.00004196167,3652.6376082102456,212945800,3574.1602957589284,3516.5343889508927,3486.8407958984376,0.026737987835944388,50.601890869242375,36.27207197510779,12.03532067286671,24.236751302241082,3604.44970703125,3623.724853515625,3517.711669921875
2025-04-29,3710.462890625,3729.738022524351,3681.550192775974,3720.100456574676,160631400,3603.0729631696427,3544.7328752790177,3490.587443033854,0.0026041355717927317,82.5860570768968,45.51368295431166,18.730993129155703,26.78268982515596,3700.825439453125,3594.812255859375,3508.07421875
2025-04-30,3710.462890625,3710.462890625,3633.362363027597,3671.912626826299,226832200,3634.7392229352677,3573.582013811384,3498.5849609375,0.0,83.84693225764607,52.235586907200286,25.431911884764624,26.803675022435662,3710.462890625,3604.44970703125,3488.799072265625
2025-05-02,3739.375732421875,3777.9259977045754,3710.46303345985,3777.9259977045754,205628100,3669.159109933036,3593.4354073660716,3509.064412434896,0.007792246587326801,79.52500569248349,59.213196051724026,32.188168718156504,27.02502733356752,3710.462890625,3700.825439453125,3498.4365234375
2025-05-05,3720.1005859375,3777.925983646373,3720.1005859375,3758.650851076749,196917100,3682.927071707589,3609.2685546875,3517.9904541015626,-0.005154642877219229,74.46810460151369,62.467571063048126,38.244049187134834,24.223521875913292,3739.375732421875,3710.462890625,3623.724853515625
2025-05-06,3739.375732421875,3758.650865063225,3700.825467139175,3700.825467139175,111333800,3703.5789969308034,3622.3481096540177,3524.522664388021,0.00518135089068239,72.0930410664505,65.8430324460237,43.76384583891261,22.07918660711109,3720.1005859375,3710.462890625,3594.812255859375
2025-05-07,3768.288330078125,3768.288330078125,3729.7380658318016,3758.650764016544,119763100,3726.9845145089284,3637.492850167411,3534.7513346354167,0.0077319316712589625,73.91305545000468,70.04369479619209,49.01981563036851,21.023879165823573,3739.375732421875,3739.375732421875,3604.44970703125
2025-05-08,3652.6376953125,3816.4763254452505,3643.000128834103,3768.288493053265,224121900,3720.1005510602677,3647.1304234095983,3542.6431477864585,-0.030690495162621345,62.96298728744981,63.3109016157764,51.8780328274501,11.432868788326303,3768.288330078125,3720.1005859375,3700.825439453125
2025-05-09,3700.825439453125,3700.825439453125,3623.724909464518,3671.9127407073975,147638100,3718.7237723214284,3660.898367745536,3549.712158203125,0.013192587976208259,67.2413875937674,61.15846601708745,53.734119465377574,7.424346551709874,3652.6376953125,3739.375732421875,3710.462890625
2025-05-14,3941.7646484375,3941.7646484375,3816.476285528729,3855.02655103912,461642400,3751.7668805803573,3693.2530517578125,3569.366984049479,0.06510418092564207,79.01236305363766,77.99534407365354,58.586364387032766,19.408979686620775,3700.825439453125,3768.288330078125,3710.462890625
2025-05-15,4115.24072265625,4153.790987037105,3980.314797323258,3989.952363418472,537151700,3805.4618791852677,3737.3104945591517,3593.8934407552083,0.0440097493612448,82.65307757805549,104.13634170153364,67.69635984993295,36.43998185160069,3941.7646484375,3652.6376953125,3739.375732421875
2025-05-16,4095.965576171875,4173.066104664522,4009.227481617647,4153.79097254136,289337600,3859.1568777901784,3771.041974748884,3619.2955647786457,-0.004683844222831635,78.16093460099162,121.89282283913644,78.53565244777366,43.357170391362786,4115.24072265625,3700.825439453125,3720.1005859375
2025-05-19,4076.6904296875,4105.60312777039,4047.77773160461,4076.6904296875,145935500,3907.3446916852677,3805.461844308036,3642.8406494140627,-0.004705885859126235,79.06977223703043,132.87788528905548,89.40409901603003,43.47378627302545,4095.965576171875,3941.7646484375,3739.375732421875
2025-05-20,4057.415283203125,4124.878245156621,4018.865019229698,4076.6904151898384,209576900,3948.6485421316966,3837.8165283203125,3668.475935872396,-0.004728135927125732,77.011499942493,138.4325192805345,99.20978306893093,39.222736211603575,4076.6904296875,4115.24072265625,3768.288330078125
2025-05-21,4105.60302734375,4153.790856303184,4057.4151983843167,4057.4151983843167,256020200,4013.3578752790177,3866.7292131696427,3689.9484293619794,0.011876463407655802,75.60975685104697,145.0508985012525,108.37800615539525,36.67289234585725,4057.415283203125,4095.965576171875,3652.6376953125
2025-05-22,4144.1533203125,4153.790886173691,4086.3279251453487,4124.878188590116,208291800,4076.6904296875,3897.707101004464,3706.633251953125,0.009389678620168818,76.47059349457325,151.65847370016263,117.03409966434874,34.62437403581389,4105.60302734375,4076.6904296875,3700.825439453125
2025-05-23,4192.34130859375,4211.616441047055,4173.066176140445,4192.34130859375,108182800,4112.487095424107,3932.1269880022323,3723.4061686197915,0.011627945338088086,77.77778716007016,158.95110320664298,125.41750037280761,33.533602833835374,4144.1533203125,4057.415283203125,3941.7646484375
2025-05-26,4163.4287109375,4192.341410319011,4105.60331217448,4192.341410319011,149418600,4119.37109375,3962.416486467634,3751.6643229166666,-0.006896527626933158,74.44445789240065,160.54687519262734,132.44337533677157,28.103499855855773,4192.34130859375,4105.60302734375,4115.24072265625
2025-05-27,4211.6162109375,4211.6162109375,4124.878119636728,4163.428382437071,180028000,4135.892613002232,3997.524745396205,3781.8323649088543,0.011573994259445275,77.41936186811128,163.81154697432294,138.71700966428185,25.09453731004109,4163.4287109375,4144.1533203125,4095.965576171875
2025-05-28,4288.716796875,4288.716796875,4163.428441011236,4201.978704353933,466133500,4166.182094029018,4036.7633928571427,3809.408650716146,0.018306650481891173,78.7878873172403,170.65301409204085,145.10421054983365,25.548803542207196,4211.6162109375,4192.34130859375,4076.6904296875
2025-06-02,4047.77783203125,4230.89159109933,4047.77783203125,4201.978892299107,389541100,4164.805315290178,4056.7269287109375,3827.7200276692706,-0.056179733065916504,61.98348214781068,154.84817188514444,147.05300281689583,7.795169068248612,4288.716796875,4163.4287109375,4057.415283203125
2025-06-03,4047.77783203125,4076.690530831473,3970.677301897321,4057.415398297991,277902300,4156.544573102678,4084.9512241908483,3844.1038899739583,0.0,68.80734605923924,140.70080922293027,145.7825640981027,-5.081754875172436,4047.77783203125,4211.6162109375,4105.60302734375
2025-06-04,3932.126953125,4076.690444048713,3932.126953125,4076.690444048713,279755300,4126.255092075893,4101.472760881697,3856.6327229817707,-0.02857144925076438,60.34482796272586,118.78755401388298,140.3835620812588,-21.596008067375806,4047.77783203125,4288.716796875,4144.1533203125
2025-06-05,3951.402099609375,3989.952363995808,3903.214269126334,3961.039665705983,230129500,4091.835205078125,4102.161150251116,3871.089070638021,0.004901964436589745,50.53762825787742,101.80296342419388,132.66744234984583,-30.86447892565195,3932.126953125,4047.77783203125,4192.34130859375
2025-06-10,3999.590087890625,4009.22765436747,3951.4022555064007,3951.4022555064007,179827500,4068.4296875,4093.900390625,3887.472932942708,0.012195161885957928,42.500008707941035,91.17985631881902,124.36992514364047,-33.19006882482145,3951.402099609375,4047.77783203125,4163.4287109375
2025-06-11,3922.489501953125,3989.952466360181,3912.85193560926,3980.314900016316,196558700,4027.1258719308034,4081.5092424665177,3901.9292805989585,-0.019277121965806887,39.53488920112286,75.66734838291268,114.62940979149492,-38.962061408582244,3999.590087890625,3932.126953125,4211.6162109375
2025-06-12,3922.489501953125,3951.40220098472,3912.85193560926,3922.489501953125,113850500,3974.807686941964,4070.494890485491,3916.0643798828123,0.0,40.47619693848409,62.65136810967624,104.2338014551312,-41.58243334545496,3922.489501953125,3951.402099609375,4288.716796875
2025-06-13,3855.0263671875,3903.214196777344,3835.7512353515626,3874.301499023437,283826000,3947.2717633928573,4056.0385393415177,3923.7744303385416,-0.01719906063025356,38.20224591176942,46.358012494245486,92.65864366295406,-46.30063116870858,3922.489501953125,3999.590087890625,4047.77783203125
2025-06-16,3845.388916015625,3864.664048426731,3816.476217398967,3835.751349810073,155450700,3918.359061104911,4037.451817103795,3932.126985677083,-0.00249997023467996,34.117657577378665,32.295466975633644,80.58600832548998,-48.29054134985634,3855.0263671875,3922.489501953125,4047.77783203125
2025-06-17,3816.476318359375,3883.9392835828994,3816.476318359375,3864.664150661893,125769400,3901.8375418526784,4014.046316964286,3939.194539388021,-0.007518770737553249,29.761916609443062,18.6033455514289,68.18947577067777,-49.58613021924887,3845.388916015625,3922.489501953125,3932.126953125
2025-06-18,3797.201171875,3816.476304727157,3758.650906170685,3806.838738301079,140882100,3879.808837890625,3985.822021484375,3942.4070638020835,-0.005050508604403148,24.691353777562057,6.126277530275729,55.77683612259737,-49.650558592321644,3816.476318359375,3855.0263671875,3951.402099609375
2025-06-19,3662.275146484375,3777.9259405838816,3662.275146484375,3758.650808233964,355413000,3831.6209891183034,3950.0253383091517,3940.8008056640624,-0.03553302005434722,21.739120857395463,-14.482347902418041,41.72499931759429,-56.20734722001233,3797.201171875,3845.388916015625,3999.590087890625
2025-06-20,3652.6376953125,3700.8255277044855,3604.4498629205145,3604.4498629205145,516177900,3793.070731026786,3910.098301478795,3938.873299153646,-0.0026315475452811654,17.045478752343953,-31.23246538160265,27.1335063777549,-58.36597175935755,3662.275146484375,3816.476318359375,3922.489501953125
2025-06-23,3585.174560546875,3614.087258615801,3527.3491644090223,3594.8121265698505,222067700,3744.882882254464,3859.845284598214,3933.733260091146,-0.018469703374140223,8.045995084392558,-49.381525833701744,11.830499935463573,-61.212025769165315,3652.6376953125,3797.201171875,3922.489501953125
2025-06-24,3643.0,3758.6507936507937,3633.362433862434,3681.5502645502647,281594300,3714.5934012276784,3830.9325823102677,3931.1632405598957,0.016129044339839416,19.11766568541769,-58.42526719069565,-2.220653489768271,-56.20461370092738,3585.174560546875,3662.275146484375,3855.0263671875
2025-06-25,3623.724853515625,3691.1878162140542,3594.8121552162984,3691.1878162140542,164257700,3682.9271065848216,3800.643083844866,3927.308211263021,-0.005291009191428775,18.57144666583433,-66.38262304816863,-15.053047401448342,-51.329575646720286,3643.0,3652.6376953125,3845.388916015625
2025-06-26,3691.187744140625,3691.187744140625,3614.0872168478704,3642.9999145826537,171427000,3665.028738839286,3783.4331403459823,3924.7381917317707,0.01861700138727418,30.769236765011357,-66.47886644165146,-25.338211209488968,-41.140655232162494,3623.724853515625,3585.174560546875,3816.476318359375
2025-06-30,3604.44970703125,3700.8253676470586,3594.812140969669,3700.8253676470586,271933200,3637.4928152901784,3758.6508265904017,3923.1319254557293,-0.02349867931997296,25.00000879589477,-72.7159505057648,-34.81375906874413,-37.90219143702066,3691.187744140625,3643.0,3797.201171875
2025-07-01,3565.8994140625,3652.6375079180734,3536.9867161106417,3642.9999419341216,212288800,3623.724853515625,3727.672921316964,3918.6343912760417,-0.010695195134377777,18.309851114562477,-79.84912007480489,-43.82083126995629,-36.0282888048486,3604.44970703125,3623.724853515625,3662.275146484375
2025-07-02,3546.624267578125,3565.899399467137,3508.074003800102,3517.711569744608,220273500,3608.580078125,3700.8254045758927,3905.4630452473957,-0.0054054094763192895,19.9999922054822,-86.06544273221016,-52.26975356240706,-33.7956891698031,3565.8994140625,3691.187744140625,3652.6376953125
2025-07-03,3546.624267578125,3594.812097300654,3546.624267578125,3575.5369654116425,119674300,3603.0728934151784,3673.9778878348216,3886.5091634114583,0.0,19.9999922054822,-89.95497823037977,-59.806798496001605,-30.14817973437816,3546.624267578125,3604.44970703125,3585.174560546875
2025-07-04,3536.98681640625,3575.537081435201,3517.7116838917746,3546.624382663488,91141200,3587.928152901786,3651.2607770647323,3867.8765380859377,-0.0027173589432567535,22.03390048826732,-92.74600666880633,-66.39464013056255,-26.35136653824378,3546.624267578125,3565.8994140625,3643.0
2025-07-07,3565.8994140625,3565.8994140625,3517.7115841427367,3536.9867161106417,78783800,3579.6673758370534,3631.2972412109375,3850.8501708984377,0.00817435833295721,26.229493900132184,-91.56935726572101,-71.42958355759424,-20.139773708126768,3536.98681640625,3546.624267578125,3623.724853515625
2025-07-08,3536.98681640625,3565.899515177963,3517.7116838917746,3556.261948920725,115551200,3557.638671875,3611.3337053571427,3833.5025553385417,-0.008108079981793637,26.229493900132184,-91.91037356048946,-75.5257415581733,-16.384632002316167,3565.8994140625,3546.624267578125,3691.187744140625
2025-07-09,3546.624267578125,3565.899399467137,3517.711569744608,3517.711569744608,92437900,3549.3778948102677,3593.4353550502233,3814.8699300130206,0.002724763102641914,28.333305890116506,-90.36134038102136,-78.49286132274291,-11.868479058278453,3536.98681640625,3536.98681640625,3604.44970703125
2025-07-10,3729.738037109375,3739.375603096738,3546.6242833494834,3556.261849336846,290117200,3572.7834123883927,3598.254132952009,3801.056087239583,0.05163043945906698,55.38461298630034,-73.51058530195314,-77.49640611858496,3.985820816631815,3546.624267578125,3565.8994140625,3565.8994140625
2025-07-11,3739.375732421875,3777.9259977045754,3729.7381661012,3777.9259977045754,255634700,3600.3193359375,3604.44970703125,3785.957234700521,0.0025840140022190816,56.9230739251843,-58.70188029710607,-73.73750095428917,15.035620657183102,3729.738037109375,3536.98681640625,3546.624267578125
2025-07-14,3643.0,3749.013227513228,3614.0873015873017,3739.375661375661,167151400,3614.0872977120534,3608.580095563616,3768.609611002604,-0.025773214386096366,54.41176963645691,-54.118743859188726,-69.81374953526908,15.695005676080356,3739.375732421875,3546.624267578125,3546.624267578125
2025-07-15,3739.375732421875,3739.375732421875,3643.0000692151257,3662.275201856475,183209300,3643.0,3615.4640764508927,3752.86826171875,0.026455045957143764,56.94445177436193,-42.22313701110761,-64.29562703043679,22.07249001932918,3643.0,3729.738037109375,3536.98681640625
2025-07-16,3739.375732421875,3816.4762629872735,3739.375732421875,3806.8386966666,241966800,3667.7823311941966,3623.724853515625,3734.556892903646,0.0,58.571437877133064,-32.42204176533323,-57.92090997741608,25.498868212082847,3739.375732421875,3739.375732421875,3565.8994140625
2025-07-17,3749.01318359375,3787.5634476924,3739.375617569088,3787.5634476924,111359500,3698.0718122209823,3627.855242047991,3724.5980712890623,0.0025772887940396227,54.68750556615681,-23.604839507606812,-51.05769588345423,27.452856375847418,3739.375732421875,3643.0,3536.98681640625
2025-07-18,3720.1005859375,3797.201116215997,3720.1005859375,3768.2884173615607,111030000,3722.8541434151784,3636.1160191127233,3713.675496419271,-0.007712055477098856,60.34484114089246,-18.73419208729365,-44.59299512422212,25.85880303692847,3749.01318359375,3739.375732421875,3546.624267578125
2025-07-21,3691.187744140625,3758.650705521785,3691.187744140625,3749.013139610191,89765800,3717.3469587053573,3645.065185546875,3705.644189453125,-0.007772059149736332,61.40351033131402,-17.011100239365533,-39.0766161472508,22.06551590788527,3720.1005859375,3739.375732421875,3729.738037109375
2025-07-22,3700.825439453125,3739.375704447428,3691.187873204549,3720.100571950277,84902800,3711.839773995536,3656.0795549665177,3697.2916341145833,0.002611001114153355,64.28572721030152,-14.698421812335255,-34.20097728026769,19.50255546793244,3691.187744140625,3749.01318359375,3739.375732421875
2025-07-23,3662.275146484375,3720.100543534128,3652.637580309416,3700.82541118421,132305000,3714.5933663504466,3664.34033203125,3686.047802734375,-0.01041667422564152,60.00000844406315,-15.794227933252841,-30.519627410864725,14.725399477611884,3700.825439453125,3720.1005859375,3643.0
2025-07-24,3806.838623046875,3806.838623046875,3681.5502633010287,3691.1878294353246,206654200,3724.2309221540177,3683.615461077009,3682.1927734375,0.03947367982475991,68.91891475548451,-4.940645106385546,-25.403830949968892,20.463185843583346,3662.275146484375,3691.187744140625,3739.375732421875
2025-07-25,3739.375732421875,3806.8386966666,3729.7381661012,3806.8386966666,86263700,3724.2309221540177,3696.0066266741073,3676.0889811197917,-0.017721499991245948,61.53846903319068,-1.7624772422427668,-20.67556020842367,18.9130829661809,3806.838623046875,3700.825439453125,3739.375732421875
2025-07-28,3797.201171875,3806.838738301079,3777.9260390228415,3797.201171875,94898300,3731.114920479911,3714.5933663504466,3674.161474609375,0.015463928631657797,66.66666666666666,5.36048109478179,-15.46835194778258,20.82883304256437,3739.375732421875,3662.275146484375,3749.01318359375
2025-07-29,3777.926025390625,3787.5635917819272,3758.65089260802,3787.5635917819272,98887100,3739.3756975446427,3731.114920479911,3671.9127115885417,-0.005076145722049619,64.63415086237524,9.342439831933916,-10.506193591839281,19.848633423773197,3797.201171875,3806.838623046875,3720.1005859375
2025-07-30,3643.0,3768.28835978836,3633.362433862434,3768.28835978836,206358500,3732.4917340959823,3724.91934640067,3666.130167643229,-0.03571431110186285,44.15585141924318,1.5924118617103886,-8.086472501129347,9.678884362839735,3777.926025390625,3739.375732421875,3691.187744140625
2025-07-31,3575.537109375,3652.637640035377,3565.8995430424525,3643.00007370283,163371700,3714.5934012276784,3713.2165876116073,3658.7413655598957,-0.018518498661817206,39.75903908633238,-9.879349610535428,-8.445047923010563,-1.434301687524865,3643.0,3797.201171875,3700.825439453125
2025-08-01,3604.44970703125,3662.275103400735,3604.44970703125,3662.275103400735,134100500,3706.3326241629466,3710.4629952566966,3656.8138509114583,0.008086225026288085,47.36841929832514,-16.448193690451717,-10.045677076498794,-6.402516613952923,3575.537109375,3777.926025390625,3662.275146484375
2025-08-04,3575.537109375,3604.449808372641,3556.2619767099054,3585.174675707547,104446300,3673.28955078125,3698.760236467634,3654.243831380208,-0.008021362484223249,37.68115729198141,-23.713698196406312,-12.7792813004803,-10.934416895926013,3604.44970703125,3643.0,3806.838623046875
2025-08-05,3604.44970703125,3652.637537339154,3565.8994427849266,3565.8994427849266,184822600,3654.014404296875,3689.1226632254466,3654.886336263021,0.008086225026288085,40.27776751589331,-26.829385410015675,-15.589302122387377,-11.240083287628298,3575.537109375,3575.537109375,3739.375732421875
2025-08-06,3575.537109375,3643.00007370283,3575.537109375,3633.362507370283,100168200,3622.3481096540177,3676.731515066964,3652.6375732421875,-0.008021362484223249,37.83784246387766,-31.27112095553548,-18.725665889016998,-12.545455066518482,3604.44970703125,3604.44970703125,3797.201171875
2025-08-07,3575.537109375,3614.0873747051887,3565.8995430424525,3594.812242040094,92746000,3593.4354073660716,3666.4055524553573,3651.031315104167,0.0,39.43661921578673,-34.39474714127891,-21.85948213946938,-12.535265001809531,3575.537109375,3575.537109375,3777.926025390625
2025-08-08,3565.8994140625,3594.8121120143583,3565.8994140625,3575.5369800464528,133180100,3582.4210379464284,3657.456386021205,3646.8550374348956,-0.0026954538626462465,40.57971067700465,-37.21888868334281,-24.931363448244067,-12.287525235098745,3575.537109375,3604.44970703125,3643.0
2025-08-11,3671.912841796875,3671.912841796875,3585.174743171752,3585.174743171752,143167900,3596.1889997209823,3655.39120047433,3649.10380859375,0.029729786352441723,48.10127231717695,-30.550476696937494,-26.055186097982755,-4.495290598954739,3565.8994140625,3575.537109375,3575.537109375
2025-08-12,3903.21435546875,3903.21435546875,3691.187896653164,3720.1005955825617,404797800,3638.8696637834823,3672.601143973214,3660.3476399739584,0.06299210347233797,62.626267537104624,-6.526381010721252,-22.149425080530456,15.623044069809204,3671.912841796875,3575.537109375,3604.44970703125
2025-08-13,3932.126953125,3951.4020852481617,3845.388858570772,3912.8518210018383,292104000,3689.8110700334823,3681.550310407366,3673.1977294921876,0.00740738146131803,57.471264702499596,14.676708938359752,-14.784198276752415,29.460907215112165,3903.21435546875,3565.8994140625,3575.537109375
2025-08-14,3912.851806640625,3951.402070745459,3893.576674588208,3932.126938693042,164408100,3733.8685128348216,3693.9414585658483,3685.405314127604,-0.004901964436589856,60.97560448169719,29.583941983035857,-5.910570224794761,35.49451220783062,3932.126953125,3671.912841796875,3604.44970703125
2025-08-15,3970.67724609375,3999.589944487636,3922.489415437272,3951.402113831159,269255400,3790.3171037946427,3706.33260672433,3699.8616617838543,0.014778336188195906,60.97560448169719,45.53911470110188,4.379366760384568,41.15974794071731,3912.851806640625,3903.21435546875,3575.537109375
2025-08-19,3893.57666015625,3951.402056099165,3864.6639621847926,3941.764490108679,208409700,3835.7513253348216,3714.5933663504466,3710.7842366536456,-0.019417490054964737,56.818173313056064,51.370167784901696,13.777526965287995,37.5926408196137,3970.67724609375,3932.126953125,3575.537109375
2025-08-20,3999.590087890625,3999.590087890625,3903.214423122176,3903.214423122176,173260400,3897.7071358816966,3740.0640869140625,3726.204345703125,0.027227774611254363,71.76471464781554,63.810153264867495,23.784052225203897,40.0261010396636,3893.57666015625,3912.851806640625,3565.8994140625
2025-08-21,3999.590087890625,4018.865220844315,3941.764689029556,4009.22765436747,112477700,3944.5181710379466,3770.353585379464,3741.3032063802084,0.0,78.20513028699742,72.82939940142296,33.593121660447714,39.23627774097525,3999.590087890625,3970.67724609375,3671.912841796875
2025-08-22,3951.402099609375,4018.865062285633,3951.402099609375,4018.865062285633,71971500,3951.4021344866073,3795.135899135045,3748.6920084635417,-0.012048231749335114,72.49999129206446,75.22173962385114,41.9188452531284,33.30289437072273,3999.590087890625,3893.57666015625,3903.21435546875
2025-08-25,4057.415283203125,4115.240679163265,4018.865019229698,4028.502585223055,195322200,3969.300467354911,3829.5557686941966,3759.2933268229167,0.026829257291792752,78.40907030052884,84.69574459051,50.47422512060473,34.221519469905274,3951.402099609375,3999.590087890625,3932.126953125
2025-08-26,4018.864990234375,4067.052819853492,4018.864990234375,4067.052819853492,267465600,3984.4452078683034,3859.1568603515625,3771.822159830729,-0.009501194794710899,74.15728546141128,88.07796733792884,57.994973564069554,30.082993773859286,4057.415283203125,3999.590087890625,3912.851806640625
2025-08-27,3980.31494140625,3999.590074294416,3922.4895427417528,3980.31494140625,123874000,3985.822021484375,3888.069562639509,3779.853466796875,-0.009592272674449065,73.33332582750366,86.64890186499724,63.7257592242551,22.923142640742142,4018.864990234375,3951.402099609375,3970.67724609375
2025-08-28,3989.952392578125,3999.589958743773,3961.039694081182,3980.3148264124775,60838200,3999.5899832589284,3917.670654296875,3788.206022135417,0.002421278545478689,73.62636261371296,85.31061132453078,68.04272964431024,17.26788168022054,3980.31494140625,4057.415283203125,3893.57666015625
2025-08-29,3903.21435546875,3970.6773196373456,3874.301656539352,3951.402187017746,217276600,3985.822021484375,3941.764578683036,3793.3460611979167,-0.021739115802664744,67.67677258760841,76.37061878040322,69.70830747152884,6.662311308874379,3989.952392578125,4018.864990234375,3999.590087890625
2025-09-01,3835.75146484375,3864.664164327497,3720.100666908763,3787.563632370839,234206100,3962.41650390625,3953.4673374720983,3797.2010904947915,-0.017283931775481043,58.94737010518726,63.11437558309035,68.38952109384115,-5.275145510750804,3903.21435546875,3980.31494140625,3999.590087890625
2025-09-02,3816.476318359375,3903.214416503906,3816.476318359375,3835.7514512803823,111856000,3943.1413922991073,3947.2717633928573,3801.377376302083,-0.005025129146410956,43.83561976590974,50.47155939176355,64.80592875342563,-14.334369361662084,3835.75146484375,3989.952392578125,3951.402099609375
2025-09-03,3883.939208984375,3883.939208984375,3806.838678781212,3874.30164270898,112507500,3918.3590959821427,3943.8297816685267,3807.481168619792,0.017676748130327935,46.75325230761436,45.37269969751287,60.919282942243086,-15.546583244730215,3816.476318359375,3903.21435546875,4057.415283203125
2025-09-04,3855.0263671875,3864.663933105469,3816.476103515625,3835.7512353515626,87402700,3894.9535784040177,3939.699393136161,3813.906209309896,-0.007444205545234506,46.153843655603104,38.55436127864823,56.44629860952412,-17.89193733087589,3883.939208984375,3835.75146484375,4018.864990234375
2025-09-08,3758.65087890625,3922.489506961138,3749.01331255008,3922.489506961138,143993900,3863.287283761161,3924.5546526227677,3812.299951171875,-0.02499995566867219,36.5853688676016,25.084919164182793,50.17402272045586,-25.089103556273066,3855.0263671875,3816.476318359375,3980.31494140625
2025-09-09,3652.6376953125,3749.013360096471,3614.087429398912,3729.738227139677,327167200,3815.0994698660716,3907.3447265625,3809.408683268229,-0.028205115880461706,35.29412465943099,5.789177287374514,41.297053633839596,-35.50787634646508,3758.65087890625,3883.939208984375,3989.952392578125
2025-09-10,3739.375732421875,3749.01329874255,3681.550334497825,3681.550334497825,117680500,3791.6939522879466,3888.757986886161,3807.481168619792,0.02374668509299127,33.73492505025237,-2.4752691120825148,32.54258908465518,-35.01785819673769,3652.6376953125,3855.0263671875,3903.21435546875
2025-09-11,3932.126953125,3970.6772173713234,3835.751292509191,3855.0264246323527,281910400,3805.4618791852677,3883.939191545759,3812.621199544271,0.05154636348305286,46.60193100245919,6.45411121921461,27.324893511567065,-20.870782292352455,3739.375732421875,3758.65087890625,3835.75146484375
2025-09-12,4028.502685546875,4038.1402517802408,3961.039721913315,4028.502685546875,235383800,3835.7513602120534,3889.44637625558,3825.4712890625,0.024509822182948948,53.703708916091294,21.064605960075824,26.07283600126882,-5.008230041192995,3932.126953125,3652.6376953125,3816.476318359375
2025-09-15,3989.952392578125,4067.0529219033065,3970.67726024683,4047.777789572011,157482000,3850.8961007254466,3884.627598353795,3839.2851318359376,-0.009569384949663196,46.53465495533004,29.196285238627297,26.69752584874052,2.4987593898867786,4028.502685546875,3739.375732421875,3883.939208984375
2025-09-16,3980.31494140625,4018.865207182582,3932.1271091858353,4009.227640738499,167511900,3868.7944684709823,3881.8740234375,3851.813972981771,-0.002415430116359807,47.959193432857894,34.46573830938132,28.25116834086868,6.214569968512642,3989.952392578125,3932.126953125,3855.0263671875
2025-09-17,4067.052978515625,4067.052978515625,3970.677315517624,4009.227580716824,245154800,3912.8519112723216,3888.069597516741,3868.1978352864585,0.021791752257355412,54.36893180005465,45.12072885149564,31.625080442994076,13.495648408501566,3980.31494140625,4028.502685546875,3758.65087890625
2025-09-18,4095.965576171875,4115.240708295037,4057.415311925552,4115.240708295037,332670300,3976.1844656808034,3895.6419677734375,3884.5816975911457,0.007108979845844576,55.23809615717738,55.260877620870815,36.35223987856942,18.908637742301394,4067.052978515625,3989.952392578125,3652.6376953125
2025-09-19,4095.965576171875,4095.965576171875,4028.502613740809,4076.690444048713,211373200,4027.1258719308034,3909.409912109375,3901.9293131510417,0.0,60.41666721641063,62.575685031396915,41.596928909134924,20.97875612226199,4095.965576171875,3980.31494140625,3739.375732421875
2025-09-22,4009.2275390625,4095.965634859525,3961.039708064153,4095.965634859525,157592800,4038.1402413504466,3921.8010602678573,3916.3856608072915,-0.021176456563495094,59.183672414319005,60.674272663039574,45.41239765991586,15.261875003123713,4095.965576171875,4067.052978515625,3932.126953125
2025-09-23,3989.952392578125,4018.865091075068,3961.039694081182,3970.67726024683,110771700,4032.633056640625,3934.192208426339,3930.520760091146,-0.004807695820846836,59.183672414319005,56.955498892346895,47.721017906402075,9.23448098594482,4009.2275390625,4095.965576171875,4028.502685546875
2025-09-24,4018.864990234375,4018.864990234375,3951.402028767611,3989.952292462905,124591600,4036.763427734375,3943.829764229911,3942.085831705729,0.007246351537935958,57.44680507032111,55.69928223099441,49.316670771320545,6.382611459673868,3989.952392578125,4095.965576171875,3989.952392578125
2025-09-25,3922.489501953125,4018.865165391776,3903.2143692653945,4018.865165391776,129656800,4028.5026506696427,3948.6485595703125,3942.728336588542,-0.023980772809098383,53.465358454524555,46.392244103726625,48.73178543780176,-2.339541334075136,4018.864990234375,4009.2275390625,3980.31494140625
2025-09-26,3893.57666015625,3932.126924118193,3855.026396194307,3903.214226146736,146229200,4003.7203194754466,3958.286115373884,3941.443326822917,-0.0073710437676068885,57.44680507032111,36.265281050376416,46.2384845603167,-9.973203509940284,3922.489501953125,3989.952392578125,4067.052978515625
2025-09-29,3835.75146484375,3893.576863811244,3816.4763318545856,3893.576863811244,126611800,3966.546875,3971.3656703404017,3938.8733154296874,-0.014851433619950782,60.67416689769261,23.304935088487582,41.651774665950875,-18.346839577463292,3893.57666015625,4018.864990234375,4095.965576171875
2025-09-30,3758.65087890625,3835.751409755609,3758.65087890625,3835.751409755609,217357100,3918.359061104911,3972.7424665178573,3931.805769856771,-0.020100516585643935,51.13636527196569,6.734760484147955,34.66837182959029,-27.933611345442337,3835.75146484375,3922.489501953125,4095.965576171875
2025-10-01,3671.912841796875,3797.201206477608,3662.275275282973,3720.100674366388,223133600,3870.1712472098216,3954.155744280134,3924.4169759114584,-0.023076907088166565,32.46753118575448,-13.243593069107646,25.085978849850704,-38.32957191895835,3758.65087890625,3893.57666015625,4009.2275390625
2025-10-02,3575.537109375,3652.637640035377,3575.537109375,3623.724941037736,379620000,3810.969063895089,3921.8010602678573,3910.281876627604,-0.026246737483755944,19.48049897207173,-36.433317749110756,12.782119530058413,-49.215437279169166,3671.912841796875,3835.75146484375,3989.952392578125
2025-10-03,3556.261962890625,3614.087360661204,3546.624396595528,3575.537095480818,214737100,3744.8829171316966,3890.823172433036,3895.5042724609375,-0.005390839444467166,19.999979734234756,-55.72432948007099,-0.9191702719674684,-54.805159208103525,3575.537109375,3758.65087890625,4018.864990234375
2025-10-06,3527.34912109375,3604.449648330772,3508.0739892844945,3565.8993847122606,190283900,3688.4342912946427,3858.4684709821427,3881.369173177083,-0.008130121486712327,19.480492563190666,-72.50977243849275,-15.237290705272525,-57.27248173322022,3556.261962890625,3671.912841796875,3922.489501953125
2025-10-07,3575.537109375,3585.174675707547,3536.9868440448117,3556.2619767099054,155933000,3643.000069754464,3823.360194614955,3865.3065673828123,0.013661247193560433,15.068488872401758,-80.99038227307165,-28.387909018832353,-52.60247325423929,3527.34912109375,3575.537109375,3893.57666015625
2025-10-08,3585.174560546875,3604.4496925928256,3536.9867304319973,3594.8121265698505,148263700,3607.203369140625,3786.8751220703125,3850.8502197265625,0.0026953855818208083,12.676049805227564,-85.94296786453742,-39.89892078797337,-46.044047076564055,3575.537109375,3556.261962890625,3835.75146484375
2025-10-09,3720.1005859375,3787.563549931185,3508.074127671632,3556.261959095693,479239500,3601.6961844308034,3760.0276227678573,3842.176407877604,0.03763443679295864,27.058828788689326,-78.08046203905997,-47.53522903819069,-30.545233000869274,3585.174560546875,3527.34912109375,3758.65087890625
2025-10-10,3594.812255859375,3652.637654076952,3556.2619903809905,3652.637654076952,277252300,3590.681815011161,3730.426531110491,3829.0050699869794,-0.03367874797572201,25.842700786749376,-81.02508395366067,-54.23320002128469,-26.79188393237598,3720.1005859375,3575.537109375,3671.912841796875
2025-10-13,3527.34912109375,3575.5369506168886,3527.34912109375,3546.624252903005,181694400,3583.7978166852677,3697.3834402901784,3816.4762288411457,-0.018766803372182617,24.468084819690105,-87.79043570334215,-60.94464715769618,-26.845788545645973,3594.812255859375,3585.174560546875,3575.537109375
2025-10-14,3421.3359375,3556.2618617957746,3421.3359375,3508.074031690141,278639100,3564.5226702008927,3654.702793666295,3802.6623779296874,-0.030054633084030447,19.60785287665537,-100.54735629870947,-68.86518898589884,-31.682167312810634,3527.34912109375,3720.1005859375,3556.261962890625
2025-10-15,3373.148193359375,3459.8862897600447,3324.9603620256694,3440.611157226562,468733500,3542.493966238839,3615.464128766741,3787.884773763021,-0.0140844819161009,20.618564778035278,-113.24029240830714,-77.7402096703805,-35.50008273792665,3421.3359375,3594.812255859375,3527.34912109375
2025-10-16,3402.060791015625,3450.2486209166964,3353.872961114554,3373.1480930749826,227629500,3517.7116350446427,3580.3558523995534,3771.822159830729,0.008571398586391554,23.7113426292875,-119.5879947619569,-86.10976668869579,-33.47822807326112,3373.148193359375,3527.34912109375,3575.537109375
2025-10-17,3373.148193359375,3440.611157226562,3363.510627092634,3402.060892159598,244442400,3487.4221540178573,3547.312761579241,3755.759554036458,-0.008498554091862287,24.468084819690105,-125.50485773227274,-93.98878489741118,-31.51607283486156,3402.060791015625,3421.3359375,3585.174560546875
2025-10-20,3546.624267578125,3594.812097300654,3411.6983443550444,3421.33591029955,391510300,3462.639822823661,3532.1680036272323,3748.692000325521,0.05142853627370059,39.423069194136865,-114.87177456356312,-98.16538283064158,-16.706391732921546,3373.148193359375,3373.148193359375,3720.1005859375
2025-10-21,3623.724853515625,3652.637551814952,3575.537023016747,3642.999985715176,293000200,3466.770193917411,3528.726004464286,3747.728238932292,0.021739146895915606,47.57280789301654,-99.08145725330814,-98.34859771517489,-0.7328595381332548,3546.624267578125,3402.060791015625,3594.812255859375
2025-10-22,3565.8994140625,3681.5502058699326,3546.6242820945945,3652.6375079180734,329470700,3472.2773786272323,3528.03759765625,3741.945694986979,-0.015957458634593746,49.494942774851644,-90.1938481802431,-96.71764780818853,6.523799627945436,3623.724853515625,3373.148193359375,3527.34912109375
2025-10-23,3681.55029296875,3681.55029296875,3565.899498425229,3585.174630849149,225902700,3509.450857979911,3536.9867640904017,3733.5931396484375,0.03243245685791596,55.96330040691852,-72.97706043896414,-91.96953033434366,18.992469895379514,3565.8994140625,3546.624267578125,3421.3359375
2025-10-24,3710.462890625,3768.288286323052,3681.550192775974,3681.550192775974,313903600,3557.638671875,3550.06631905692,3722.9918131510417,0.007853375712799426,58.71559760957102,-56.35005871536714,-84.84563601054836,28.49557729518122,3681.55029296875,3623.724853515625,3373.148193359375
2025-10-27,3720.1005859375,3787.563549931185,3614.087356804566,3739.375718507124,332539600,3603.072928292411,3560.3922816685267,3713.9967529296873,0.002597437461738572,57.14285714285714,-41.91222060254495,-76.25895292894768,34.34673232640273,3710.462890625,3565.8994140625,3402.060791015625
2025-10-28,3710.462890625,3720.100456574676,3642.9999289772727,3710.462890625,239026800,3651.2607421875,3569.3414481026784,3705.0016845703126,-0.002590708259054053,56.19047389277249,-30.891710931073703,-67.18550452937288,36.293793598299175,3720.1005859375,3681.55029296875,3373.148193359375
2025-10-29,3749.01318359375,3749.01318359375,3652.637523347124,3691.187787445774,215008600,3680.1734444754466,3571.4066336495534,3694.400358072917,0.010389618251176236,51.57894175464046,-18.830129146162108,-57.514429452730724,38.684300306568616,3710.462890625,3710.462890625,3546.624267578125
2025-10-30,3768.288330078125,3845.388858570772,3729.7380658318016,3758.650764016544,287905300,3700.825369698661,3583.797781808036,3683.477783203125,0.0051413920251670575,60.714277097896826,-7.627965017963561,-47.537136565777296,39.909171547813735,3749.01318359375,3720.1005859375,3623.724853515625
2025-10-31,3835.75146484375,3874.301730822079,3777.926065876256,3787.563632370839,348755700,3739.375662667411,3605.8265206473216,3674.8039794921874,0.01790285903208111,69.04763053613756,6.617262243472396,-36.70625680392735,43.32351904739975,3768.288330078125,3710.462890625,3565.8994140625
2025-11-03,3893.57666015625,3903.214226146736,3864.6639621847926,3903.214226146736,163770500,3769.6651436941966,3639.5580008370534,3670.9489501953126,0.015075323790525008,81.01265903964712,22.31547853028451,-24.90190973708498,47.217388267369486,3835.75146484375,3749.01318359375,3681.55029296875
2025-11-04,3826.11376953125,3903.214298892081,3826.11376953125,3883.939166551873,241154700,3786.186697823661,3671.91268484933,3665.4876627604167,-0.0173267143588981,79.01234490680726,28.97868829453546,-14.125790130760894,43.10447842529635,3893.57666015625,3768.288330078125,3710.462890625
2025-11-05,3835.75146484375,3845.3890313383326,3768.288499381674,3797.201198865421,139859100,3802.708251953125,3702.8905901227677,3659.3838785807293,0.002518925440547104,78.48101834081916,34.63772932228767,-4.373086240151182,39.01081556243885,3826.11376953125,3835.75146484375,3720.1005859375
2025-11-06,3855.0263671875,3864.663933105469,3806.838537597656,3835.7512353515626,130808100,3823.360177176339,3737.31045968192,3657.135107421875,0.005025065497702874,82.0512703928145,40.214318014502624,4.5443946107795785,35.66992340372305,3835.75146484375,3893.57666015625,3710.462890625
2025-11-07,3835.75146484375,3864.664164327497,3835.75146484375,3855.026597832915,87287600,3835.7513602120534,3757.96240234375,3655.2076009114585,-0.004999940469359809,74.19356815727531,42.587558335517315,12.153027355727126,30.43453097979019,3855.0263671875,3826.11376953125,3749.01318359375
2025-11-10,3787.5634765625,3874.301571445611,3787.5634765625,3864.664005347488,148552900,3838.504952566964,3769.6651611328125,3653.6013346354166,-0.012562854690381542,64.40677820556252,40.11755031005259,17.745931946592222,22.37161836346037,3835.75146484375,3835.75146484375,3768.288330078125
2025-11-11,3749.01318359375,3816.476145766388,3720.100485519762,3797.201013717063,179000200,3826.11376953125,3782.74471609933,3653.280078125,-0.010178124593105742,66.66666666666666,34.64994173065679,21.12673390340514,13.523207827251653,3787.5634765625,3855.0263671875,3835.75146484375
2025-11-12,3758.65087890625,3806.8387106871,3749.01331255008,3749.01331255008,111115400,3806.8386579241073,3788.2519008091517,3656.171346028646,0.002570728573235259,58.69565696260529,30.740150683629963,23.049417259450106,7.690733424179857,3749.01318359375,3835.75146484375,3893.57666015625
2025-11-13,3729.738037109375,3768.288301058826,3729.738037109375,3758.6507350714633,99373200,3793.0706961495534,3789.6286969866073,3661.311376953125,-0.007692345665604505,52.17391304347826,25.020171450070848,23.443568097574257,1.5766033524965906,3758.65087890625,3787.5634765625,3826.11376953125
2025-11-14,3758.65087890625,3787.56357797476,3720.1006134815702,3720.1006134815702,100717300,3782.056326729911,3792.3822893415177,3668.0576741536456,0.007751976548809658,54.166666666666664,22.560013601875198,23.266857198434447,-0.7068435965592492,3729.738037109375,3749.01318359375,3835.75146484375
2025-11-17,3797.201171875,3806.838738301079,3739.375773318528,3739.375773318528,140868100,3773.795584542411,3798.577880859375,3677.052742513021,0.010256417584590283,58.82354402086179,23.45068237812484,23.303622234372526,0.1470601437523129,3758.65087890625,3758.65087890625,3855.0263671875
2025-11-18,3826.11376953125,3845.3889018714576,3787.5635048508334,3806.838637191042,205257700,3772.418770926339,3804.0850655691966,3685.4052978515624,0.007614186435630277,58.00000405314894,26.187673598441506,23.880432507186324,2.3072410912551824,3797.201171875,3729.738037109375,3835.75146484375
2025-11-19,3855.0263671875,3855.0263671875,3826.1136694335937,3845.388801269531,107451000,3782.056326729911,3810.2806396484375,3694.400358072917,0.007556648703572755,58.82352356812297,30.340022959035196,25.1723505975561,5.167672361479095,3826.11376953125,3758.65087890625,3787.5634765625
2025-11-20,3845.388916015625,3903.214313248943,3845.388916015625,3874.301614632284,183008400,3795.824288504464,3810.9690290178573,3698.5766357421876,-0.00249997023467996,51.11109860138088,32.47873335651275,26.633627149347433,5.8451062071653155,3855.0263671875,3797.201171875,3749.01318359375
2025-11-21,3816.476318359375,3855.026584201389,3797.201185438368,3835.7514512803823,112666100,3804.0850655691966,3805.4618617466517,3705.965437825521,-0.007518770737553249,40.47620914504433,31.477815098692645,27.60246473921648,3.8753503594761654,3845.388916015625,3826.11376953125,3758.65087890625
2025-11-24,3835.75146484375,3855.026597832915,3797.201198865421,3855.026597832915,262302000,3819.2298409598216,3806.1502685546875,3716.2455159505207,0.005050508604403259,51.35136985551064,31.872516865836133,28.45647516454041,3.416041701295722,3816.476318359375,3855.0263671875,3729.738037109375
2025-11-25,3691.187744140625,3835.75123281454,3691.187744140625,3835.75123281454,396959100,3809.5922502790177,3795.824288504464,3725.240576171875,-0.03768850042243643,35.294094272491876,20.286387916587046,26.822457714949742,-6.536069798362696,3835.75146484375,3845.388916015625,3758.65087890625
2025-11-26,3652.6376953125,3691.187961226088,3643.000128834103,3662.275261790897,288419400,3788.9403250558034,3781.3679547991073,3734.556892903646,-0.010443806032169212,30.188700889016346,7.902534982406451,23.038473168441087,-15.135938186034636,3691.187744140625,3816.476318359375,3797.201171875
2025-11-27,3604.44970703125,3671.912669462316,3585.1745749080883,3662.275103400735,283451800,3757.2740304129466,3764.8464006696427,3741.303190104167,-0.013192654815748828,28.57142857142857,-5.734027321594567,17.28397307043396,-23.018000392028526,3652.6376953125,3835.75146484375,3826.11376953125
2025-11-28,3546.624267578125,3614.087229189666,3546.624267578125,3575.5369654116425,353872800,3713.2165876116073,3747.636457170759,3747.085725911458,-0.01604279270156661,28.070181676127717,-20.96545418484584,9.634087619378,-30.59954180422384,3604.44970703125,3691.187744140625,3855.0263671875
2025-12-01,3536.98681640625,3594.8122139496763,3527.3492501490123,3546.624382663488,299669500,3669.1591448102677,3732.491716657366,3746.7644775390627,-0.0027173589432567535,29.629643529316837,-33.42878524885509,1.021513045731382,-34.450298294586474,3546.624267578125,3652.6376953125,3845.388916015625
2025-12-02,3575.537109375,3594.812242040094,3536.9868440448117,3556.2619767099054,277714300,3634.7392578125,3719.4121616908483,3745.1582194010416,0.01089919046063037,33.33333333333333,-39.73731145535703,-7.130251854486302,-32.60705960087073,3536.98681640625,3604.44970703125,3816.476318359375
2025-12-03,3527.34912109375,3565.8993847122606,3527.34912109375,3556.261818807633,225357100,3590.6817801339284,3704.955810546875,3743.8732096354165,-0.01347713275158069,32.20338910278126,-48.0710981586094,-15.318421115310922,-32.752677043298476,3575.537109375,3546.624267578125,3835.75146484375
2025-12-04,3556.261962890625,3556.261962890625,3517.7116977102387,3527.3492640053355,221121100,3571.406668526786,3690.4994594029017,3739.6969319661457,0.00819676215886167,32.20338910278126,-51.74616192056783,-22.603969276362307,-29.142192644205522,3527.34912109375,3536.98681640625,3691.187744140625
2025-12-05,3517.711669921875,3565.899501016695,3517.711669921875,3565.899501016695,156161100,3552.131522042411,3670.5359235491073,3733.2718912760415,-0.01084011621500891,25.42372371946881,-57.11102257578568,-29.50537993624698,-27.6056426395387,3556.261962890625,3575.537109375,3652.6376953125
2025-12-08,3536.98681640625,3556.261948920725,3527.3492501490123,3546.624382663488,124094700,3542.493966238839,3649.8839983258927,3727.1680989583333,0.0054794560478581555,24.13794157700677,-59.125804593789326,-35.429464867755456,-23.69633972603387,3517.711669921875,3527.34912109375,3604.44970703125
2025-12-09,3546.624267578125,3565.899399467137,3517.711569744608,3565.899399467137,201089800,3542.493966238839,3627.8552769252233,3721.7068115234374,0.002724763102641914,21.428581122007458,-59.26173964724603,-40.195919823653576,-19.065819823592456,3536.98681640625,3556.261962890625,3546.624267578125
2025-12-10,3527.34912109375,3546.624252903005,3517.711555189122,3546.624252903005,172677700,3541.1171526227677,3605.1381487165177,3714.318009440104,-0.005434786723978902,21.052636257095784,-60.2305125323569,-44.20283836539424,-16.027674166962655,3546.624267578125,3517.711669921875,3536.98681640625
2025-12-11,3488.799072265625,3565.8996042493955,3450.24880627374,3546.624471253453,327591200,3528.726004464286,3581.7326311383927,3705.001700846354,-0.01092890085577114,20.68966420886295,-63.378352590658324,-48.037941210447066,-15.340411380211258,3527.34912109375,3536.98681640625,3575.537109375
2025-12-12,3498.4365234375,3508.0740896177685,3450.2486925361573,3508.0740896177685,169747600,3524.595633370536,3557.6387067522323,3693.7578694661456,0.002762397883125045,19.29823625773409,-64.35354909452599,-51.30106278726285,-13.052486307263138,3488.799072265625,3546.624267578125,3527.34912109375
2025-12-15,3643.0,3671.912698412699,3498.436507936508,3517.7116402116403,312694100,3536.9867815290177,3554.1967250279017,3685.405314127604,0.04132230943566029,45.614041325256075,-52.85208897610892,-51.61126802503207,-1.2408209510768486,3498.4365234375,3527.34912109375,3556.261962890625
2025-12-16,3556.261962890625,3671.912758431784,3546.624396595528,3662.275192136687,237949900,3542.493966238839,3547.312744140625,3676.41025390625,-0.02380950785324598,41.93547728090824,-50.157944106004834,-51.32060324122663,1.1626591352217943,3643.0,3488.799072265625,3517.711669921875
2025-12-17,3614.08740234375,3643.0001015625,3546.6244375,3556.26200390625,273544100,3553.5083356584823,3548.001150948661,3669.021451822917,0.016260174322513254,50.79366164392265,-42.862690771559755,-49.629020747293254,6.766329975733498,3556.261962890625,3498.4365234375,3536.98681640625
2025-12-18,3643.0,3681.5502645502647,3614.0873015873017,3614.0873015873017,262527300,3567.276297433036,3554.8851318359375,3661.95390625,0.007999971898161595,58.33334388841672,-34.3521546905522,-46.57364753594504,12.221492845392845,3614.08740234375,3643.0,3546.624267578125
2025-12-19,3633.362548828125,3671.912814598185,3623.72498238561,3662.2752481556695,228583500,3582.421072823661,3561.769112723214,3655.2076090494793,-0.0026454710875308818,58.33334388841672,-28.061677744037297,-42.87125357756349,14.809575833526196,3643.0,3556.261962890625,3527.34912109375
2025-12-22,3623.724853515625,3642.999985715176,3614.0872874158495,3633.362419615401,161680300,3601.6961844308034,3565.211094447545,3649.7463216145834,-0.0026525553624172638,54.385958674743925,-23.582269189855197,-39.013456700021834,15.431187510166637,3633.362548828125,3614.08740234375,3488.799072265625
2025-12-23,3633.362548828125,3643.00011527064,3594.812283058065,3623.72498238561,138427000,3620.9713309151784,3572.7834821428573,3645.8913004557294,0.0026596101255176308,60.37738283977767,-19.035198255640353,-35.01780501114554,15.982606755505188,3623.724853515625,3643.0,3498.4365234375
2025-12-24,3633.362548828125,3652.6376817131545,3614.087415943095,3633.362548828125,121073600,3619.594552176339,3578.2906668526784,3641.715022786458,0.0,58.00001215945915,-15.25575295668932,-31.0653946002543,15.80964164356498,3633.362548828125,3633.362548828125,3643.0
2025-12-29,3643.0,3652.6375661375664,3623.724867724868,3643.0,238061500,3631.9857003348216,3587.23983328683,3638.8237548828124,0.0026524881682901125,63.82979984854569,-11.351994831758475,-27.12271464655514,15.770719814796664,3633.362548828125,3623.724853515625,3556.261962890625
2025-12-30,3660.0,3690.0,3650.0,3690.0,274402200,3638.5446428571427,3596.0264892578125,3635.535392252604,0.004666483667307153,63.64720756912416,-6.8080020577335745,-23.059772128790826,16.25177007105725,3643.0,3633.362548828125,3614.08740234375
2026-01-02,3640.0,3670.0,3620.0,3660.0,191985100,3638.1160714285716,3602.6961844308034,3630.2953531901044,-0.005464480874316946,60.12636678032122,-4.765751285402985,-19.40096796011326,14.635216674710275,3660.0,3633.362548828125,3643.0
2026-01-05,3630.0,3660.0,3590.0,3630.0,230544800,3637.6357073102677,3610.028390066964,3623.7582275390623,-0.0027472527472527375,61.360782067355494,-3.909107503258838,-16.302595868742376,12.393488365483538,3640.0,3643.0,3633.362548828125
2026-01-06,3680.0,3690.0,3630.0,3630.0,175820800,3645.6750139508927,3623.6855991908483,3617.9240152994794,0.01377410468319562,70.63791683158715,0.7952043773752848,-12.883035819518845,13.67824019689413,3630.0,3660.0,3623.724853515625
2026-01-07,3700.0,3710.0,3660.0,3680.0,195024700,3655.194649832589,3638.082990373884,3613.0777180989585,0.005434782608695565,71.28038419980369,6.067298251064585,-9.09296900540216,15.160267256466746,3680.0,3640.0,3633.362548828125
2026-01-08,3710.0,3760.0,3700.0,3710.0,182019700,3666.1428571428573,3642.8687046595983,3609.5285074869794,0.002702702702702675,59.88123734384137,10.926433927019843,-5.089088418917759,16.015522345937605,3700.0,3630.0,3633.362548828125
2026-01-09,3680.0,3740.0,3670.0,3730.0,143474700,3671.4285714285716,3651.7071358816966,3604.3367919921875,-0.008086253369272267,71.91695935059195,12.215768899040995,-1.6281169553260089,13.843885854367004,3710.0,3680.0,3643.0
2026-01-12,3700.0,3740.0,3660.0,3680.0,215159700,3677.1428571428573,3657.84375,3604.6305338541665,0.005434782608695565,67.57170534893939,14.68216218026555,1.633938871792303,13.048223308473247,3680.0,3700.0,3660.0
2026-01-13,3720.0,3730.0,3670.0,3700.0,227620800,3688.5714285714284,3663.34375,3606.875944010417,0.00540540540540535,66.34470478247621,18.042645096549222,4.915680116743687,13.126964979805535,3700.0,3710.0,3640.0
2026-01-14,3720.0,3750.0,3700.0,3740.0,170097000,3701.4285714285716,3669.53213936942,3610.7276204427085,0.0,69.17497263165176,20.46988789310717,8.026521672016383,12.443366221090788,3720.0,3680.0,3630.0
2026-01-15,3820.0,3850.0,3730.0,3730.0,407151300,3721.4285714285716,3683.5517926897323,3619.8401448567706,0.026881720430107503,81.02917644116428,30.11550674632963,12.444318686879033,17.671188059450596,3720.0,3700.0,3680.0
2026-01-19,3840.0,3900.0,3810.0,3850.0,359652500,3741.4285714285716,3698.31161063058,3629.9405843098957,0.005235602094240788,81.63101022716826,38.92486047183047,17.74042704386932,21.18443342796115,3820.0,3720.0,3700.0
2026-01-20,3850.0,3880.0,3820.0,3840.0,170245800,3761.4285714285716,3713.785714285714,3639.089347330729,0.0026041666666667407,82.17667113652006,46.18090842802849,23.428523320701157,22.75238510732733,3840.0,3720.0,3710.0
2026-01-21,3820.0,3850.0,3800.0,3850.0,273678200,3781.4285714285716,3726.4285714285716,3648.844376627604,-0.007792207792207795,74.78991596638656,48.94640573356173,28.532099803273272,20.41430593028846,3850.0,3820.0,3680.0
2026-01-22,3810.0,3850.0,3790.0,3850.0,153742700,3797.1428571428573,3737.1428571428573,3657.302311197917,-0.002617801047120394,71.42857142857143,49.757591306460654,32.77719810391075,16.980393202549905,3820.0,3840.0,3700.0
2026-01-23,3850.0,3850.0,3760.0,3810.0,164603900,3815.714285714286,3752.1428571428573,3668.3785888671873,0.01049868766404205,78.37837837837839,53.01698067204825,36.825154617538246,16.191826054510003,3810.0,3850.0,3720.0
2026-01-26,3850.0,3850.0,3800.0,3840.0,120002700,3834.285714285714,3767.8571428571427,3678.812361653646,0.0,80.55555555555556,54.966451192984096,40.45341393262742,14.513037260356676,3850.0,3820.0,3720.0
2026-01-27,3820.0,3850.0,3780.0,3850.0,157633200,3834.285714285714,3777.8571428571427,3687.9248860677085,-0.007792207792207795,70.58823529411765,53.474253439380846,43.057581833978105,10.41667160540274,3850.0,3810.0,3820.0
2026-01-28,3590.0,3780.0,3540.0,3630.0,726740400,3798.5714285714284,3770.0,3690.013248697917,-0.060209424083769614,39.99999999999999,33.348181086109435,41.11570168440437,-7.7675205982949365,3820.0,3850.0,3840.0
2026-01-29,3780.0,3780.0,3290.0,3550.0,781321200,3788.5714285714284,3775.0,3699.7199462890626,0.052924791086351064,54.794520547945204,32.3565496858414,39.363871284691776,-7.007321598850375,3590.0,3850.0,3850.0
2026-01-30,3810.0,3890.0,3740.0,3780.0,532329000,3787.1428571428573,3784.285714285714,3710.1053955078123,0.007936507936507908,58.9041095890411,33.60405728180422,38.21190848411427,-4.6078512023100515,3780.0,3820.0,3820.0
