Model,RMSE,MAE,MAPE (%)
BiLSTM,56.80648821274462,44.59357296912026,1.1522050566804285
GRU,110.60972866467262,84.89123477303022,2.171314611982658
LightGBM,32.29970185391049,24.968966576442607,0.646311843631057
